ISO-10303-21;
HEADER;
/* Generated by software containing ST-Developer
 * from STEP Tools, Inc. (www.steptools.com) 
 */
/* OPTION: using custom renumber hook */

FILE_DESCRIPTION(
/* description */ ('STEP AP242 Edition 2',
'CAx-IF Rec.Pracs.---Representation and Presentation of Product Manufa
cturing Information (PMI)---4.0---2014-10-13',
'CAx-IF Rec.Pracs.---3D Tessellated Geometry---0.4---2014-09-14','2;1',
'CAx-IF Rec.Pracs.---User Defined Attributes---1.5---2016-08-15'),
/* implementation_level */ '2;1');

FILE_NAME(
/* name */ 'LevelSense - Bottom cover',
/* time_stamp */ '2026-07-29T22:01:06Z',
/* author */ (''),
/* organization */ (''),
/* preprocessor_version */ 'ST-DEVELOPER v20',
/* originating_system */ 'ONSHAPE BY PTC INC, 1.218',
/* authorisation */ '  ');

FILE_SCHEMA (('AP242_MANAGED_MODEL_BASED_3D_ENGINEERING_MIM_LF { 1 0 10303 442 3 1 4 }'));
ENDSEC;

DATA;
#10=SHAPE_REPRESENTATION_RELATIONSHIP('','',#4032,#11);
#11=ADVANCED_BREP_SHAPE_REPRESENTATION('',(#4030),#7204);
#12=B_SPLINE_SURFACE_WITH_KNOTS('',3,1,((#5658,#5659),(#5660,#5661),(#5662,
#5663),(#5664,#5665)),.SURF_OF_LINEAR_EXTRUSION.,.F.,.F.,.F.,(4,4),(2,2),
(0.,1.),(0.,1.),.PIECEWISE_BEZIER_KNOTS.);
#13=B_SPLINE_SURFACE_WITH_KNOTS('',3,1,((#5673,#5674),(#5675,#5676),(#5677,
#5678),(#5679,#5680)),.SURF_OF_LINEAR_EXTRUSION.,.F.,.F.,.F.,(4,4),(2,2),
(0.,1.),(0.,1.),.PIECEWISE_BEZIER_KNOTS.);
#14=B_SPLINE_SURFACE_WITH_KNOTS('',3,1,((#5702,#5703),(#5704,#5705),(#5706,
#5707),(#5708,#5709)),.SURF_OF_LINEAR_EXTRUSION.,.F.,.F.,.F.,(4,4),(2,2),
(0.,1.),(0.,1.),.PIECEWISE_BEZIER_KNOTS.);
#15=B_SPLINE_SURFACE_WITH_KNOTS('',3,1,((#5715,#5716),(#5717,#5718),(#5719,
#5720),(#5721,#5722)),.SURF_OF_LINEAR_EXTRUSION.,.F.,.F.,.F.,(4,4),(2,2),
(0.,1.),(0.,1.),.PIECEWISE_BEZIER_KNOTS.);
#16=B_SPLINE_SURFACE_WITH_KNOTS('',3,1,((#5736,#5737),(#5738,#5739),(#5740,
#5741),(#5742,#5743)),.SURF_OF_LINEAR_EXTRUSION.,.F.,.F.,.F.,(4,4),(2,2),
(0.,1.),(0.,1.),.PIECEWISE_BEZIER_KNOTS.);
#17=B_SPLINE_SURFACE_WITH_KNOTS('',3,1,((#5749,#5750),(#5751,#5752),(#5753,
#5754),(#5755,#5756)),.SURF_OF_LINEAR_EXTRUSION.,.F.,.F.,.F.,(4,4),(2,2),
(0.,1.),(0.,1.),.PIECEWISE_BEZIER_KNOTS.);
#18=B_SPLINE_SURFACE_WITH_KNOTS('',3,1,((#5762,#5763),(#5764,#5765),(#5766,
#5767),(#5768,#5769)),.SURF_OF_LINEAR_EXTRUSION.,.F.,.F.,.F.,(4,4),(2,2),
(0.,1.),(0.,1.),.PIECEWISE_BEZIER_KNOTS.);
#19=B_SPLINE_SURFACE_WITH_KNOTS('',3,1,((#5775,#5776),(#5777,#5778),(#5779,
#5780),(#5781,#5782)),.SURF_OF_LINEAR_EXTRUSION.,.F.,.F.,.F.,(4,4),(2,2),
(0.,1.),(0.,1.),.PIECEWISE_BEZIER_KNOTS.);
#20=B_SPLINE_SURFACE_WITH_KNOTS('',3,1,((#5788,#5789),(#5790,#5791),(#5792,
#5793),(#5794,#5795)),.SURF_OF_LINEAR_EXTRUSION.,.F.,.F.,.F.,(4,4),(2,2),
(0.,1.),(0.,1.),.PIECEWISE_BEZIER_KNOTS.);
#21=B_SPLINE_SURFACE_WITH_KNOTS('',3,1,((#5808,#5809),(#5810,#5811),(#5812,
#5813),(#5814,#5815)),.SURF_OF_LINEAR_EXTRUSION.,.F.,.F.,.F.,(4,4),(2,2),
(0.,1.),(0.,1.),.PIECEWISE_BEZIER_KNOTS.);
#22=B_SPLINE_SURFACE_WITH_KNOTS('',3,1,((#5825,#5826),(#5827,#5828),(#5829,
#5830),(#5831,#5832)),.SURF_OF_LINEAR_EXTRUSION.,.F.,.F.,.F.,(4,4),(2,2),
(0.,1.),(0.,1.),.PIECEWISE_BEZIER_KNOTS.);
#23=B_SPLINE_SURFACE_WITH_KNOTS('',3,1,((#5848,#5849),(#5850,#5851),(#5852,
#5853),(#5854,#5855)),.SURF_OF_LINEAR_EXTRUSION.,.F.,.F.,.F.,(4,4),(2,2),
(0.,1.),(0.,1.),.PIECEWISE_BEZIER_KNOTS.);
#24=B_SPLINE_SURFACE_WITH_KNOTS('',3,1,((#5862,#5863),(#5864,#5865),(#5866,
#5867),(#5868,#5869)),.SURF_OF_LINEAR_EXTRUSION.,.F.,.F.,.F.,(4,4),(2,2),
(0.,1.),(0.,1.),.PIECEWISE_BEZIER_KNOTS.);
#25=B_SPLINE_SURFACE_WITH_KNOTS('',3,1,((#5897,#5898),(#5899,#5900),(#5901,
#5902),(#5903,#5904)),.SURF_OF_LINEAR_EXTRUSION.,.F.,.F.,.F.,(4,4),(2,2),
(0.,1.),(0.,1.),.PIECEWISE_BEZIER_KNOTS.);
#26=B_SPLINE_SURFACE_WITH_KNOTS('',3,1,((#5942,#5943),(#5944,#5945),(#5946,
#5947),(#5948,#5949)),.SURF_OF_LINEAR_EXTRUSION.,.F.,.F.,.F.,(4,4),(2,2),
(0.,1.),(0.,1.),.PIECEWISE_BEZIER_KNOTS.);
#27=B_SPLINE_SURFACE_WITH_KNOTS('',3,1,((#5957,#5958),(#5959,#5960),(#5961,
#5962),(#5963,#5964)),.SURF_OF_LINEAR_EXTRUSION.,.F.,.F.,.F.,(4,4),(2,2),
(0.,1.),(0.,1.),.PIECEWISE_BEZIER_KNOTS.);
#28=B_SPLINE_SURFACE_WITH_KNOTS('',3,1,((#5974,#5975),(#5976,#5977),(#5978,
#5979),(#5980,#5981)),.SURF_OF_LINEAR_EXTRUSION.,.F.,.F.,.F.,(4,4),(2,2),
(0.,1.),(0.,1.),.PIECEWISE_BEZIER_KNOTS.);
#29=B_SPLINE_SURFACE_WITH_KNOTS('',3,1,((#5987,#5988),(#5989,#5990),(#5991,
#5992),(#5993,#5994)),.SURF_OF_LINEAR_EXTRUSION.,.F.,.F.,.F.,(4,4),(2,2),
(0.,1.),(0.,1.),.PIECEWISE_BEZIER_KNOTS.);
#30=B_SPLINE_SURFACE_WITH_KNOTS('',3,1,((#6000,#6001),(#6002,#6003),(#6004,
#6005),(#6006,#6007)),.SURF_OF_LINEAR_EXTRUSION.,.F.,.F.,.F.,(4,4),(2,2),
(0.,1.),(0.,1.),.PIECEWISE_BEZIER_KNOTS.);
#31=B_SPLINE_SURFACE_WITH_KNOTS('',3,1,((#6013,#6014),(#6015,#6016),(#6017,
#6018),(#6019,#6020)),.SURF_OF_LINEAR_EXTRUSION.,.F.,.F.,.F.,(4,4),(2,2),
(0.,1.),(0.,1.),.PIECEWISE_BEZIER_KNOTS.);
#32=B_SPLINE_SURFACE_WITH_KNOTS('',3,1,((#6042,#6043),(#6044,#6045),(#6046,
#6047),(#6048,#6049)),.SURF_OF_LINEAR_EXTRUSION.,.F.,.F.,.F.,(4,4),(2,2),
(0.,1.),(0.,1.),.PIECEWISE_BEZIER_KNOTS.);
#33=B_SPLINE_SURFACE_WITH_KNOTS('',3,1,((#6055,#6056),(#6057,#6058),(#6059,
#6060),(#6061,#6062)),.SURF_OF_LINEAR_EXTRUSION.,.F.,.F.,.F.,(4,4),(2,2),
(0.,1.),(0.,1.),.PIECEWISE_BEZIER_KNOTS.);
#34=B_SPLINE_SURFACE_WITH_KNOTS('',3,1,((#6068,#6069),(#6070,#6071),(#6072,
#6073),(#6074,#6075)),.SURF_OF_LINEAR_EXTRUSION.,.F.,.F.,.F.,(4,4),(2,2),
(0.,1.),(0.,1.),.PIECEWISE_BEZIER_KNOTS.);
#35=B_SPLINE_SURFACE_WITH_KNOTS('',3,1,((#6085,#6086),(#6087,#6088),(#6089,
#6090),(#6091,#6092)),.SURF_OF_LINEAR_EXTRUSION.,.F.,.F.,.F.,(4,4),(2,2),
(0.,1.),(0.,1.),.PIECEWISE_BEZIER_KNOTS.);
#36=B_SPLINE_SURFACE_WITH_KNOTS('',3,1,((#6102,#6103),(#6104,#6105),(#6106,
#6107),(#6108,#6109)),.SURF_OF_LINEAR_EXTRUSION.,.F.,.F.,.F.,(4,4),(2,2),
(0.,1.),(0.,1.),.PIECEWISE_BEZIER_KNOTS.);
#37=B_SPLINE_SURFACE_WITH_KNOTS('',3,1,((#6119,#6120),(#6121,#6122),(#6123,
#6124),(#6125,#6126)),.SURF_OF_LINEAR_EXTRUSION.,.F.,.F.,.F.,(4,4),(2,2),
(0.,1.),(0.,1.),.PIECEWISE_BEZIER_KNOTS.);
#38=B_SPLINE_SURFACE_WITH_KNOTS('',3,1,((#6148,#6149),(#6150,#6151),(#6152,
#6153),(#6154,#6155)),.SURF_OF_LINEAR_EXTRUSION.,.F.,.F.,.F.,(4,4),(2,2),
(0.,1.),(0.,1.),.PIECEWISE_BEZIER_KNOTS.);
#39=B_SPLINE_SURFACE_WITH_KNOTS('',3,1,((#6161,#6162),(#6163,#6164),(#6165,
#6166),(#6167,#6168)),.SURF_OF_LINEAR_EXTRUSION.,.F.,.F.,.F.,(4,4),(2,2),
(0.,1.),(0.,1.),.PIECEWISE_BEZIER_KNOTS.);
#40=B_SPLINE_SURFACE_WITH_KNOTS('',3,1,((#6183,#6184),(#6185,#6186),(#6187,
#6188),(#6189,#6190)),.SURF_OF_LINEAR_EXTRUSION.,.F.,.F.,.F.,(4,4),(2,2),
(0.,1.),(0.,1.),.PIECEWISE_BEZIER_KNOTS.);
#41=B_SPLINE_SURFACE_WITH_KNOTS('',3,1,((#6196,#6197),(#6198,#6199),(#6200,
#6201),(#6202,#6203)),.SURF_OF_LINEAR_EXTRUSION.,.F.,.F.,.F.,(4,4),(2,2),
(0.,1.),(0.,1.),.PIECEWISE_BEZIER_KNOTS.);
#42=B_SPLINE_SURFACE_WITH_KNOTS('',3,1,((#6241,#6242),(#6243,#6244),(#6245,
#6246),(#6247,#6248)),.SURF_OF_LINEAR_EXTRUSION.,.F.,.F.,.F.,(4,4),(2,2),
(0.,1.),(0.,1.),.PIECEWISE_BEZIER_KNOTS.);
#43=B_SPLINE_SURFACE_WITH_KNOTS('',3,1,((#6254,#6255),(#6256,#6257),(#6258,
#6259),(#6260,#6261)),.SURF_OF_LINEAR_EXTRUSION.,.F.,.F.,.F.,(4,4),(2,2),
(0.,1.),(0.,1.),.PIECEWISE_BEZIER_KNOTS.);
#44=B_SPLINE_SURFACE_WITH_KNOTS('',3,1,((#6267,#6268),(#6269,#6270),(#6271,
#6272),(#6273,#6274)),.SURF_OF_LINEAR_EXTRUSION.,.F.,.F.,.F.,(4,4),(2,2),
(0.,1.),(0.,1.),.PIECEWISE_BEZIER_KNOTS.);
#45=B_SPLINE_SURFACE_WITH_KNOTS('',3,1,((#6280,#6281),(#6282,#6283),(#6284,
#6285),(#6286,#6287)),.SURF_OF_LINEAR_EXTRUSION.,.F.,.F.,.F.,(4,4),(2,2),
(0.,1.),(0.,1.),.PIECEWISE_BEZIER_KNOTS.);
#46=B_SPLINE_SURFACE_WITH_KNOTS('',3,1,((#6296,#6297),(#6298,#6299),(#6300,
#6301),(#6302,#6303)),.SURF_OF_LINEAR_EXTRUSION.,.F.,.F.,.F.,(4,4),(2,2),
(0.,1.),(0.,1.),.PIECEWISE_BEZIER_KNOTS.);
#47=B_SPLINE_SURFACE_WITH_KNOTS('',3,1,((#6311,#6312),(#6313,#6314),(#6315,
#6316),(#6317,#6318)),.SURF_OF_LINEAR_EXTRUSION.,.F.,.F.,.F.,(4,4),(2,2),
(0.,1.),(0.,1.),.PIECEWISE_BEZIER_KNOTS.);
#48=B_SPLINE_SURFACE_WITH_KNOTS('',3,1,((#6340,#6341),(#6342,#6343),(#6344,
#6345),(#6346,#6347)),.SURF_OF_LINEAR_EXTRUSION.,.F.,.F.,.F.,(4,4),(2,2),
(0.,1.),(0.,1.),.PIECEWISE_BEZIER_KNOTS.);
#49=B_SPLINE_SURFACE_WITH_KNOTS('',3,1,((#6353,#6354),(#6355,#6356),(#6357,
#6358),(#6359,#6360)),.SURF_OF_LINEAR_EXTRUSION.,.F.,.F.,.F.,(4,4),(2,2),
(0.,1.),(0.,1.),.PIECEWISE_BEZIER_KNOTS.);
#50=B_SPLINE_SURFACE_WITH_KNOTS('',3,1,((#6374,#6375),(#6376,#6377),(#6378,
#6379),(#6380,#6381)),.SURF_OF_LINEAR_EXTRUSION.,.F.,.F.,.F.,(4,4),(2,2),
(0.,1.),(0.,1.),.PIECEWISE_BEZIER_KNOTS.);
#51=B_SPLINE_SURFACE_WITH_KNOTS('',3,1,((#6387,#6388),(#6389,#6390),(#6391,
#6392),(#6393,#6394)),.SURF_OF_LINEAR_EXTRUSION.,.F.,.F.,.F.,(4,4),(2,2),
(0.,1.),(0.,1.),.PIECEWISE_BEZIER_KNOTS.);
#52=B_SPLINE_SURFACE_WITH_KNOTS('',3,1,((#6400,#6401),(#6402,#6403),(#6404,
#6405),(#6406,#6407)),.SURF_OF_LINEAR_EXTRUSION.,.F.,.F.,.F.,(4,4),(2,2),
(0.,1.),(0.,1.),.PIECEWISE_BEZIER_KNOTS.);
#53=B_SPLINE_SURFACE_WITH_KNOTS('',3,1,((#6413,#6414),(#6415,#6416),(#6417,
#6418),(#6419,#6420)),.SURF_OF_LINEAR_EXTRUSION.,.F.,.F.,.F.,(4,4),(2,2),
(0.,1.),(0.,1.),.PIECEWISE_BEZIER_KNOTS.);
#54=B_SPLINE_SURFACE_WITH_KNOTS('',3,1,((#6426,#6427),(#6428,#6429),(#6430,
#6431),(#6432,#6433)),.SURF_OF_LINEAR_EXTRUSION.,.F.,.F.,.F.,(4,4),(2,2),
(0.,1.),(0.,1.),.PIECEWISE_BEZIER_KNOTS.);
#55=B_SPLINE_SURFACE_WITH_KNOTS('',3,1,((#6446,#6447),(#6448,#6449),(#6450,
#6451),(#6452,#6453)),.SURF_OF_LINEAR_EXTRUSION.,.F.,.F.,.F.,(4,4),(2,2),
(0.,1.),(0.,1.),.PIECEWISE_BEZIER_KNOTS.);
#56=B_SPLINE_SURFACE_WITH_KNOTS('',3,1,((#6463,#6464),(#6465,#6466),(#6467,
#6468),(#6469,#6470)),.SURF_OF_LINEAR_EXTRUSION.,.F.,.F.,.F.,(4,4),(2,2),
(0.,1.),(0.,1.),.PIECEWISE_BEZIER_KNOTS.);
#57=B_SPLINE_SURFACE_WITH_KNOTS('',3,1,((#6486,#6487),(#6488,#6489),(#6490,
#6491),(#6492,#6493)),.SURF_OF_LINEAR_EXTRUSION.,.F.,.F.,.F.,(4,4),(2,2),
(0.,1.),(0.,1.),.PIECEWISE_BEZIER_KNOTS.);
#58=B_SPLINE_SURFACE_WITH_KNOTS('',3,1,((#6500,#6501),(#6502,#6503),(#6504,
#6505),(#6506,#6507)),.SURF_OF_LINEAR_EXTRUSION.,.F.,.F.,.F.,(4,4),(2,2),
(0.,1.),(0.,1.),.PIECEWISE_BEZIER_KNOTS.);
#59=B_SPLINE_SURFACE_WITH_KNOTS('',3,1,((#6513,#6514),(#6515,#6516),(#6517,
#6518),(#6519,#6520)),.SURF_OF_LINEAR_EXTRUSION.,.F.,.F.,.F.,(4,4),(2,2),
(0.,1.),(0.,1.),.PIECEWISE_BEZIER_KNOTS.);
#60=B_SPLINE_SURFACE_WITH_KNOTS('',3,1,((#6528,#6529),(#6530,#6531),(#6532,
#6533),(#6534,#6535)),.SURF_OF_LINEAR_EXTRUSION.,.F.,.F.,.F.,(4,4),(2,2),
(0.,1.),(0.,1.),.PIECEWISE_BEZIER_KNOTS.);
#61=B_SPLINE_SURFACE_WITH_KNOTS('',3,1,((#6557,#6558),(#6559,#6560),(#6561,
#6562),(#6563,#6564)),.SURF_OF_LINEAR_EXTRUSION.,.F.,.F.,.F.,(4,4),(2,2),
(0.,1.),(0.,1.),.PIECEWISE_BEZIER_KNOTS.);
#62=B_SPLINE_SURFACE_WITH_KNOTS('',3,1,((#6570,#6571),(#6572,#6573),(#6574,
#6575),(#6576,#6577)),.SURF_OF_LINEAR_EXTRUSION.,.F.,.F.,.F.,(4,4),(2,2),
(0.,1.),(0.,1.),.PIECEWISE_BEZIER_KNOTS.);
#63=B_SPLINE_SURFACE_WITH_KNOTS('',3,1,((#6591,#6592),(#6593,#6594),(#6595,
#6596),(#6597,#6598)),.SURF_OF_LINEAR_EXTRUSION.,.F.,.F.,.F.,(4,4),(2,2),
(0.,1.),(0.,1.),.PIECEWISE_BEZIER_KNOTS.);
#64=B_SPLINE_SURFACE_WITH_KNOTS('',3,1,((#6604,#6605),(#6606,#6607),(#6608,
#6609),(#6610,#6611)),.SURF_OF_LINEAR_EXTRUSION.,.F.,.F.,.F.,(4,4),(2,2),
(0.,1.),(0.,1.),.PIECEWISE_BEZIER_KNOTS.);
#65=B_SPLINE_SURFACE_WITH_KNOTS('',3,1,((#6617,#6618),(#6619,#6620),(#6621,
#6622),(#6623,#6624)),.SURF_OF_LINEAR_EXTRUSION.,.F.,.F.,.F.,(4,4),(2,2),
(0.,1.),(0.,1.),.PIECEWISE_BEZIER_KNOTS.);
#66=B_SPLINE_SURFACE_WITH_KNOTS('',3,1,((#6630,#6631),(#6632,#6633),(#6634,
#6635),(#6636,#6637)),.SURF_OF_LINEAR_EXTRUSION.,.F.,.F.,.F.,(4,4),(2,2),
(0.,1.),(0.,1.),.PIECEWISE_BEZIER_KNOTS.);
#67=B_SPLINE_SURFACE_WITH_KNOTS('',3,1,((#6643,#6644),(#6645,#6646),(#6647,
#6648),(#6649,#6650)),.SURF_OF_LINEAR_EXTRUSION.,.F.,.F.,.F.,(4,4),(2,2),
(0.,1.),(0.,1.),.PIECEWISE_BEZIER_KNOTS.);
#68=B_SPLINE_SURFACE_WITH_KNOTS('',3,1,((#6663,#6664),(#6665,#6666),(#6667,
#6668),(#6669,#6670)),.SURF_OF_LINEAR_EXTRUSION.,.F.,.F.,.F.,(4,4),(2,2),
(0.,1.),(0.,1.),.PIECEWISE_BEZIER_KNOTS.);
#69=B_SPLINE_SURFACE_WITH_KNOTS('',3,1,((#6680,#6681),(#6682,#6683),(#6684,
#6685),(#6686,#6687)),.SURF_OF_LINEAR_EXTRUSION.,.F.,.F.,.F.,(4,4),(2,2),
(0.,1.),(0.,1.),.PIECEWISE_BEZIER_KNOTS.);
#70=B_SPLINE_SURFACE_WITH_KNOTS('',3,1,((#6703,#6704),(#6705,#6706),(#6707,
#6708),(#6709,#6710)),.SURF_OF_LINEAR_EXTRUSION.,.F.,.F.,.F.,(4,4),(2,2),
(0.,1.),(0.,1.),.PIECEWISE_BEZIER_KNOTS.);
#71=B_SPLINE_SURFACE_WITH_KNOTS('',3,1,((#6717,#6718),(#6719,#6720),(#6721,
#6722),(#6723,#6724)),.SURF_OF_LINEAR_EXTRUSION.,.F.,.F.,.F.,(4,4),(2,2),
(0.,1.),(0.,1.),.PIECEWISE_BEZIER_KNOTS.);
#72=B_SPLINE_SURFACE_WITH_KNOTS('',3,1,((#6730,#6731),(#6732,#6733),(#6734,
#6735),(#6736,#6737)),.SURF_OF_LINEAR_EXTRUSION.,.F.,.F.,.F.,(4,4),(2,2),
(0.,1.),(0.,1.),.PIECEWISE_BEZIER_KNOTS.);
#73=B_SPLINE_SURFACE_WITH_KNOTS('',3,1,((#6745,#6746),(#6747,#6748),(#6749,
#6750),(#6751,#6752)),.SURF_OF_LINEAR_EXTRUSION.,.F.,.F.,.F.,(4,4),(2,2),
(0.,1.),(0.,1.),.PIECEWISE_BEZIER_KNOTS.);
#74=B_SPLINE_SURFACE_WITH_KNOTS('',3,1,((#6774,#6775),(#6776,#6777),(#6778,
#6779),(#6780,#6781)),.SURF_OF_LINEAR_EXTRUSION.,.F.,.F.,.F.,(4,4),(2,2),
(0.,1.),(0.,1.),.PIECEWISE_BEZIER_KNOTS.);
#75=B_SPLINE_SURFACE_WITH_KNOTS('',3,1,((#6787,#6788),(#6789,#6790),(#6791,
#6792),(#6793,#6794)),.SURF_OF_LINEAR_EXTRUSION.,.F.,.F.,.F.,(4,4),(2,2),
(0.,1.),(0.,1.),.PIECEWISE_BEZIER_KNOTS.);
#76=B_SPLINE_SURFACE_WITH_KNOTS('',3,1,((#6808,#6809),(#6810,#6811),(#6812,
#6813),(#6814,#6815)),.SURF_OF_LINEAR_EXTRUSION.,.F.,.F.,.F.,(4,4),(2,2),
(0.,1.),(0.,1.),.PIECEWISE_BEZIER_KNOTS.);
#77=B_SPLINE_SURFACE_WITH_KNOTS('',3,1,((#6821,#6822),(#6823,#6824),(#6825,
#6826),(#6827,#6828)),.SURF_OF_LINEAR_EXTRUSION.,.F.,.F.,.F.,(4,4),(2,2),
(0.,1.),(0.,1.),.PIECEWISE_BEZIER_KNOTS.);
#78=B_SPLINE_SURFACE_WITH_KNOTS('',3,1,((#6834,#6835),(#6836,#6837),(#6838,
#6839),(#6840,#6841)),.SURF_OF_LINEAR_EXTRUSION.,.F.,.F.,.F.,(4,4),(2,2),
(0.,1.),(0.,1.),.PIECEWISE_BEZIER_KNOTS.);
#79=B_SPLINE_SURFACE_WITH_KNOTS('',3,1,((#6847,#6848),(#6849,#6850),(#6851,
#6852),(#6853,#6854)),.SURF_OF_LINEAR_EXTRUSION.,.F.,.F.,.F.,(4,4),(2,2),
(0.,1.),(0.,1.),.PIECEWISE_BEZIER_KNOTS.);
#80=B_SPLINE_SURFACE_WITH_KNOTS('',3,1,((#6860,#6861),(#6862,#6863),(#6864,
#6865),(#6866,#6867)),.SURF_OF_LINEAR_EXTRUSION.,.F.,.F.,.F.,(4,4),(2,2),
(0.,1.),(0.,1.),.PIECEWISE_BEZIER_KNOTS.);
#81=B_SPLINE_SURFACE_WITH_KNOTS('',3,1,((#6880,#6881),(#6882,#6883),(#6884,
#6885),(#6886,#6887)),.SURF_OF_LINEAR_EXTRUSION.,.F.,.F.,.F.,(4,4),(2,2),
(0.,1.),(0.,1.),.PIECEWISE_BEZIER_KNOTS.);
#82=B_SPLINE_SURFACE_WITH_KNOTS('',3,1,((#6897,#6898),(#6899,#6900),(#6901,
#6902),(#6903,#6904)),.SURF_OF_LINEAR_EXTRUSION.,.F.,.F.,.F.,(4,4),(2,2),
(0.,1.),(0.,1.),.PIECEWISE_BEZIER_KNOTS.);
#83=B_SPLINE_SURFACE_WITH_KNOTS('',3,1,((#6920,#6921),(#6922,#6923),(#6924,
#6925),(#6926,#6927)),.SURF_OF_LINEAR_EXTRUSION.,.F.,.F.,.F.,(4,4),(2,2),
(0.,1.),(0.,1.),.PIECEWISE_BEZIER_KNOTS.);
#84=B_SPLINE_SURFACE_WITH_KNOTS('',3,1,((#6934,#6935),(#6936,#6937),(#6938,
#6939),(#6940,#6941)),.SURF_OF_LINEAR_EXTRUSION.,.F.,.F.,.F.,(4,4),(2,2),
(0.,1.),(0.,1.),.PIECEWISE_BEZIER_KNOTS.);
#85=B_SPLINE_SURFACE_WITH_KNOTS('',3,1,((#6947,#6948),(#6949,#6950),(#6951,
#6952),(#6953,#6954)),.SURF_OF_LINEAR_EXTRUSION.,.F.,.F.,.F.,(4,4),(2,2),
(0.,1.),(0.,1.),.PIECEWISE_BEZIER_KNOTS.);
#86=B_SPLINE_SURFACE_WITH_KNOTS('',3,1,((#6962,#6963),(#6964,#6965),(#6966,
#6967),(#6968,#6969)),.SURF_OF_LINEAR_EXTRUSION.,.F.,.F.,.F.,(4,4),(2,2),
(0.,1.),(0.,1.),.PIECEWISE_BEZIER_KNOTS.);
#87=B_SPLINE_SURFACE_WITH_KNOTS('',3,1,((#6979,#6980),(#6981,#6982),(#6983,
#6984),(#6985,#6986)),.SURF_OF_LINEAR_EXTRUSION.,.F.,.F.,.F.,(4,4),(2,2),
(0.,1.),(0.,1.),.PIECEWISE_BEZIER_KNOTS.);
#88=B_SPLINE_SURFACE_WITH_KNOTS('',3,1,((#6992,#6993),(#6994,#6995),(#6996,
#6997),(#6998,#6999)),.SURF_OF_LINEAR_EXTRUSION.,.F.,.F.,.F.,(4,4),(2,2),
(0.,1.),(0.,1.),.PIECEWISE_BEZIER_KNOTS.);
#89=B_SPLINE_SURFACE_WITH_KNOTS('',3,1,((#7005,#7006),(#7007,#7008),(#7009,
#7010),(#7011,#7012)),.SURF_OF_LINEAR_EXTRUSION.,.F.,.F.,.F.,(4,4),(2,2),
(0.,1.),(0.,1.),.PIECEWISE_BEZIER_KNOTS.);
#90=B_SPLINE_SURFACE_WITH_KNOTS('',3,1,((#7018,#7019),(#7020,#7021),(#7022,
#7023),(#7024,#7025)),.SURF_OF_LINEAR_EXTRUSION.,.F.,.F.,.F.,(4,4),(2,2),
(0.,1.),(0.,1.),.PIECEWISE_BEZIER_KNOTS.);
#91=B_SPLINE_SURFACE_WITH_KNOTS('',3,1,((#7047,#7048),(#7049,#7050),(#7051,
#7052),(#7053,#7054)),.SURF_OF_LINEAR_EXTRUSION.,.F.,.F.,.F.,(4,4),(2,2),
(0.,1.),(0.,1.),.PIECEWISE_BEZIER_KNOTS.);
#92=B_SPLINE_SURFACE_WITH_KNOTS('',3,1,((#7060,#7061),(#7062,#7063),(#7064,
#7065),(#7066,#7067)),.SURF_OF_LINEAR_EXTRUSION.,.F.,.F.,.F.,(4,4),(2,2),
(0.,1.),(0.,1.),.PIECEWISE_BEZIER_KNOTS.);
#93=B_SPLINE_SURFACE_WITH_KNOTS('',3,1,((#7073,#7074),(#7075,#7076),(#7077,
#7078),(#7079,#7080)),.SURF_OF_LINEAR_EXTRUSION.,.F.,.F.,.F.,(4,4),(2,2),
(0.,1.),(0.,1.),.PIECEWISE_BEZIER_KNOTS.);
#94=B_SPLINE_SURFACE_WITH_KNOTS('',3,1,((#7090,#7091),(#7092,#7093),(#7094,
#7095),(#7096,#7097)),.SURF_OF_LINEAR_EXTRUSION.,.F.,.F.,.F.,(4,4),(2,2),
(0.,1.),(0.,1.),.PIECEWISE_BEZIER_KNOTS.);
#95=B_SPLINE_SURFACE_WITH_KNOTS('',3,1,((#7107,#7108),(#7109,#7110),(#7111,
#7112),(#7113,#7114)),.SURF_OF_LINEAR_EXTRUSION.,.F.,.F.,.F.,(4,4),(2,2),
(0.,1.),(0.,1.),.PIECEWISE_BEZIER_KNOTS.);
#96=B_SPLINE_SURFACE_WITH_KNOTS('',3,1,((#7124,#7125),(#7126,#7127),(#7128,
#7129),(#7130,#7131)),.SURF_OF_LINEAR_EXTRUSION.,.F.,.F.,.F.,(4,4),(2,2),
(0.,1.),(0.,1.),.PIECEWISE_BEZIER_KNOTS.);
#97=B_SPLINE_SURFACE_WITH_KNOTS('',3,1,((#7153,#7154),(#7155,#7156),(#7157,
#7158),(#7159,#7160)),.SURF_OF_LINEAR_EXTRUSION.,.F.,.F.,.F.,(4,4),(2,2),
(0.,1.),(0.,1.),.PIECEWISE_BEZIER_KNOTS.);
#98=B_SPLINE_SURFACE_WITH_KNOTS('',3,1,((#7166,#7167),(#7168,#7169),(#7170,
#7171),(#7172,#7173)),.SURF_OF_LINEAR_EXTRUSION.,.F.,.F.,.F.,(4,4),(2,2),
(0.,1.),(0.,1.),.PIECEWISE_BEZIER_KNOTS.);
#99=CYLINDRICAL_SURFACE('',#4080,0.362132034355965);
#100=CYLINDRICAL_SURFACE('',#4083,0.362132034355965);
#101=CYLINDRICAL_SURFACE('',#4090,0.362132034355965);
#102=CYLINDRICAL_SURFACE('',#4093,0.362132034355964);
#103=CYLINDRICAL_SURFACE('',#4100,0.522132034355964);
#104=CYLINDRICAL_SURFACE('',#4102,0.522132034355965);
#105=CYLINDRICAL_SURFACE('',#4108,0.522132034355965);
#106=CYLINDRICAL_SURFACE('',#4110,0.522132034355965);
#107=CYLINDRICAL_SURFACE('',#4119,0.123124891681028);
#108=CYLINDRICAL_SURFACE('',#4121,0.123124891681028);
#109=CYLINDRICAL_SURFACE('',#4123,0.123124891681028);
#110=CYLINDRICAL_SURFACE('',#4125,0.123124891681028);
#111=CYLINDRICAL_SURFACE('',#4127,0.223808353032545);
#112=CYLINDRICAL_SURFACE('',#4130,0.29716003175091);
#113=CYLINDRICAL_SURFACE('',#4132,0.2622499769662);
#114=CYLINDRICAL_SURFACE('',#4145,0.362120435484242);
#115=CYLINDRICAL_SURFACE('',#4155,0.0917009875051489);
#116=CYLINDRICAL_SURFACE('',#4157,0.153621262214054);
#117=CYLINDRICAL_SURFACE('',#4159,0.546502980717629);
#118=CYLINDRICAL_SURFACE('',#4162,0.290019282585739);
#119=CYLINDRICAL_SURFACE('',#4164,0.0876441028542899);
#120=CYLINDRICAL_SURFACE('',#4166,0.596450248799408);
#121=CYLINDRICAL_SURFACE('',#4168,0.0250814791474515);
#122=CYLINDRICAL_SURFACE('',#4170,0.244298333683438);
#123=CYLINDRICAL_SURFACE('',#4172,0.331392899631218);
#124=CYLINDRICAL_SURFACE('',#4175,0.246636084199378);
#125=CYLINDRICAL_SURFACE('',#4180,0.149571594548697);
#126=CYLINDRICAL_SURFACE('',#4182,0.100798126614981);
#127=CYLINDRICAL_SURFACE('',#4192,0.223808353032627);
#128=CYLINDRICAL_SURFACE('',#4195,0.297160031750757);
#129=CYLINDRICAL_SURFACE('',#4197,0.262249976966135);
#130=CYLINDRICAL_SURFACE('',#4204,0.22380835303252);
#131=CYLINDRICAL_SURFACE('',#4207,0.297160031750953);
#132=CYLINDRICAL_SURFACE('',#4209,0.262249976966157);
#133=CYLINDRICAL_SURFACE('',#4216,0.22380835303253);
#134=CYLINDRICAL_SURFACE('',#4219,0.297160031750953);
#135=CYLINDRICAL_SURFACE('',#4221,0.262249976966221);
#136=CYLINDRICAL_SURFACE('',#4228,0.0917009875051004);
#137=CYLINDRICAL_SURFACE('',#4230,0.153621262214017);
#138=CYLINDRICAL_SURFACE('',#4232,0.546502980717614);
#139=CYLINDRICAL_SURFACE('',#4235,0.290019282585729);
#140=CYLINDRICAL_SURFACE('',#4237,0.0876441028517488);
#141=CYLINDRICAL_SURFACE('',#4239,0.596450248797531);
#142=CYLINDRICAL_SURFACE('',#4241,0.0250814791474123);
#143=CYLINDRICAL_SURFACE('',#4243,0.244298333683477);
#144=CYLINDRICAL_SURFACE('',#4245,0.331392899631303);
#145=CYLINDRICAL_SURFACE('',#4248,0.246636084199413);
#146=B_SPLINE_CURVE_WITH_KNOTS('',2,(#5061,#5062,#5063),.UNSPECIFIED.,.F.,
 .F.,(3,3),(0.,1.),.PIECEWISE_BEZIER_KNOTS.);
#147=B_SPLINE_CURVE_WITH_KNOTS('',2,(#5066,#5067,#5068),.UNSPECIFIED.,.F.,
 .F.,(3,3),(0.,1.),.PIECEWISE_BEZIER_KNOTS.);
#148=B_SPLINE_CURVE_WITH_KNOTS('',2,(#5070,#5071,#5072),.UNSPECIFIED.,.F.,
 .F.,(3,3),(0.,1.),.PIECEWISE_BEZIER_KNOTS.);
#149=B_SPLINE_CURVE_WITH_KNOTS('',2,(#5074,#5075,#5076),.UNSPECIFIED.,.F.,
 .F.,(3,3),(0.,1.),.PIECEWISE_BEZIER_KNOTS.);
#150=B_SPLINE_CURVE_WITH_KNOTS('',2,(#5078,#5079,#5080),.UNSPECIFIED.,.F.,
 .F.,(3,3),(0.,1.),.PIECEWISE_BEZIER_KNOTS.);
#151=B_SPLINE_CURVE_WITH_KNOTS('',2,(#5082,#5083,#5084),.UNSPECIFIED.,.F.,
 .F.,(3,3),(0.,1.),.PIECEWISE_BEZIER_KNOTS.);
#152=B_SPLINE_CURVE_WITH_KNOTS('',2,(#5086,#5087,#5088),.UNSPECIFIED.,.F.,
 .F.,(3,3),(0.,1.),.PIECEWISE_BEZIER_KNOTS.);
#153=B_SPLINE_CURVE_WITH_KNOTS('',2,(#5094,#5095,#5096),.UNSPECIFIED.,.F.,
 .F.,(3,3),(0.,1.),.PIECEWISE_BEZIER_KNOTS.);
#154=B_SPLINE_CURVE_WITH_KNOTS('',2,(#5098,#5099,#5100),.UNSPECIFIED.,.F.,
 .F.,(3,3),(0.,1.),.PIECEWISE_BEZIER_KNOTS.);
#155=B_SPLINE_CURVE_WITH_KNOTS('',2,(#5122,#5123,#5124),.UNSPECIFIED.,.F.,
 .F.,(3,3),(0.,1.),.PIECEWISE_BEZIER_KNOTS.);
#156=B_SPLINE_CURVE_WITH_KNOTS('',2,(#5139,#5140,#5141),.UNSPECIFIED.,.F.,
 .F.,(3,3),(0.,1.),.PIECEWISE_BEZIER_KNOTS.);
#157=B_SPLINE_CURVE_WITH_KNOTS('',2,(#5144,#5145,#5146),.UNSPECIFIED.,.F.,
 .F.,(3,3),(0.,1.),.PIECEWISE_BEZIER_KNOTS.);
#158=B_SPLINE_CURVE_WITH_KNOTS('',2,(#5148,#5149,#5150),.UNSPECIFIED.,.F.,
 .F.,(3,3),(0.,1.),.PIECEWISE_BEZIER_KNOTS.);
#159=B_SPLINE_CURVE_WITH_KNOTS('',2,(#5152,#5153,#5154),.UNSPECIFIED.,.F.,
 .F.,(3,3),(0.,1.),.PIECEWISE_BEZIER_KNOTS.);
#160=B_SPLINE_CURVE_WITH_KNOTS('',2,(#5164,#5165,#5166),.UNSPECIFIED.,.F.,
 .F.,(3,3),(0.,1.),.PIECEWISE_BEZIER_KNOTS.);
#161=B_SPLINE_CURVE_WITH_KNOTS('',2,(#5170,#5171,#5172),.UNSPECIFIED.,.F.,
 .F.,(3,3),(0.,1.),.PIECEWISE_BEZIER_KNOTS.);
#162=B_SPLINE_CURVE_WITH_KNOTS('',2,(#5176,#5177,#5178),.UNSPECIFIED.,.F.,
 .F.,(3,3),(0.,1.),.PIECEWISE_BEZIER_KNOTS.);
#163=B_SPLINE_CURVE_WITH_KNOTS('',2,(#5182,#5183,#5184),.UNSPECIFIED.,.F.,
 .F.,(3,3),(0.,1.),.PIECEWISE_BEZIER_KNOTS.);
#164=B_SPLINE_CURVE_WITH_KNOTS('',2,(#5186,#5187,#5188),.UNSPECIFIED.,.F.,
 .F.,(3,3),(0.,1.),.PIECEWISE_BEZIER_KNOTS.);
#165=B_SPLINE_CURVE_WITH_KNOTS('',2,(#5190,#5191,#5192),.UNSPECIFIED.,.F.,
 .F.,(3,3),(0.,1.),.PIECEWISE_BEZIER_KNOTS.);
#166=B_SPLINE_CURVE_WITH_KNOTS('',2,(#5202,#5203,#5204),.UNSPECIFIED.,.F.,
 .F.,(3,3),(0.,1.),.PIECEWISE_BEZIER_KNOTS.);
#167=B_SPLINE_CURVE_WITH_KNOTS('',2,(#5206,#5207,#5208),.UNSPECIFIED.,.F.,
 .F.,(3,3),(0.,1.),.PIECEWISE_BEZIER_KNOTS.);
#168=B_SPLINE_CURVE_WITH_KNOTS('',2,(#5210,#5211,#5212),.UNSPECIFIED.,.F.,
 .F.,(3,3),(0.,1.),.PIECEWISE_BEZIER_KNOTS.);
#169=B_SPLINE_CURVE_WITH_KNOTS('',2,(#5214,#5215,#5216),.UNSPECIFIED.,.F.,
 .F.,(3,3),(0.,1.),.PIECEWISE_BEZIER_KNOTS.);
#170=B_SPLINE_CURVE_WITH_KNOTS('',2,(#5226,#5227,#5228),.UNSPECIFIED.,.F.,
 .F.,(3,3),(0.,1.),.PIECEWISE_BEZIER_KNOTS.);
#171=B_SPLINE_CURVE_WITH_KNOTS('',2,(#5230,#5231,#5232),.UNSPECIFIED.,.F.,
 .F.,(3,3),(0.,1.),.PIECEWISE_BEZIER_KNOTS.);
#172=B_SPLINE_CURVE_WITH_KNOTS('',2,(#5234,#5235,#5236),.UNSPECIFIED.,.F.,
 .F.,(3,3),(0.,1.),.PIECEWISE_BEZIER_KNOTS.);
#173=B_SPLINE_CURVE_WITH_KNOTS('',2,(#5238,#5239,#5240),.UNSPECIFIED.,.F.,
 .F.,(3,3),(0.,1.),.PIECEWISE_BEZIER_KNOTS.);
#174=B_SPLINE_CURVE_WITH_KNOTS('',2,(#5258,#5259,#5260),.UNSPECIFIED.,.F.,
 .F.,(3,3),(0.,1.),.PIECEWISE_BEZIER_KNOTS.);
#175=B_SPLINE_CURVE_WITH_KNOTS('',2,(#5262,#5263,#5264),.UNSPECIFIED.,.F.,
 .F.,(3,3),(0.,1.),.PIECEWISE_BEZIER_KNOTS.);
#176=B_SPLINE_CURVE_WITH_KNOTS('',2,(#5265,#5266,#5267),.UNSPECIFIED.,.F.,
 .F.,(3,3),(0.,1.),.PIECEWISE_BEZIER_KNOTS.);
#177=B_SPLINE_CURVE_WITH_KNOTS('',2,(#5270,#5271,#5272),.UNSPECIFIED.,.F.,
 .F.,(3,3),(0.,1.),.PIECEWISE_BEZIER_KNOTS.);
#178=B_SPLINE_CURVE_WITH_KNOTS('',2,(#5274,#5275,#5276),.UNSPECIFIED.,.F.,
 .F.,(3,3),(0.,1.),.PIECEWISE_BEZIER_KNOTS.);
#179=B_SPLINE_CURVE_WITH_KNOTS('',2,(#5278,#5279,#5280),.UNSPECIFIED.,.F.,
 .F.,(3,3),(0.,1.),.PIECEWISE_BEZIER_KNOTS.);
#180=B_SPLINE_CURVE_WITH_KNOTS('',2,(#5282,#5283,#5284),.UNSPECIFIED.,.F.,
 .F.,(3,3),(0.,1.),.PIECEWISE_BEZIER_KNOTS.);
#181=B_SPLINE_CURVE_WITH_KNOTS('',2,(#5286,#5287,#5288),.UNSPECIFIED.,.F.,
 .F.,(3,3),(0.,1.),.PIECEWISE_BEZIER_KNOTS.);
#182=B_SPLINE_CURVE_WITH_KNOTS('',2,(#5290,#5291,#5292),.UNSPECIFIED.,.F.,
 .F.,(3,3),(0.,1.),.PIECEWISE_BEZIER_KNOTS.);
#183=B_SPLINE_CURVE_WITH_KNOTS('',2,(#5298,#5299,#5300),.UNSPECIFIED.,.F.,
 .F.,(3,3),(0.,1.),.PIECEWISE_BEZIER_KNOTS.);
#184=B_SPLINE_CURVE_WITH_KNOTS('',2,(#5302,#5303,#5304),.UNSPECIFIED.,.F.,
 .F.,(3,3),(0.,1.),.PIECEWISE_BEZIER_KNOTS.);
#185=B_SPLINE_CURVE_WITH_KNOTS('',2,(#5313,#5314,#5315),.UNSPECIFIED.,.F.,
 .F.,(3,3),(0.,1.),.PIECEWISE_BEZIER_KNOTS.);
#186=B_SPLINE_CURVE_WITH_KNOTS('',2,(#5318,#5319,#5320),.UNSPECIFIED.,.F.,
 .F.,(3,3),(0.,1.),.PIECEWISE_BEZIER_KNOTS.);
#187=B_SPLINE_CURVE_WITH_KNOTS('',2,(#5322,#5323,#5324),.UNSPECIFIED.,.F.,
 .F.,(3,3),(0.,1.),.PIECEWISE_BEZIER_KNOTS.);
#188=B_SPLINE_CURVE_WITH_KNOTS('',2,(#5326,#5327,#5328),.UNSPECIFIED.,.F.,
 .F.,(3,3),(0.,1.),.PIECEWISE_BEZIER_KNOTS.);
#189=B_SPLINE_CURVE_WITH_KNOTS('',2,(#5330,#5331,#5332),.UNSPECIFIED.,.F.,
 .F.,(3,3),(0.,1.),.PIECEWISE_BEZIER_KNOTS.);
#190=B_SPLINE_CURVE_WITH_KNOTS('',2,(#5334,#5335,#5336),.UNSPECIFIED.,.F.,
 .F.,(3,3),(0.,1.),.PIECEWISE_BEZIER_KNOTS.);
#191=B_SPLINE_CURVE_WITH_KNOTS('',2,(#5338,#5339,#5340),.UNSPECIFIED.,.F.,
 .F.,(3,3),(0.,1.),.PIECEWISE_BEZIER_KNOTS.);
#192=B_SPLINE_CURVE_WITH_KNOTS('',2,(#5346,#5347,#5348),.UNSPECIFIED.,.F.,
 .F.,(3,3),(0.,1.),.PIECEWISE_BEZIER_KNOTS.);
#193=B_SPLINE_CURVE_WITH_KNOTS('',2,(#5350,#5351,#5352),.UNSPECIFIED.,.F.,
 .F.,(3,3),(0.,1.),.PIECEWISE_BEZIER_KNOTS.);
#194=B_SPLINE_CURVE_WITH_KNOTS('',2,(#5361,#5362,#5363),.UNSPECIFIED.,.F.,
 .F.,(3,3),(0.,1.),.PIECEWISE_BEZIER_KNOTS.);
#195=B_SPLINE_CURVE_WITH_KNOTS('',2,(#5366,#5367,#5368),.UNSPECIFIED.,.F.,
 .F.,(3,3),(0.,1.),.PIECEWISE_BEZIER_KNOTS.);
#196=B_SPLINE_CURVE_WITH_KNOTS('',2,(#5370,#5371,#5372),.UNSPECIFIED.,.F.,
 .F.,(3,3),(0.,1.),.PIECEWISE_BEZIER_KNOTS.);
#197=B_SPLINE_CURVE_WITH_KNOTS('',2,(#5374,#5375,#5376),.UNSPECIFIED.,.F.,
 .F.,(3,3),(0.,1.),.PIECEWISE_BEZIER_KNOTS.);
#198=B_SPLINE_CURVE_WITH_KNOTS('',2,(#5378,#5379,#5380),.UNSPECIFIED.,.F.,
 .F.,(3,3),(0.,1.),.PIECEWISE_BEZIER_KNOTS.);
#199=B_SPLINE_CURVE_WITH_KNOTS('',2,(#5382,#5383,#5384),.UNSPECIFIED.,.F.,
 .F.,(3,3),(0.,1.),.PIECEWISE_BEZIER_KNOTS.);
#200=B_SPLINE_CURVE_WITH_KNOTS('',2,(#5386,#5387,#5388),.UNSPECIFIED.,.F.,
 .F.,(3,3),(0.,1.),.PIECEWISE_BEZIER_KNOTS.);
#201=B_SPLINE_CURVE_WITH_KNOTS('',2,(#5394,#5395,#5396),.UNSPECIFIED.,.F.,
 .F.,(3,3),(0.,1.),.PIECEWISE_BEZIER_KNOTS.);
#202=B_SPLINE_CURVE_WITH_KNOTS('',2,(#5398,#5399,#5400),.UNSPECIFIED.,.F.,
 .F.,(3,3),(0.,1.),.PIECEWISE_BEZIER_KNOTS.);
#203=B_SPLINE_CURVE_WITH_KNOTS('',2,(#5409,#5410,#5411),.UNSPECIFIED.,.F.,
 .F.,(3,3),(0.,1.),.PIECEWISE_BEZIER_KNOTS.);
#204=B_SPLINE_CURVE_WITH_KNOTS('',2,(#5414,#5415,#5416),.UNSPECIFIED.,.F.,
 .F.,(3,3),(0.,1.),.PIECEWISE_BEZIER_KNOTS.);
#205=B_SPLINE_CURVE_WITH_KNOTS('',2,(#5418,#5419,#5420),.UNSPECIFIED.,.F.,
 .F.,(3,3),(0.,1.),.PIECEWISE_BEZIER_KNOTS.);
#206=B_SPLINE_CURVE_WITH_KNOTS('',2,(#5422,#5423,#5424),.UNSPECIFIED.,.F.,
 .F.,(3,3),(0.,1.),.PIECEWISE_BEZIER_KNOTS.);
#207=B_SPLINE_CURVE_WITH_KNOTS('',2,(#5434,#5435,#5436),.UNSPECIFIED.,.F.,
 .F.,(3,3),(0.,1.),.PIECEWISE_BEZIER_KNOTS.);
#208=B_SPLINE_CURVE_WITH_KNOTS('',2,(#5440,#5441,#5442),.UNSPECIFIED.,.F.,
 .F.,(3,3),(0.,1.),.PIECEWISE_BEZIER_KNOTS.);
#209=B_SPLINE_CURVE_WITH_KNOTS('',2,(#5446,#5447,#5448),.UNSPECIFIED.,.F.,
 .F.,(3,3),(0.,1.),.PIECEWISE_BEZIER_KNOTS.);
#210=B_SPLINE_CURVE_WITH_KNOTS('',2,(#5452,#5453,#5454),.UNSPECIFIED.,.F.,
 .F.,(3,3),(0.,1.),.PIECEWISE_BEZIER_KNOTS.);
#211=B_SPLINE_CURVE_WITH_KNOTS('',2,(#5456,#5457,#5458),.UNSPECIFIED.,.F.,
 .F.,(3,3),(0.,1.),.PIECEWISE_BEZIER_KNOTS.);
#212=B_SPLINE_CURVE_WITH_KNOTS('',2,(#5460,#5461,#5462),.UNSPECIFIED.,.F.,
 .F.,(3,3),(0.,1.),.PIECEWISE_BEZIER_KNOTS.);
#213=B_SPLINE_CURVE_WITH_KNOTS('',2,(#5472,#5473,#5474),.UNSPECIFIED.,.F.,
 .F.,(3,3),(0.,1.),.PIECEWISE_BEZIER_KNOTS.);
#214=B_SPLINE_CURVE_WITH_KNOTS('',2,(#5476,#5477,#5478),.UNSPECIFIED.,.F.,
 .F.,(3,3),(0.,1.),.PIECEWISE_BEZIER_KNOTS.);
#215=B_SPLINE_CURVE_WITH_KNOTS('',2,(#5480,#5481,#5482),.UNSPECIFIED.,.F.,
 .F.,(3,3),(0.,1.),.PIECEWISE_BEZIER_KNOTS.);
#216=B_SPLINE_CURVE_WITH_KNOTS('',2,(#5484,#5485,#5486),.UNSPECIFIED.,.F.,
 .F.,(3,3),(0.,1.),.PIECEWISE_BEZIER_KNOTS.);
#217=B_SPLINE_CURVE_WITH_KNOTS('',2,(#5668,#5669,#5670),.UNSPECIFIED.,.F.,
 .F.,(3,3),(0.,1.),.PIECEWISE_BEZIER_KNOTS.);
#218=B_SPLINE_CURVE_WITH_KNOTS('',2,(#5683,#5684,#5685),.UNSPECIFIED.,.F.,
 .F.,(3,3),(0.,1.),.PIECEWISE_BEZIER_KNOTS.);
#219=B_SPLINE_CURVE_WITH_KNOTS('',2,(#5712,#5713,#5714),.UNSPECIFIED.,.F.,
 .F.,(3,3),(0.,1.),.PIECEWISE_BEZIER_KNOTS.);
#220=B_SPLINE_CURVE_WITH_KNOTS('',2,(#5725,#5726,#5727),.UNSPECIFIED.,.F.,
 .F.,(3,3),(0.,1.),.PIECEWISE_BEZIER_KNOTS.);
#221=B_SPLINE_CURVE_WITH_KNOTS('',2,(#5746,#5747,#5748),.UNSPECIFIED.,.F.,
 .F.,(3,3),(0.,1.),.PIECEWISE_BEZIER_KNOTS.);
#222=B_SPLINE_CURVE_WITH_KNOTS('',2,(#5759,#5760,#5761),.UNSPECIFIED.,.F.,
 .F.,(3,3),(0.,1.),.PIECEWISE_BEZIER_KNOTS.);
#223=B_SPLINE_CURVE_WITH_KNOTS('',2,(#5772,#5773,#5774),.UNSPECIFIED.,.F.,
 .F.,(3,3),(0.,1.),.PIECEWISE_BEZIER_KNOTS.);
#224=B_SPLINE_CURVE_WITH_KNOTS('',2,(#5785,#5786,#5787),.UNSPECIFIED.,.F.,
 .F.,(3,3),(0.,1.),.PIECEWISE_BEZIER_KNOTS.);
#225=B_SPLINE_CURVE_WITH_KNOTS('',2,(#5796,#5797,#5798),.UNSPECIFIED.,.F.,
 .F.,(3,3),(0.,1.),.PIECEWISE_BEZIER_KNOTS.);
#226=B_SPLINE_CURVE_WITH_KNOTS('',2,(#5803,#5804,#5805),.UNSPECIFIED.,.F.,
 .F.,(3,3),(0.,1.),.PIECEWISE_BEZIER_KNOTS.);
#227=B_SPLINE_CURVE_WITH_KNOTS('',2,(#5816,#5817,#5818),.UNSPECIFIED.,.F.,
 .F.,(3,3),(0.,1.),.PIECEWISE_BEZIER_KNOTS.);
#228=B_SPLINE_CURVE_WITH_KNOTS('',2,(#5822,#5823,#5824),.UNSPECIFIED.,.F.,
 .F.,(3,3),(0.,1.),.PIECEWISE_BEZIER_KNOTS.);
#229=B_SPLINE_CURVE_WITH_KNOTS('',2,(#5833,#5834,#5835),.UNSPECIFIED.,.F.,
 .F.,(3,3),(0.,1.),.PIECEWISE_BEZIER_KNOTS.);
#230=B_SPLINE_CURVE_WITH_KNOTS('',2,(#5839,#5840,#5841),.UNSPECIFIED.,.F.,
 .F.,(3,3),(0.,1.),.PIECEWISE_BEZIER_KNOTS.);
#231=B_SPLINE_CURVE_WITH_KNOTS('',2,(#5856,#5857,#5858),.UNSPECIFIED.,.F.,
 .F.,(3,3),(0.,1.),.PIECEWISE_BEZIER_KNOTS.);
#232=B_SPLINE_CURVE_WITH_KNOTS('',2,(#5859,#5860,#5861),.UNSPECIFIED.,.F.,
 .F.,(3,3),(0.,1.),.PIECEWISE_BEZIER_KNOTS.);
#233=B_SPLINE_CURVE_WITH_KNOTS('',2,(#5870,#5871,#5872),.UNSPECIFIED.,.F.,
 .F.,(3,3),(0.,1.),.PIECEWISE_BEZIER_KNOTS.);
#234=B_SPLINE_CURVE_WITH_KNOTS('',2,(#5907,#5908,#5909),.UNSPECIFIED.,.F.,
 .F.,(3,3),(0.,1.),.PIECEWISE_BEZIER_KNOTS.);
#235=B_SPLINE_CURVE_WITH_KNOTS('',2,(#5952,#5953,#5954),.UNSPECIFIED.,.F.,
 .F.,(3,3),(0.,1.),.PIECEWISE_BEZIER_KNOTS.);
#236=B_SPLINE_CURVE_WITH_KNOTS('',2,(#5967,#5968,#5969),.UNSPECIFIED.,.F.,
 .F.,(3,3),(0.,1.),.PIECEWISE_BEZIER_KNOTS.);
#237=B_SPLINE_CURVE_WITH_KNOTS('',2,(#5984,#5985,#5986),.UNSPECIFIED.,.F.,
 .F.,(3,3),(0.,1.),.PIECEWISE_BEZIER_KNOTS.);
#238=B_SPLINE_CURVE_WITH_KNOTS('',2,(#5997,#5998,#5999),.UNSPECIFIED.,.F.,
 .F.,(3,3),(0.,1.),.PIECEWISE_BEZIER_KNOTS.);
#239=B_SPLINE_CURVE_WITH_KNOTS('',2,(#6010,#6011,#6012),.UNSPECIFIED.,.F.,
 .F.,(3,3),(0.,1.),.PIECEWISE_BEZIER_KNOTS.);
#240=B_SPLINE_CURVE_WITH_KNOTS('',2,(#6023,#6024,#6025),.UNSPECIFIED.,.F.,
 .F.,(3,3),(0.,1.),.PIECEWISE_BEZIER_KNOTS.);
#241=B_SPLINE_CURVE_WITH_KNOTS('',2,(#6052,#6053,#6054),.UNSPECIFIED.,.F.,
 .F.,(3,3),(0.,1.),.PIECEWISE_BEZIER_KNOTS.);
#242=B_SPLINE_CURVE_WITH_KNOTS('',2,(#6065,#6066,#6067),.UNSPECIFIED.,.F.,
 .F.,(3,3),(0.,1.),.PIECEWISE_BEZIER_KNOTS.);
#243=B_SPLINE_CURVE_WITH_KNOTS('',2,(#6078,#6079,#6080),.UNSPECIFIED.,.F.,
 .F.,(3,3),(0.,1.),.PIECEWISE_BEZIER_KNOTS.);
#244=B_SPLINE_CURVE_WITH_KNOTS('',2,(#6095,#6096,#6097),.UNSPECIFIED.,.F.,
 .F.,(3,3),(0.,1.),.PIECEWISE_BEZIER_KNOTS.);
#245=B_SPLINE_CURVE_WITH_KNOTS('',2,(#6112,#6113,#6114),.UNSPECIFIED.,.F.,
 .F.,(3,3),(0.,1.),.PIECEWISE_BEZIER_KNOTS.);
#246=B_SPLINE_CURVE_WITH_KNOTS('',2,(#6129,#6130,#6131),.UNSPECIFIED.,.F.,
 .F.,(3,3),(0.,1.),.PIECEWISE_BEZIER_KNOTS.);
#247=B_SPLINE_CURVE_WITH_KNOTS('',2,(#6158,#6159,#6160),.UNSPECIFIED.,.F.,
 .F.,(3,3),(0.,1.),.PIECEWISE_BEZIER_KNOTS.);
#248=B_SPLINE_CURVE_WITH_KNOTS('',2,(#6169,#6170,#6171),.UNSPECIFIED.,.F.,
 .F.,(3,3),(0.,1.),.PIECEWISE_BEZIER_KNOTS.);
#249=B_SPLINE_CURVE_WITH_KNOTS('',2,(#6193,#6194,#6195),.UNSPECIFIED.,.F.,
 .F.,(3,3),(0.,1.),.PIECEWISE_BEZIER_KNOTS.);
#250=B_SPLINE_CURVE_WITH_KNOTS('',2,(#6206,#6207,#6208),.UNSPECIFIED.,.F.,
 .F.,(3,3),(0.,1.),.PIECEWISE_BEZIER_KNOTS.);
#251=B_SPLINE_CURVE_WITH_KNOTS('',2,(#6251,#6252,#6253),.UNSPECIFIED.,.F.,
 .F.,(3,3),(0.,1.),.PIECEWISE_BEZIER_KNOTS.);
#252=B_SPLINE_CURVE_WITH_KNOTS('',2,(#6264,#6265,#6266),.UNSPECIFIED.,.F.,
 .F.,(3,3),(0.,1.),.PIECEWISE_BEZIER_KNOTS.);
#253=B_SPLINE_CURVE_WITH_KNOTS('',2,(#6277,#6278,#6279),.UNSPECIFIED.,.F.,
 .F.,(3,3),(0.,1.),.PIECEWISE_BEZIER_KNOTS.);
#254=B_SPLINE_CURVE_WITH_KNOTS('',2,(#6290,#6291,#6292),.UNSPECIFIED.,.F.,
 .F.,(3,3),(0.,1.),.PIECEWISE_BEZIER_KNOTS.);
#255=B_SPLINE_CURVE_WITH_KNOTS('',2,(#6306,#6307,#6308),.UNSPECIFIED.,.F.,
 .F.,(3,3),(0.,1.),.PIECEWISE_BEZIER_KNOTS.);
#256=B_SPLINE_CURVE_WITH_KNOTS('',2,(#6321,#6322,#6323),.UNSPECIFIED.,.F.,
 .F.,(3,3),(0.,1.),.PIECEWISE_BEZIER_KNOTS.);
#257=B_SPLINE_CURVE_WITH_KNOTS('',2,(#6350,#6351,#6352),.UNSPECIFIED.,.F.,
 .F.,(3,3),(0.,1.),.PIECEWISE_BEZIER_KNOTS.);
#258=B_SPLINE_CURVE_WITH_KNOTS('',2,(#6363,#6364,#6365),.UNSPECIFIED.,.F.,
 .F.,(3,3),(0.,1.),.PIECEWISE_BEZIER_KNOTS.);
#259=B_SPLINE_CURVE_WITH_KNOTS('',2,(#6384,#6385,#6386),.UNSPECIFIED.,.F.,
 .F.,(3,3),(0.,1.),.PIECEWISE_BEZIER_KNOTS.);
#260=B_SPLINE_CURVE_WITH_KNOTS('',2,(#6397,#6398,#6399),.UNSPECIFIED.,.F.,
 .F.,(3,3),(0.,1.),.PIECEWISE_BEZIER_KNOTS.);
#261=B_SPLINE_CURVE_WITH_KNOTS('',2,(#6410,#6411,#6412),.UNSPECIFIED.,.F.,
 .F.,(3,3),(0.,1.),.PIECEWISE_BEZIER_KNOTS.);
#262=B_SPLINE_CURVE_WITH_KNOTS('',2,(#6423,#6424,#6425),.UNSPECIFIED.,.F.,
 .F.,(3,3),(0.,1.),.PIECEWISE_BEZIER_KNOTS.);
#263=B_SPLINE_CURVE_WITH_KNOTS('',2,(#6434,#6435,#6436),.UNSPECIFIED.,.F.,
 .F.,(3,3),(0.,1.),.PIECEWISE_BEZIER_KNOTS.);
#264=B_SPLINE_CURVE_WITH_KNOTS('',2,(#6441,#6442,#6443),.UNSPECIFIED.,.F.,
 .F.,(3,3),(0.,1.),.PIECEWISE_BEZIER_KNOTS.);
#265=B_SPLINE_CURVE_WITH_KNOTS('',2,(#6454,#6455,#6456),.UNSPECIFIED.,.F.,
 .F.,(3,3),(0.,1.),.PIECEWISE_BEZIER_KNOTS.);
#266=B_SPLINE_CURVE_WITH_KNOTS('',2,(#6460,#6461,#6462),.UNSPECIFIED.,.F.,
 .F.,(3,3),(0.,1.),.PIECEWISE_BEZIER_KNOTS.);
#267=B_SPLINE_CURVE_WITH_KNOTS('',2,(#6471,#6472,#6473),.UNSPECIFIED.,.F.,
 .F.,(3,3),(0.,1.),.PIECEWISE_BEZIER_KNOTS.);
#268=B_SPLINE_CURVE_WITH_KNOTS('',2,(#6477,#6478,#6479),.UNSPECIFIED.,.F.,
 .F.,(3,3),(0.,1.),.PIECEWISE_BEZIER_KNOTS.);
#269=B_SPLINE_CURVE_WITH_KNOTS('',2,(#6494,#6495,#6496),.UNSPECIFIED.,.F.,
 .F.,(3,3),(0.,1.),.PIECEWISE_BEZIER_KNOTS.);
#270=B_SPLINE_CURVE_WITH_KNOTS('',2,(#6497,#6498,#6499),.UNSPECIFIED.,.F.,
 .F.,(3,3),(0.,1.),.PIECEWISE_BEZIER_KNOTS.);
#271=B_SPLINE_CURVE_WITH_KNOTS('',2,(#6508,#6509,#6510),.UNSPECIFIED.,.F.,
 .F.,(3,3),(0.,1.),.PIECEWISE_BEZIER_KNOTS.);
#272=B_SPLINE_CURVE_WITH_KNOTS('',2,(#6523,#6524,#6525),.UNSPECIFIED.,.F.,
 .F.,(3,3),(0.,1.),.PIECEWISE_BEZIER_KNOTS.);
#273=B_SPLINE_CURVE_WITH_KNOTS('',2,(#6538,#6539,#6540),.UNSPECIFIED.,.F.,
 .F.,(3,3),(0.,1.),.PIECEWISE_BEZIER_KNOTS.);
#274=B_SPLINE_CURVE_WITH_KNOTS('',2,(#6567,#6568,#6569),.UNSPECIFIED.,.F.,
 .F.,(3,3),(0.,1.),.PIECEWISE_BEZIER_KNOTS.);
#275=B_SPLINE_CURVE_WITH_KNOTS('',2,(#6580,#6581,#6582),.UNSPECIFIED.,.F.,
 .F.,(3,3),(0.,1.),.PIECEWISE_BEZIER_KNOTS.);
#276=B_SPLINE_CURVE_WITH_KNOTS('',2,(#6601,#6602,#6603),.UNSPECIFIED.,.F.,
 .F.,(3,3),(0.,1.),.PIECEWISE_BEZIER_KNOTS.);
#277=B_SPLINE_CURVE_WITH_KNOTS('',2,(#6614,#6615,#6616),.UNSPECIFIED.,.F.,
 .F.,(3,3),(0.,1.),.PIECEWISE_BEZIER_KNOTS.);
#278=B_SPLINE_CURVE_WITH_KNOTS('',2,(#6627,#6628,#6629),.UNSPECIFIED.,.F.,
 .F.,(3,3),(0.,1.),.PIECEWISE_BEZIER_KNOTS.);
#279=B_SPLINE_CURVE_WITH_KNOTS('',2,(#6640,#6641,#6642),.UNSPECIFIED.,.F.,
 .F.,(3,3),(0.,1.),.PIECEWISE_BEZIER_KNOTS.);
#280=B_SPLINE_CURVE_WITH_KNOTS('',2,(#6651,#6652,#6653),.UNSPECIFIED.,.F.,
 .F.,(3,3),(0.,1.),.PIECEWISE_BEZIER_KNOTS.);
#281=B_SPLINE_CURVE_WITH_KNOTS('',2,(#6658,#6659,#6660),.UNSPECIFIED.,.F.,
 .F.,(3,3),(0.,1.),.PIECEWISE_BEZIER_KNOTS.);
#282=B_SPLINE_CURVE_WITH_KNOTS('',2,(#6671,#6672,#6673),.UNSPECIFIED.,.F.,
 .F.,(3,3),(0.,1.),.PIECEWISE_BEZIER_KNOTS.);
#283=B_SPLINE_CURVE_WITH_KNOTS('',2,(#6677,#6678,#6679),.UNSPECIFIED.,.F.,
 .F.,(3,3),(0.,1.),.PIECEWISE_BEZIER_KNOTS.);
#284=B_SPLINE_CURVE_WITH_KNOTS('',2,(#6688,#6689,#6690),.UNSPECIFIED.,.F.,
 .F.,(3,3),(0.,1.),.PIECEWISE_BEZIER_KNOTS.);
#285=B_SPLINE_CURVE_WITH_KNOTS('',2,(#6694,#6695,#6696),.UNSPECIFIED.,.F.,
 .F.,(3,3),(0.,1.),.PIECEWISE_BEZIER_KNOTS.);
#286=B_SPLINE_CURVE_WITH_KNOTS('',2,(#6711,#6712,#6713),.UNSPECIFIED.,.F.,
 .F.,(3,3),(0.,1.),.PIECEWISE_BEZIER_KNOTS.);
#287=B_SPLINE_CURVE_WITH_KNOTS('',2,(#6714,#6715,#6716),.UNSPECIFIED.,.F.,
 .F.,(3,3),(0.,1.),.PIECEWISE_BEZIER_KNOTS.);
#288=B_SPLINE_CURVE_WITH_KNOTS('',2,(#6725,#6726,#6727),.UNSPECIFIED.,.F.,
 .F.,(3,3),(0.,1.),.PIECEWISE_BEZIER_KNOTS.);
#289=B_SPLINE_CURVE_WITH_KNOTS('',2,(#6740,#6741,#6742),.UNSPECIFIED.,.F.,
 .F.,(3,3),(0.,1.),.PIECEWISE_BEZIER_KNOTS.);
#290=B_SPLINE_CURVE_WITH_KNOTS('',2,(#6755,#6756,#6757),.UNSPECIFIED.,.F.,
 .F.,(3,3),(0.,1.),.PIECEWISE_BEZIER_KNOTS.);
#291=B_SPLINE_CURVE_WITH_KNOTS('',2,(#6784,#6785,#6786),.UNSPECIFIED.,.F.,
 .F.,(3,3),(0.,1.),.PIECEWISE_BEZIER_KNOTS.);
#292=B_SPLINE_CURVE_WITH_KNOTS('',2,(#6797,#6798,#6799),.UNSPECIFIED.,.F.,
 .F.,(3,3),(0.,1.),.PIECEWISE_BEZIER_KNOTS.);
#293=B_SPLINE_CURVE_WITH_KNOTS('',2,(#6818,#6819,#6820),.UNSPECIFIED.,.F.,
 .F.,(3,3),(0.,1.),.PIECEWISE_BEZIER_KNOTS.);
#294=B_SPLINE_CURVE_WITH_KNOTS('',2,(#6831,#6832,#6833),.UNSPECIFIED.,.F.,
 .F.,(3,3),(0.,1.),.PIECEWISE_BEZIER_KNOTS.);
#295=B_SPLINE_CURVE_WITH_KNOTS('',2,(#6844,#6845,#6846),.UNSPECIFIED.,.F.,
 .F.,(3,3),(0.,1.),.PIECEWISE_BEZIER_KNOTS.);
#296=B_SPLINE_CURVE_WITH_KNOTS('',2,(#6857,#6858,#6859),.UNSPECIFIED.,.F.,
 .F.,(3,3),(0.,1.),.PIECEWISE_BEZIER_KNOTS.);
#297=B_SPLINE_CURVE_WITH_KNOTS('',2,(#6868,#6869,#6870),.UNSPECIFIED.,.F.,
 .F.,(3,3),(0.,1.),.PIECEWISE_BEZIER_KNOTS.);
#298=B_SPLINE_CURVE_WITH_KNOTS('',2,(#6875,#6876,#6877),.UNSPECIFIED.,.F.,
 .F.,(3,3),(0.,1.),.PIECEWISE_BEZIER_KNOTS.);
#299=B_SPLINE_CURVE_WITH_KNOTS('',2,(#6888,#6889,#6890),.UNSPECIFIED.,.F.,
 .F.,(3,3),(0.,1.),.PIECEWISE_BEZIER_KNOTS.);
#300=B_SPLINE_CURVE_WITH_KNOTS('',2,(#6894,#6895,#6896),.UNSPECIFIED.,.F.,
 .F.,(3,3),(0.,1.),.PIECEWISE_BEZIER_KNOTS.);
#301=B_SPLINE_CURVE_WITH_KNOTS('',2,(#6905,#6906,#6907),.UNSPECIFIED.,.F.,
 .F.,(3,3),(0.,1.),.PIECEWISE_BEZIER_KNOTS.);
#302=B_SPLINE_CURVE_WITH_KNOTS('',2,(#6911,#6912,#6913),.UNSPECIFIED.,.F.,
 .F.,(3,3),(0.,1.),.PIECEWISE_BEZIER_KNOTS.);
#303=B_SPLINE_CURVE_WITH_KNOTS('',2,(#6928,#6929,#6930),.UNSPECIFIED.,.F.,
 .F.,(3,3),(0.,1.),.PIECEWISE_BEZIER_KNOTS.);
#304=B_SPLINE_CURVE_WITH_KNOTS('',2,(#6931,#6932,#6933),.UNSPECIFIED.,.F.,
 .F.,(3,3),(0.,1.),.PIECEWISE_BEZIER_KNOTS.);
#305=B_SPLINE_CURVE_WITH_KNOTS('',2,(#6942,#6943,#6944),.UNSPECIFIED.,.F.,
 .F.,(3,3),(0.,1.),.PIECEWISE_BEZIER_KNOTS.);
#306=B_SPLINE_CURVE_WITH_KNOTS('',2,(#6957,#6958,#6959),.UNSPECIFIED.,.F.,
 .F.,(3,3),(0.,1.),.PIECEWISE_BEZIER_KNOTS.);
#307=B_SPLINE_CURVE_WITH_KNOTS('',2,(#6972,#6973,#6974),.UNSPECIFIED.,.F.,
 .F.,(3,3),(0.,1.),.PIECEWISE_BEZIER_KNOTS.);
#308=B_SPLINE_CURVE_WITH_KNOTS('',2,(#6989,#6990,#6991),.UNSPECIFIED.,.F.,
 .F.,(3,3),(0.,1.),.PIECEWISE_BEZIER_KNOTS.);
#309=B_SPLINE_CURVE_WITH_KNOTS('',2,(#7002,#7003,#7004),.UNSPECIFIED.,.F.,
 .F.,(3,3),(0.,1.),.PIECEWISE_BEZIER_KNOTS.);
#310=B_SPLINE_CURVE_WITH_KNOTS('',2,(#7015,#7016,#7017),.UNSPECIFIED.,.F.,
 .F.,(3,3),(0.,1.),.PIECEWISE_BEZIER_KNOTS.);
#311=B_SPLINE_CURVE_WITH_KNOTS('',2,(#7028,#7029,#7030),.UNSPECIFIED.,.F.,
 .F.,(3,3),(0.,1.),.PIECEWISE_BEZIER_KNOTS.);
#312=B_SPLINE_CURVE_WITH_KNOTS('',2,(#7057,#7058,#7059),.UNSPECIFIED.,.F.,
 .F.,(3,3),(0.,1.),.PIECEWISE_BEZIER_KNOTS.);
#313=B_SPLINE_CURVE_WITH_KNOTS('',2,(#7070,#7071,#7072),.UNSPECIFIED.,.F.,
 .F.,(3,3),(0.,1.),.PIECEWISE_BEZIER_KNOTS.);
#314=B_SPLINE_CURVE_WITH_KNOTS('',2,(#7083,#7084,#7085),.UNSPECIFIED.,.F.,
 .F.,(3,3),(0.,1.),.PIECEWISE_BEZIER_KNOTS.);
#315=B_SPLINE_CURVE_WITH_KNOTS('',2,(#7100,#7101,#7102),.UNSPECIFIED.,.F.,
 .F.,(3,3),(0.,1.),.PIECEWISE_BEZIER_KNOTS.);
#316=B_SPLINE_CURVE_WITH_KNOTS('',2,(#7117,#7118,#7119),.UNSPECIFIED.,.F.,
 .F.,(3,3),(0.,1.),.PIECEWISE_BEZIER_KNOTS.);
#317=B_SPLINE_CURVE_WITH_KNOTS('',2,(#7134,#7135,#7136),.UNSPECIFIED.,.F.,
 .F.,(3,3),(0.,1.),.PIECEWISE_BEZIER_KNOTS.);
#318=B_SPLINE_CURVE_WITH_KNOTS('',2,(#7163,#7164,#7165),.UNSPECIFIED.,.F.,
 .F.,(3,3),(0.,1.),.PIECEWISE_BEZIER_KNOTS.);
#319=B_SPLINE_CURVE_WITH_KNOTS('',2,(#7174,#7175,#7176),.UNSPECIFIED.,.F.,
 .F.,(3,3),(0.,1.),.PIECEWISE_BEZIER_KNOTS.);
#320=CIRCLE('',#4035,0.522132034355965);
#321=CIRCLE('',#4036,0.522132034355965);
#322=CIRCLE('',#4037,0.522132034355965);
#323=CIRCLE('',#4038,0.522132034355964);
#324=CIRCLE('',#4039,0.2622499769662);
#325=CIRCLE('',#4040,0.29716003175091);
#326=CIRCLE('',#4041,0.223808353032545);
#327=CIRCLE('',#4042,0.362120435484242);
#328=CIRCLE('',#4043,0.246636084199378);
#329=CIRCLE('',#4044,0.331392899631218);
#330=CIRCLE('',#4045,0.244298333683438);
#331=CIRCLE('',#4046,0.0250814791474515);
#332=CIRCLE('',#4047,0.596450248799408);
#333=CIRCLE('',#4048,0.0876441028542899);
#334=CIRCLE('',#4049,0.290019282585739);
#335=CIRCLE('',#4050,0.546502980717629);
#336=CIRCLE('',#4051,0.153621262214054);
#337=CIRCLE('',#4052,0.0917009875051489);
#338=CIRCLE('',#4053,0.100798126614981);
#339=CIRCLE('',#4054,0.149571594548697);
#340=CIRCLE('',#4055,0.262249976966135);
#341=CIRCLE('',#4056,0.297160031750757);
#342=CIRCLE('',#4057,0.223808353032627);
#343=CIRCLE('',#4058,0.262249976966157);
#344=CIRCLE('',#4059,0.297160031750953);
#345=CIRCLE('',#4060,0.22380835303252);
#346=CIRCLE('',#4061,0.262249976966221);
#347=CIRCLE('',#4062,0.297160031750953);
#348=CIRCLE('',#4063,0.22380835303253);
#349=CIRCLE('',#4064,0.246636084199413);
#350=CIRCLE('',#4065,0.331392899631303);
#351=CIRCLE('',#4066,0.244298333683477);
#352=CIRCLE('',#4067,0.0250814791474123);
#353=CIRCLE('',#4068,0.596450248797531);
#354=CIRCLE('',#4069,0.0876441028517488);
#355=CIRCLE('',#4070,0.290019282585729);
#356=CIRCLE('',#4071,0.546502980717614);
#357=CIRCLE('',#4072,0.153621262214017);
#358=CIRCLE('',#4073,0.0917009875051004);
#359=CIRCLE('',#4075,0.362132034355965);
#360=CIRCLE('',#4076,0.362132034355965);
#361=CIRCLE('',#4077,0.362132034355964);
#362=CIRCLE('',#4078,0.362132034355965);
#363=CIRCLE('',#4081,0.362132034355965);
#364=CIRCLE('',#4084,0.362132034355965);
#365=CIRCLE('',#4086,0.123124891681028);
#366=CIRCLE('',#4087,0.123124891681028);
#367=CIRCLE('',#4088,0.123124891681028);
#368=CIRCLE('',#4089,0.123124891681028);
#369=CIRCLE('',#4091,0.362132034355965);
#370=CIRCLE('',#4094,0.362132034355964);
#371=CIRCLE('',#4096,0.522132034355964);
#372=CIRCLE('',#4097,0.522132034355965);
#373=CIRCLE('',#4098,0.522132034355965);
#374=CIRCLE('',#4099,0.522132034355965);
#375=CIRCLE('',#4104,0.123124891681028);
#376=CIRCLE('',#4105,0.123124891681028);
#377=CIRCLE('',#4106,0.123124891681028);
#378=CIRCLE('',#4107,0.123124891681028);
#379=CIRCLE('',#4117,0.123124891681028);
#380=CIRCLE('',#4118,0.123124891681028);
#381=CIRCLE('',#4128,0.223808353032545);
#382=CIRCLE('',#4131,0.29716003175091);
#383=CIRCLE('',#4133,0.2622499769662);
#384=CIRCLE('',#4146,0.362120435484242);
#385=CIRCLE('',#4156,0.0917009875051489);
#386=CIRCLE('',#4158,0.153621262214054);
#387=CIRCLE('',#4160,0.546502980717629);
#388=CIRCLE('',#4163,0.290019282585739);
#389=CIRCLE('',#4165,0.0876441028542899);
#390=CIRCLE('',#4167,0.596450248799408);
#391=CIRCLE('',#4169,0.0250814791474515);
#392=CIRCLE('',#4171,0.244298333683438);
#393=CIRCLE('',#4173,0.331392899631218);
#394=CIRCLE('',#4176,0.246636084199378);
#395=CIRCLE('',#4181,0.149571594548697);
#396=CIRCLE('',#4183,0.100798126614981);
#397=CIRCLE('',#4193,0.223808353032627);
#398=CIRCLE('',#4196,0.297160031750757);
#399=CIRCLE('',#4198,0.262249976966135);
#400=CIRCLE('',#4205,0.22380835303252);
#401=CIRCLE('',#4208,0.297160031750953);
#402=CIRCLE('',#4210,0.262249976966157);
#403=CIRCLE('',#4217,0.22380835303253);
#404=CIRCLE('',#4220,0.297160031750953);
#405=CIRCLE('',#4222,0.262249976966221);
#406=CIRCLE('',#4229,0.0917009875051004);
#407=CIRCLE('',#4231,0.153621262214017);
#408=CIRCLE('',#4233,0.546502980717614);
#409=CIRCLE('',#4236,0.290019282585729);
#410=CIRCLE('',#4238,0.0876441028517488);
#411=CIRCLE('',#4240,0.596450248797531);
#412=CIRCLE('',#4242,0.0250814791474123);
#413=CIRCLE('',#4244,0.244298333683477);
#414=CIRCLE('',#4246,0.331392899631303);
#415=CIRCLE('',#4249,0.246636084199413);
#416=ORIENTED_EDGE('',*,*,#1610,.T.);
#417=ORIENTED_EDGE('',*,*,#1611,.T.);
#418=ORIENTED_EDGE('',*,*,#1612,.F.);
#419=ORIENTED_EDGE('',*,*,#1613,.T.);
#420=ORIENTED_EDGE('',*,*,#1614,.F.);
#421=ORIENTED_EDGE('',*,*,#1615,.T.);
#422=ORIENTED_EDGE('',*,*,#1616,.T.);
#423=ORIENTED_EDGE('',*,*,#1617,.T.);
#424=ORIENTED_EDGE('',*,*,#1618,.F.);
#425=ORIENTED_EDGE('',*,*,#1619,.T.);
#426=ORIENTED_EDGE('',*,*,#1620,.T.);
#427=ORIENTED_EDGE('',*,*,#1621,.F.);
#428=ORIENTED_EDGE('',*,*,#1622,.T.);
#429=ORIENTED_EDGE('',*,*,#1623,.T.);
#430=ORIENTED_EDGE('',*,*,#1624,.T.);
#431=ORIENTED_EDGE('',*,*,#1625,.T.);
#432=ORIENTED_EDGE('',*,*,#1626,.T.);
#433=ORIENTED_EDGE('',*,*,#1627,.T.);
#434=ORIENTED_EDGE('',*,*,#1628,.T.);
#435=ORIENTED_EDGE('',*,*,#1629,.T.);
#436=ORIENTED_EDGE('',*,*,#1630,.T.);
#437=ORIENTED_EDGE('',*,*,#1631,.T.);
#438=ORIENTED_EDGE('',*,*,#1632,.T.);
#439=ORIENTED_EDGE('',*,*,#1633,.T.);
#440=ORIENTED_EDGE('',*,*,#1634,.T.);
#441=ORIENTED_EDGE('',*,*,#1635,.T.);
#442=ORIENTED_EDGE('',*,*,#1636,.T.);
#443=ORIENTED_EDGE('',*,*,#1637,.T.);
#444=ORIENTED_EDGE('',*,*,#1638,.T.);
#445=ORIENTED_EDGE('',*,*,#1639,.T.);
#446=ORIENTED_EDGE('',*,*,#1640,.T.);
#447=ORIENTED_EDGE('',*,*,#1641,.T.);
#448=ORIENTED_EDGE('',*,*,#1642,.T.);
#449=ORIENTED_EDGE('',*,*,#1643,.T.);
#450=ORIENTED_EDGE('',*,*,#1644,.T.);
#451=ORIENTED_EDGE('',*,*,#1645,.T.);
#452=ORIENTED_EDGE('',*,*,#1646,.T.);
#453=ORIENTED_EDGE('',*,*,#1647,.T.);
#454=ORIENTED_EDGE('',*,*,#1648,.T.);
#455=ORIENTED_EDGE('',*,*,#1649,.T.);
#456=ORIENTED_EDGE('',*,*,#1650,.T.);
#457=ORIENTED_EDGE('',*,*,#1651,.T.);
#458=ORIENTED_EDGE('',*,*,#1652,.T.);
#459=ORIENTED_EDGE('',*,*,#1653,.T.);
#460=ORIENTED_EDGE('',*,*,#1654,.T.);
#461=ORIENTED_EDGE('',*,*,#1655,.T.);
#462=ORIENTED_EDGE('',*,*,#1656,.T.);
#463=ORIENTED_EDGE('',*,*,#1657,.T.);
#464=ORIENTED_EDGE('',*,*,#1658,.T.);
#465=ORIENTED_EDGE('',*,*,#1659,.T.);
#466=ORIENTED_EDGE('',*,*,#1660,.T.);
#467=ORIENTED_EDGE('',*,*,#1661,.T.);
#468=ORIENTED_EDGE('',*,*,#1662,.T.);
#469=ORIENTED_EDGE('',*,*,#1663,.T.);
#470=ORIENTED_EDGE('',*,*,#1664,.T.);
#471=ORIENTED_EDGE('',*,*,#1665,.T.);
#472=ORIENTED_EDGE('',*,*,#1666,.T.);
#473=ORIENTED_EDGE('',*,*,#1667,.T.);
#474=ORIENTED_EDGE('',*,*,#1668,.T.);
#475=ORIENTED_EDGE('',*,*,#1669,.T.);
#476=ORIENTED_EDGE('',*,*,#1670,.T.);
#477=ORIENTED_EDGE('',*,*,#1671,.T.);
#478=ORIENTED_EDGE('',*,*,#1672,.T.);
#479=ORIENTED_EDGE('',*,*,#1673,.T.);
#480=ORIENTED_EDGE('',*,*,#1674,.T.);
#481=ORIENTED_EDGE('',*,*,#1675,.T.);
#482=ORIENTED_EDGE('',*,*,#1676,.T.);
#483=ORIENTED_EDGE('',*,*,#1677,.T.);
#484=ORIENTED_EDGE('',*,*,#1678,.T.);
#485=ORIENTED_EDGE('',*,*,#1679,.T.);
#486=ORIENTED_EDGE('',*,*,#1680,.T.);
#487=ORIENTED_EDGE('',*,*,#1681,.T.);
#488=ORIENTED_EDGE('',*,*,#1682,.T.);
#489=ORIENTED_EDGE('',*,*,#1683,.T.);
#490=ORIENTED_EDGE('',*,*,#1684,.T.);
#491=ORIENTED_EDGE('',*,*,#1685,.T.);
#492=ORIENTED_EDGE('',*,*,#1686,.T.);
#493=ORIENTED_EDGE('',*,*,#1687,.T.);
#494=ORIENTED_EDGE('',*,*,#1688,.T.);
#495=ORIENTED_EDGE('',*,*,#1689,.T.);
#496=ORIENTED_EDGE('',*,*,#1690,.T.);
#497=ORIENTED_EDGE('',*,*,#1691,.T.);
#498=ORIENTED_EDGE('',*,*,#1692,.T.);
#499=ORIENTED_EDGE('',*,*,#1693,.T.);
#500=ORIENTED_EDGE('',*,*,#1694,.T.);
#501=ORIENTED_EDGE('',*,*,#1695,.T.);
#502=ORIENTED_EDGE('',*,*,#1696,.T.);
#503=ORIENTED_EDGE('',*,*,#1697,.T.);
#504=ORIENTED_EDGE('',*,*,#1698,.T.);
#505=ORIENTED_EDGE('',*,*,#1699,.T.);
#506=ORIENTED_EDGE('',*,*,#1700,.T.);
#507=ORIENTED_EDGE('',*,*,#1701,.T.);
#508=ORIENTED_EDGE('',*,*,#1702,.T.);
#509=ORIENTED_EDGE('',*,*,#1703,.T.);
#510=ORIENTED_EDGE('',*,*,#1704,.T.);
#511=ORIENTED_EDGE('',*,*,#1705,.T.);
#512=ORIENTED_EDGE('',*,*,#1706,.T.);
#513=ORIENTED_EDGE('',*,*,#1707,.T.);
#514=ORIENTED_EDGE('',*,*,#1708,.T.);
#515=ORIENTED_EDGE('',*,*,#1709,.T.);
#516=ORIENTED_EDGE('',*,*,#1710,.T.);
#517=ORIENTED_EDGE('',*,*,#1711,.T.);
#518=ORIENTED_EDGE('',*,*,#1712,.T.);
#519=ORIENTED_EDGE('',*,*,#1713,.T.);
#520=ORIENTED_EDGE('',*,*,#1714,.T.);
#521=ORIENTED_EDGE('',*,*,#1715,.T.);
#522=ORIENTED_EDGE('',*,*,#1716,.T.);
#523=ORIENTED_EDGE('',*,*,#1717,.T.);
#524=ORIENTED_EDGE('',*,*,#1718,.T.);
#525=ORIENTED_EDGE('',*,*,#1719,.T.);
#526=ORIENTED_EDGE('',*,*,#1720,.T.);
#527=ORIENTED_EDGE('',*,*,#1721,.T.);
#528=ORIENTED_EDGE('',*,*,#1722,.T.);
#529=ORIENTED_EDGE('',*,*,#1723,.T.);
#530=ORIENTED_EDGE('',*,*,#1724,.T.);
#531=ORIENTED_EDGE('',*,*,#1725,.T.);
#532=ORIENTED_EDGE('',*,*,#1726,.T.);
#533=ORIENTED_EDGE('',*,*,#1727,.T.);
#534=ORIENTED_EDGE('',*,*,#1728,.T.);
#535=ORIENTED_EDGE('',*,*,#1729,.T.);
#536=ORIENTED_EDGE('',*,*,#1730,.T.);
#537=ORIENTED_EDGE('',*,*,#1731,.T.);
#538=ORIENTED_EDGE('',*,*,#1732,.T.);
#539=ORIENTED_EDGE('',*,*,#1733,.T.);
#540=ORIENTED_EDGE('',*,*,#1734,.T.);
#541=ORIENTED_EDGE('',*,*,#1735,.T.);
#542=ORIENTED_EDGE('',*,*,#1736,.T.);
#543=ORIENTED_EDGE('',*,*,#1737,.T.);
#544=ORIENTED_EDGE('',*,*,#1738,.T.);
#545=ORIENTED_EDGE('',*,*,#1739,.T.);
#546=ORIENTED_EDGE('',*,*,#1740,.T.);
#547=ORIENTED_EDGE('',*,*,#1741,.T.);
#548=ORIENTED_EDGE('',*,*,#1742,.T.);
#549=ORIENTED_EDGE('',*,*,#1743,.T.);
#550=ORIENTED_EDGE('',*,*,#1744,.T.);
#551=ORIENTED_EDGE('',*,*,#1745,.T.);
#552=ORIENTED_EDGE('',*,*,#1746,.T.);
#553=ORIENTED_EDGE('',*,*,#1747,.T.);
#554=ORIENTED_EDGE('',*,*,#1748,.T.);
#555=ORIENTED_EDGE('',*,*,#1749,.T.);
#556=ORIENTED_EDGE('',*,*,#1750,.T.);
#557=ORIENTED_EDGE('',*,*,#1751,.T.);
#558=ORIENTED_EDGE('',*,*,#1752,.T.);
#559=ORIENTED_EDGE('',*,*,#1753,.T.);
#560=ORIENTED_EDGE('',*,*,#1754,.T.);
#561=ORIENTED_EDGE('',*,*,#1755,.T.);
#562=ORIENTED_EDGE('',*,*,#1756,.T.);
#563=ORIENTED_EDGE('',*,*,#1757,.T.);
#564=ORIENTED_EDGE('',*,*,#1758,.T.);
#565=ORIENTED_EDGE('',*,*,#1759,.T.);
#566=ORIENTED_EDGE('',*,*,#1760,.T.);
#567=ORIENTED_EDGE('',*,*,#1761,.T.);
#568=ORIENTED_EDGE('',*,*,#1762,.T.);
#569=ORIENTED_EDGE('',*,*,#1763,.T.);
#570=ORIENTED_EDGE('',*,*,#1764,.T.);
#571=ORIENTED_EDGE('',*,*,#1765,.T.);
#572=ORIENTED_EDGE('',*,*,#1766,.T.);
#573=ORIENTED_EDGE('',*,*,#1767,.T.);
#574=ORIENTED_EDGE('',*,*,#1768,.T.);
#575=ORIENTED_EDGE('',*,*,#1769,.T.);
#576=ORIENTED_EDGE('',*,*,#1770,.T.);
#577=ORIENTED_EDGE('',*,*,#1771,.T.);
#578=ORIENTED_EDGE('',*,*,#1772,.T.);
#579=ORIENTED_EDGE('',*,*,#1773,.T.);
#580=ORIENTED_EDGE('',*,*,#1774,.T.);
#581=ORIENTED_EDGE('',*,*,#1775,.T.);
#582=ORIENTED_EDGE('',*,*,#1776,.F.);
#583=ORIENTED_EDGE('',*,*,#1777,.T.);
#584=ORIENTED_EDGE('',*,*,#1778,.F.);
#585=ORIENTED_EDGE('',*,*,#1779,.F.);
#586=ORIENTED_EDGE('',*,*,#1780,.F.);
#587=ORIENTED_EDGE('',*,*,#1781,.F.);
#588=ORIENTED_EDGE('',*,*,#1782,.F.);
#589=ORIENTED_EDGE('',*,*,#1783,.F.);
#590=ORIENTED_EDGE('',*,*,#1784,.T.);
#591=ORIENTED_EDGE('',*,*,#1785,.T.);
#592=ORIENTED_EDGE('',*,*,#1786,.F.);
#593=ORIENTED_EDGE('',*,*,#1787,.F.);
#594=ORIENTED_EDGE('',*,*,#1788,.F.);
#595=ORIENTED_EDGE('',*,*,#1779,.T.);
#596=ORIENTED_EDGE('',*,*,#1789,.T.);
#597=ORIENTED_EDGE('',*,*,#1790,.F.);
#598=ORIENTED_EDGE('',*,*,#1789,.F.);
#599=ORIENTED_EDGE('',*,*,#1778,.T.);
#600=ORIENTED_EDGE('',*,*,#1791,.T.);
#601=ORIENTED_EDGE('',*,*,#1792,.T.);
#602=ORIENTED_EDGE('',*,*,#1793,.T.);
#603=ORIENTED_EDGE('',*,*,#1791,.F.);
#604=ORIENTED_EDGE('',*,*,#1777,.F.);
#605=ORIENTED_EDGE('',*,*,#1794,.F.);
#606=ORIENTED_EDGE('',*,*,#1792,.F.);
#607=ORIENTED_EDGE('',*,*,#1776,.T.);
#608=ORIENTED_EDGE('',*,*,#1795,.T.);
#609=ORIENTED_EDGE('',*,*,#1796,.T.);
#610=ORIENTED_EDGE('',*,*,#1797,.T.);
#611=ORIENTED_EDGE('',*,*,#1771,.F.);
#612=ORIENTED_EDGE('',*,*,#1798,.T.);
#613=ORIENTED_EDGE('',*,*,#1799,.T.);
#614=ORIENTED_EDGE('',*,*,#1795,.F.);
#615=ORIENTED_EDGE('',*,*,#1775,.F.);
#616=ORIENTED_EDGE('',*,*,#1800,.T.);
#617=ORIENTED_EDGE('',*,*,#1801,.F.);
#618=ORIENTED_EDGE('',*,*,#1802,.T.);
#619=ORIENTED_EDGE('',*,*,#1803,.F.);
#620=ORIENTED_EDGE('',*,*,#1804,.T.);
#621=ORIENTED_EDGE('',*,*,#1805,.F.);
#622=ORIENTED_EDGE('',*,*,#1798,.F.);
#623=ORIENTED_EDGE('',*,*,#1782,.T.);
#624=ORIENTED_EDGE('',*,*,#1806,.T.);
#625=ORIENTED_EDGE('',*,*,#1807,.F.);
#626=ORIENTED_EDGE('',*,*,#1806,.F.);
#627=ORIENTED_EDGE('',*,*,#1781,.T.);
#628=ORIENTED_EDGE('',*,*,#1808,.T.);
#629=ORIENTED_EDGE('',*,*,#1809,.F.);
#630=ORIENTED_EDGE('',*,*,#1808,.F.);
#631=ORIENTED_EDGE('',*,*,#1780,.T.);
#632=ORIENTED_EDGE('',*,*,#1788,.T.);
#633=ORIENTED_EDGE('',*,*,#1787,.T.);
#634=ORIENTED_EDGE('',*,*,#1790,.T.);
#635=ORIENTED_EDGE('',*,*,#1793,.F.);
#636=ORIENTED_EDGE('',*,*,#1794,.T.);
#637=ORIENTED_EDGE('',*,*,#1799,.F.);
#638=ORIENTED_EDGE('',*,*,#1805,.T.);
#639=ORIENTED_EDGE('',*,*,#1807,.T.);
#640=ORIENTED_EDGE('',*,*,#1809,.T.);
#641=ORIENTED_EDGE('',*,*,#1810,.F.);
#642=ORIENTED_EDGE('',*,*,#1811,.F.);
#643=ORIENTED_EDGE('',*,*,#1812,.F.);
#644=ORIENTED_EDGE('',*,*,#1813,.T.);
#645=ORIENTED_EDGE('',*,*,#1814,.F.);
#646=ORIENTED_EDGE('',*,*,#1815,.T.);
#647=ORIENTED_EDGE('',*,*,#1816,.F.);
#648=ORIENTED_EDGE('',*,*,#1817,.F.);
#649=ORIENTED_EDGE('',*,*,#1818,.T.);
#650=ORIENTED_EDGE('',*,*,#1810,.T.);
#651=ORIENTED_EDGE('',*,*,#1819,.F.);
#652=ORIENTED_EDGE('',*,*,#1617,.F.);
#653=ORIENTED_EDGE('',*,*,#1820,.T.);
#654=ORIENTED_EDGE('',*,*,#1811,.T.);
#655=ORIENTED_EDGE('',*,*,#1818,.F.);
#656=ORIENTED_EDGE('',*,*,#1616,.F.);
#657=ORIENTED_EDGE('',*,*,#1821,.T.);
#658=ORIENTED_EDGE('',*,*,#1812,.T.);
#659=ORIENTED_EDGE('',*,*,#1820,.F.);
#660=ORIENTED_EDGE('',*,*,#1615,.F.);
#661=ORIENTED_EDGE('',*,*,#1822,.F.);
#662=ORIENTED_EDGE('',*,*,#1823,.F.);
#663=ORIENTED_EDGE('',*,*,#1824,.F.);
#664=ORIENTED_EDGE('',*,*,#1825,.F.);
#665=ORIENTED_EDGE('',*,*,#1826,.T.);
#666=ORIENTED_EDGE('',*,*,#1827,.F.);
#667=ORIENTED_EDGE('',*,*,#1828,.T.);
#668=ORIENTED_EDGE('',*,*,#1829,.F.);
#669=ORIENTED_EDGE('',*,*,#1813,.F.);
#670=ORIENTED_EDGE('',*,*,#1821,.F.);
#671=ORIENTED_EDGE('',*,*,#1614,.T.);
#672=ORIENTED_EDGE('',*,*,#1830,.T.);
#673=ORIENTED_EDGE('',*,*,#1831,.T.);
#674=ORIENTED_EDGE('',*,*,#1814,.T.);
#675=ORIENTED_EDGE('',*,*,#1830,.F.);
#676=ORIENTED_EDGE('',*,*,#1613,.F.);
#677=ORIENTED_EDGE('',*,*,#1815,.F.);
#678=ORIENTED_EDGE('',*,*,#1831,.F.);
#679=ORIENTED_EDGE('',*,*,#1612,.T.);
#680=ORIENTED_EDGE('',*,*,#1832,.T.);
#681=ORIENTED_EDGE('',*,*,#1833,.T.);
#682=ORIENTED_EDGE('',*,*,#1816,.T.);
#683=ORIENTED_EDGE('',*,*,#1832,.F.);
#684=ORIENTED_EDGE('',*,*,#1611,.F.);
#685=ORIENTED_EDGE('',*,*,#1819,.T.);
#686=ORIENTED_EDGE('',*,*,#1817,.T.);
#687=ORIENTED_EDGE('',*,*,#1833,.F.);
#688=ORIENTED_EDGE('',*,*,#1610,.F.);
#689=ORIENTED_EDGE('',*,*,#1783,.T.);
#690=ORIENTED_EDGE('',*,*,#1834,.T.);
#691=ORIENTED_EDGE('',*,*,#1619,.F.);
#692=ORIENTED_EDGE('',*,*,#1835,.F.);
#693=ORIENTED_EDGE('',*,*,#1835,.T.);
#694=ORIENTED_EDGE('',*,*,#1618,.T.);
#695=ORIENTED_EDGE('',*,*,#1836,.F.);
#696=ORIENTED_EDGE('',*,*,#1784,.F.);
#697=ORIENTED_EDGE('',*,*,#1836,.T.);
#698=ORIENTED_EDGE('',*,*,#1621,.T.);
#699=ORIENTED_EDGE('',*,*,#1837,.F.);
#700=ORIENTED_EDGE('',*,*,#1785,.F.);
#701=ORIENTED_EDGE('',*,*,#1786,.T.);
#702=ORIENTED_EDGE('',*,*,#1837,.T.);
#703=ORIENTED_EDGE('',*,*,#1620,.F.);
#704=ORIENTED_EDGE('',*,*,#1834,.F.);
#705=ORIENTED_EDGE('',*,*,#1838,.F.);
#706=ORIENTED_EDGE('',*,*,#1839,.F.);
#707=ORIENTED_EDGE('',*,*,#1840,.F.);
#708=ORIENTED_EDGE('',*,*,#1773,.F.);
#709=ORIENTED_EDGE('',*,*,#1797,.F.);
#710=ORIENTED_EDGE('',*,*,#1841,.F.);
#711=ORIENTED_EDGE('',*,*,#1823,.T.);
#712=ORIENTED_EDGE('',*,*,#1842,.T.);
#713=ORIENTED_EDGE('',*,*,#1838,.T.);
#714=ORIENTED_EDGE('',*,*,#1772,.F.);
#715=ORIENTED_EDGE('',*,*,#1843,.F.);
#716=ORIENTED_EDGE('',*,*,#1824,.T.);
#717=ORIENTED_EDGE('',*,*,#1841,.T.);
#718=ORIENTED_EDGE('',*,*,#1796,.F.);
#719=ORIENTED_EDGE('',*,*,#1844,.F.);
#720=ORIENTED_EDGE('',*,*,#1825,.T.);
#721=ORIENTED_EDGE('',*,*,#1843,.T.);
#722=ORIENTED_EDGE('',*,*,#1804,.F.);
#723=ORIENTED_EDGE('',*,*,#1803,.T.);
#724=ORIENTED_EDGE('',*,*,#1845,.F.);
#725=ORIENTED_EDGE('',*,*,#1826,.F.);
#726=ORIENTED_EDGE('',*,*,#1844,.T.);
#727=ORIENTED_EDGE('',*,*,#1846,.F.);
#728=ORIENTED_EDGE('',*,*,#1827,.T.);
#729=ORIENTED_EDGE('',*,*,#1845,.T.);
#730=ORIENTED_EDGE('',*,*,#1802,.F.);
#731=ORIENTED_EDGE('',*,*,#1801,.T.);
#732=ORIENTED_EDGE('',*,*,#1847,.F.);
#733=ORIENTED_EDGE('',*,*,#1828,.F.);
#734=ORIENTED_EDGE('',*,*,#1846,.T.);
#735=ORIENTED_EDGE('',*,*,#1840,.T.);
#736=ORIENTED_EDGE('',*,*,#1848,.F.);
#737=ORIENTED_EDGE('',*,*,#1829,.T.);
#738=ORIENTED_EDGE('',*,*,#1847,.T.);
#739=ORIENTED_EDGE('',*,*,#1800,.F.);
#740=ORIENTED_EDGE('',*,*,#1774,.F.);
#741=ORIENTED_EDGE('',*,*,#1822,.T.);
#742=ORIENTED_EDGE('',*,*,#1848,.T.);
#743=ORIENTED_EDGE('',*,*,#1839,.T.);
#744=ORIENTED_EDGE('',*,*,#1842,.F.);
#745=ORIENTED_EDGE('',*,*,#1623,.F.);
#746=ORIENTED_EDGE('',*,*,#1849,.F.);
#747=ORIENTED_EDGE('',*,*,#1850,.T.);
#748=ORIENTED_EDGE('',*,*,#1851,.T.);
#749=ORIENTED_EDGE('',*,*,#1622,.F.);
#750=ORIENTED_EDGE('',*,*,#1852,.F.);
#751=ORIENTED_EDGE('',*,*,#1853,.T.);
#752=ORIENTED_EDGE('',*,*,#1849,.T.);
#753=ORIENTED_EDGE('',*,*,#1636,.F.);
#754=ORIENTED_EDGE('',*,*,#1854,.F.);
#755=ORIENTED_EDGE('',*,*,#1855,.T.);
#756=ORIENTED_EDGE('',*,*,#1852,.T.);
#757=ORIENTED_EDGE('',*,*,#1635,.F.);
#758=ORIENTED_EDGE('',*,*,#1856,.F.);
#759=ORIENTED_EDGE('',*,*,#1857,.T.);
#760=ORIENTED_EDGE('',*,*,#1854,.T.);
#761=ORIENTED_EDGE('',*,*,#1634,.F.);
#762=ORIENTED_EDGE('',*,*,#1858,.F.);
#763=ORIENTED_EDGE('',*,*,#1859,.T.);
#764=ORIENTED_EDGE('',*,*,#1856,.T.);
#765=ORIENTED_EDGE('',*,*,#1633,.F.);
#766=ORIENTED_EDGE('',*,*,#1860,.F.);
#767=ORIENTED_EDGE('',*,*,#1861,.T.);
#768=ORIENTED_EDGE('',*,*,#1858,.T.);
#769=ORIENTED_EDGE('',*,*,#1632,.F.);
#770=ORIENTED_EDGE('',*,*,#1862,.F.);
#771=ORIENTED_EDGE('',*,*,#1863,.T.);
#772=ORIENTED_EDGE('',*,*,#1860,.T.);
#773=ORIENTED_EDGE('',*,*,#1631,.F.);
#774=ORIENTED_EDGE('',*,*,#1864,.F.);
#775=ORIENTED_EDGE('',*,*,#1865,.T.);
#776=ORIENTED_EDGE('',*,*,#1862,.T.);
#777=ORIENTED_EDGE('',*,*,#1630,.F.);
#778=ORIENTED_EDGE('',*,*,#1866,.F.);
#779=ORIENTED_EDGE('',*,*,#1867,.T.);
#780=ORIENTED_EDGE('',*,*,#1864,.T.);
#781=ORIENTED_EDGE('',*,*,#1629,.F.);
#782=ORIENTED_EDGE('',*,*,#1868,.F.);
#783=ORIENTED_EDGE('',*,*,#1869,.T.);
#784=ORIENTED_EDGE('',*,*,#1866,.T.);
#785=ORIENTED_EDGE('',*,*,#1628,.F.);
#786=ORIENTED_EDGE('',*,*,#1870,.F.);
#787=ORIENTED_EDGE('',*,*,#1871,.T.);
#788=ORIENTED_EDGE('',*,*,#1868,.T.);
#789=ORIENTED_EDGE('',*,*,#1627,.F.);
#790=ORIENTED_EDGE('',*,*,#1872,.F.);
#791=ORIENTED_EDGE('',*,*,#1873,.T.);
#792=ORIENTED_EDGE('',*,*,#1870,.T.);
#793=ORIENTED_EDGE('',*,*,#1626,.F.);
#794=ORIENTED_EDGE('',*,*,#1874,.F.);
#795=ORIENTED_EDGE('',*,*,#1875,.T.);
#796=ORIENTED_EDGE('',*,*,#1872,.T.);
#797=ORIENTED_EDGE('',*,*,#1625,.F.);
#798=ORIENTED_EDGE('',*,*,#1876,.F.);
#799=ORIENTED_EDGE('',*,*,#1877,.T.);
#800=ORIENTED_EDGE('',*,*,#1874,.T.);
#801=ORIENTED_EDGE('',*,*,#1878,.F.);
#802=ORIENTED_EDGE('',*,*,#1879,.F.);
#803=ORIENTED_EDGE('',*,*,#1880,.T.);
#804=ORIENTED_EDGE('',*,*,#1881,.T.);
#805=ORIENTED_EDGE('',*,*,#1882,.F.);
#806=ORIENTED_EDGE('',*,*,#1883,.F.);
#807=ORIENTED_EDGE('',*,*,#1884,.T.);
#808=ORIENTED_EDGE('',*,*,#1879,.T.);
#809=ORIENTED_EDGE('',*,*,#1885,.F.);
#810=ORIENTED_EDGE('',*,*,#1886,.F.);
#811=ORIENTED_EDGE('',*,*,#1887,.T.);
#812=ORIENTED_EDGE('',*,*,#1883,.T.);
#813=ORIENTED_EDGE('',*,*,#1888,.F.);
#814=ORIENTED_EDGE('',*,*,#1889,.F.);
#815=ORIENTED_EDGE('',*,*,#1890,.T.);
#816=ORIENTED_EDGE('',*,*,#1886,.T.);
#817=ORIENTED_EDGE('',*,*,#1891,.F.);
#818=ORIENTED_EDGE('',*,*,#1881,.F.);
#819=ORIENTED_EDGE('',*,*,#1892,.T.);
#820=ORIENTED_EDGE('',*,*,#1889,.T.);
#821=ORIENTED_EDGE('',*,*,#1624,.F.);
#822=ORIENTED_EDGE('',*,*,#1851,.F.);
#823=ORIENTED_EDGE('',*,*,#1893,.T.);
#824=ORIENTED_EDGE('',*,*,#1876,.T.);
#825=ORIENTED_EDGE('',*,*,#1880,.F.);
#826=ORIENTED_EDGE('',*,*,#1884,.F.);
#827=ORIENTED_EDGE('',*,*,#1887,.F.);
#828=ORIENTED_EDGE('',*,*,#1890,.F.);
#829=ORIENTED_EDGE('',*,*,#1892,.F.);
#830=ORIENTED_EDGE('',*,*,#1850,.F.);
#831=ORIENTED_EDGE('',*,*,#1853,.F.);
#832=ORIENTED_EDGE('',*,*,#1855,.F.);
#833=ORIENTED_EDGE('',*,*,#1857,.F.);
#834=ORIENTED_EDGE('',*,*,#1859,.F.);
#835=ORIENTED_EDGE('',*,*,#1861,.F.);
#836=ORIENTED_EDGE('',*,*,#1863,.F.);
#837=ORIENTED_EDGE('',*,*,#1865,.F.);
#838=ORIENTED_EDGE('',*,*,#1867,.F.);
#839=ORIENTED_EDGE('',*,*,#1869,.F.);
#840=ORIENTED_EDGE('',*,*,#1871,.F.);
#841=ORIENTED_EDGE('',*,*,#1873,.F.);
#842=ORIENTED_EDGE('',*,*,#1875,.F.);
#843=ORIENTED_EDGE('',*,*,#1877,.F.);
#844=ORIENTED_EDGE('',*,*,#1893,.F.);
#845=ORIENTED_EDGE('',*,*,#1882,.T.);
#846=ORIENTED_EDGE('',*,*,#1878,.T.);
#847=ORIENTED_EDGE('',*,*,#1891,.T.);
#848=ORIENTED_EDGE('',*,*,#1888,.T.);
#849=ORIENTED_EDGE('',*,*,#1885,.T.);
#850=ORIENTED_EDGE('',*,*,#1638,.F.);
#851=ORIENTED_EDGE('',*,*,#1894,.F.);
#852=ORIENTED_EDGE('',*,*,#1895,.T.);
#853=ORIENTED_EDGE('',*,*,#1896,.T.);
#854=ORIENTED_EDGE('',*,*,#1637,.F.);
#855=ORIENTED_EDGE('',*,*,#1897,.F.);
#856=ORIENTED_EDGE('',*,*,#1898,.T.);
#857=ORIENTED_EDGE('',*,*,#1894,.T.);
#858=ORIENTED_EDGE('',*,*,#1646,.F.);
#859=ORIENTED_EDGE('',*,*,#1899,.F.);
#860=ORIENTED_EDGE('',*,*,#1900,.T.);
#861=ORIENTED_EDGE('',*,*,#1897,.T.);
#862=ORIENTED_EDGE('',*,*,#1645,.F.);
#863=ORIENTED_EDGE('',*,*,#1901,.F.);
#864=ORIENTED_EDGE('',*,*,#1902,.T.);
#865=ORIENTED_EDGE('',*,*,#1899,.T.);
#866=ORIENTED_EDGE('',*,*,#1644,.F.);
#867=ORIENTED_EDGE('',*,*,#1903,.F.);
#868=ORIENTED_EDGE('',*,*,#1904,.T.);
#869=ORIENTED_EDGE('',*,*,#1901,.T.);
#870=ORIENTED_EDGE('',*,*,#1643,.F.);
#871=ORIENTED_EDGE('',*,*,#1905,.F.);
#872=ORIENTED_EDGE('',*,*,#1906,.T.);
#873=ORIENTED_EDGE('',*,*,#1903,.T.);
#874=ORIENTED_EDGE('',*,*,#1642,.F.);
#875=ORIENTED_EDGE('',*,*,#1907,.F.);
#876=ORIENTED_EDGE('',*,*,#1908,.T.);
#877=ORIENTED_EDGE('',*,*,#1905,.T.);
#878=ORIENTED_EDGE('',*,*,#1641,.F.);
#879=ORIENTED_EDGE('',*,*,#1909,.F.);
#880=ORIENTED_EDGE('',*,*,#1910,.T.);
#881=ORIENTED_EDGE('',*,*,#1907,.T.);
#882=ORIENTED_EDGE('',*,*,#1640,.F.);
#883=ORIENTED_EDGE('',*,*,#1911,.F.);
#884=ORIENTED_EDGE('',*,*,#1912,.T.);
#885=ORIENTED_EDGE('',*,*,#1909,.T.);
#886=ORIENTED_EDGE('',*,*,#1639,.F.);
#887=ORIENTED_EDGE('',*,*,#1896,.F.);
#888=ORIENTED_EDGE('',*,*,#1913,.T.);
#889=ORIENTED_EDGE('',*,*,#1911,.T.);
#890=ORIENTED_EDGE('',*,*,#1895,.F.);
#891=ORIENTED_EDGE('',*,*,#1898,.F.);
#892=ORIENTED_EDGE('',*,*,#1900,.F.);
#893=ORIENTED_EDGE('',*,*,#1902,.F.);
#894=ORIENTED_EDGE('',*,*,#1904,.F.);
#895=ORIENTED_EDGE('',*,*,#1906,.F.);
#896=ORIENTED_EDGE('',*,*,#1908,.F.);
#897=ORIENTED_EDGE('',*,*,#1910,.F.);
#898=ORIENTED_EDGE('',*,*,#1912,.F.);
#899=ORIENTED_EDGE('',*,*,#1913,.F.);
#900=ORIENTED_EDGE('',*,*,#1648,.F.);
#901=ORIENTED_EDGE('',*,*,#1914,.F.);
#902=ORIENTED_EDGE('',*,*,#1915,.T.);
#903=ORIENTED_EDGE('',*,*,#1916,.T.);
#904=ORIENTED_EDGE('',*,*,#1647,.F.);
#905=ORIENTED_EDGE('',*,*,#1917,.F.);
#906=ORIENTED_EDGE('',*,*,#1918,.T.);
#907=ORIENTED_EDGE('',*,*,#1914,.T.);
#908=ORIENTED_EDGE('',*,*,#1650,.F.);
#909=ORIENTED_EDGE('',*,*,#1919,.F.);
#910=ORIENTED_EDGE('',*,*,#1920,.T.);
#911=ORIENTED_EDGE('',*,*,#1917,.T.);
#912=ORIENTED_EDGE('',*,*,#1649,.F.);
#913=ORIENTED_EDGE('',*,*,#1916,.F.);
#914=ORIENTED_EDGE('',*,*,#1921,.T.);
#915=ORIENTED_EDGE('',*,*,#1919,.T.);
#916=ORIENTED_EDGE('',*,*,#1915,.F.);
#917=ORIENTED_EDGE('',*,*,#1918,.F.);
#918=ORIENTED_EDGE('',*,*,#1920,.F.);
#919=ORIENTED_EDGE('',*,*,#1921,.F.);
#920=ORIENTED_EDGE('',*,*,#1652,.F.);
#921=ORIENTED_EDGE('',*,*,#1922,.F.);
#922=ORIENTED_EDGE('',*,*,#1923,.T.);
#923=ORIENTED_EDGE('',*,*,#1924,.T.);
#924=ORIENTED_EDGE('',*,*,#1651,.F.);
#925=ORIENTED_EDGE('',*,*,#1925,.F.);
#926=ORIENTED_EDGE('',*,*,#1926,.T.);
#927=ORIENTED_EDGE('',*,*,#1922,.T.);
#928=ORIENTED_EDGE('',*,*,#1676,.F.);
#929=ORIENTED_EDGE('',*,*,#1927,.F.);
#930=ORIENTED_EDGE('',*,*,#1928,.T.);
#931=ORIENTED_EDGE('',*,*,#1925,.T.);
#932=ORIENTED_EDGE('',*,*,#1675,.F.);
#933=ORIENTED_EDGE('',*,*,#1929,.F.);
#934=ORIENTED_EDGE('',*,*,#1930,.T.);
#935=ORIENTED_EDGE('',*,*,#1927,.T.);
#936=ORIENTED_EDGE('',*,*,#1674,.F.);
#937=ORIENTED_EDGE('',*,*,#1931,.F.);
#938=ORIENTED_EDGE('',*,*,#1932,.T.);
#939=ORIENTED_EDGE('',*,*,#1929,.T.);
#940=ORIENTED_EDGE('',*,*,#1673,.F.);
#941=ORIENTED_EDGE('',*,*,#1933,.F.);
#942=ORIENTED_EDGE('',*,*,#1934,.T.);
#943=ORIENTED_EDGE('',*,*,#1931,.T.);
#944=ORIENTED_EDGE('',*,*,#1672,.F.);
#945=ORIENTED_EDGE('',*,*,#1935,.F.);
#946=ORIENTED_EDGE('',*,*,#1936,.T.);
#947=ORIENTED_EDGE('',*,*,#1933,.T.);
#948=ORIENTED_EDGE('',*,*,#1671,.F.);
#949=ORIENTED_EDGE('',*,*,#1937,.F.);
#950=ORIENTED_EDGE('',*,*,#1938,.T.);
#951=ORIENTED_EDGE('',*,*,#1935,.T.);
#952=ORIENTED_EDGE('',*,*,#1670,.F.);
#953=ORIENTED_EDGE('',*,*,#1939,.F.);
#954=ORIENTED_EDGE('',*,*,#1940,.T.);
#955=ORIENTED_EDGE('',*,*,#1937,.T.);
#956=ORIENTED_EDGE('',*,*,#1669,.F.);
#957=ORIENTED_EDGE('',*,*,#1941,.F.);
#958=ORIENTED_EDGE('',*,*,#1942,.T.);
#959=ORIENTED_EDGE('',*,*,#1939,.T.);
#960=ORIENTED_EDGE('',*,*,#1668,.F.);
#961=ORIENTED_EDGE('',*,*,#1943,.F.);
#962=ORIENTED_EDGE('',*,*,#1944,.T.);
#963=ORIENTED_EDGE('',*,*,#1941,.T.);
#964=ORIENTED_EDGE('',*,*,#1667,.F.);
#965=ORIENTED_EDGE('',*,*,#1945,.F.);
#966=ORIENTED_EDGE('',*,*,#1946,.T.);
#967=ORIENTED_EDGE('',*,*,#1943,.T.);
#968=ORIENTED_EDGE('',*,*,#1666,.F.);
#969=ORIENTED_EDGE('',*,*,#1947,.F.);
#970=ORIENTED_EDGE('',*,*,#1948,.T.);
#971=ORIENTED_EDGE('',*,*,#1945,.T.);
#972=ORIENTED_EDGE('',*,*,#1665,.F.);
#973=ORIENTED_EDGE('',*,*,#1949,.F.);
#974=ORIENTED_EDGE('',*,*,#1950,.T.);
#975=ORIENTED_EDGE('',*,*,#1947,.T.);
#976=ORIENTED_EDGE('',*,*,#1664,.F.);
#977=ORIENTED_EDGE('',*,*,#1951,.F.);
#978=ORIENTED_EDGE('',*,*,#1952,.T.);
#979=ORIENTED_EDGE('',*,*,#1949,.T.);
#980=ORIENTED_EDGE('',*,*,#1663,.F.);
#981=ORIENTED_EDGE('',*,*,#1953,.F.);
#982=ORIENTED_EDGE('',*,*,#1954,.T.);
#983=ORIENTED_EDGE('',*,*,#1951,.T.);
#984=ORIENTED_EDGE('',*,*,#1662,.F.);
#985=ORIENTED_EDGE('',*,*,#1955,.F.);
#986=ORIENTED_EDGE('',*,*,#1956,.T.);
#987=ORIENTED_EDGE('',*,*,#1953,.T.);
#988=ORIENTED_EDGE('',*,*,#1661,.F.);
#989=ORIENTED_EDGE('',*,*,#1957,.F.);
#990=ORIENTED_EDGE('',*,*,#1958,.T.);
#991=ORIENTED_EDGE('',*,*,#1955,.T.);
#992=ORIENTED_EDGE('',*,*,#1660,.F.);
#993=ORIENTED_EDGE('',*,*,#1959,.F.);
#994=ORIENTED_EDGE('',*,*,#1960,.T.);
#995=ORIENTED_EDGE('',*,*,#1957,.T.);
#996=ORIENTED_EDGE('',*,*,#1659,.F.);
#997=ORIENTED_EDGE('',*,*,#1961,.F.);
#998=ORIENTED_EDGE('',*,*,#1962,.T.);
#999=ORIENTED_EDGE('',*,*,#1959,.T.);
#1000=ORIENTED_EDGE('',*,*,#1658,.F.);
#1001=ORIENTED_EDGE('',*,*,#1963,.F.);
#1002=ORIENTED_EDGE('',*,*,#1964,.T.);
#1003=ORIENTED_EDGE('',*,*,#1961,.T.);
#1004=ORIENTED_EDGE('',*,*,#1657,.F.);
#1005=ORIENTED_EDGE('',*,*,#1965,.F.);
#1006=ORIENTED_EDGE('',*,*,#1966,.T.);
#1007=ORIENTED_EDGE('',*,*,#1963,.T.);
#1008=ORIENTED_EDGE('',*,*,#1656,.F.);
#1009=ORIENTED_EDGE('',*,*,#1967,.F.);
#1010=ORIENTED_EDGE('',*,*,#1968,.T.);
#1011=ORIENTED_EDGE('',*,*,#1965,.T.);
#1012=ORIENTED_EDGE('',*,*,#1655,.F.);
#1013=ORIENTED_EDGE('',*,*,#1969,.F.);
#1014=ORIENTED_EDGE('',*,*,#1970,.T.);
#1015=ORIENTED_EDGE('',*,*,#1967,.T.);
#1016=ORIENTED_EDGE('',*,*,#1654,.F.);
#1017=ORIENTED_EDGE('',*,*,#1971,.F.);
#1018=ORIENTED_EDGE('',*,*,#1972,.T.);
#1019=ORIENTED_EDGE('',*,*,#1969,.T.);
#1020=ORIENTED_EDGE('',*,*,#1653,.F.);
#1021=ORIENTED_EDGE('',*,*,#1924,.F.);
#1022=ORIENTED_EDGE('',*,*,#1973,.T.);
#1023=ORIENTED_EDGE('',*,*,#1971,.T.);
#1024=ORIENTED_EDGE('',*,*,#1923,.F.);
#1025=ORIENTED_EDGE('',*,*,#1926,.F.);
#1026=ORIENTED_EDGE('',*,*,#1928,.F.);
#1027=ORIENTED_EDGE('',*,*,#1930,.F.);
#1028=ORIENTED_EDGE('',*,*,#1932,.F.);
#1029=ORIENTED_EDGE('',*,*,#1934,.F.);
#1030=ORIENTED_EDGE('',*,*,#1936,.F.);
#1031=ORIENTED_EDGE('',*,*,#1938,.F.);
#1032=ORIENTED_EDGE('',*,*,#1940,.F.);
#1033=ORIENTED_EDGE('',*,*,#1942,.F.);
#1034=ORIENTED_EDGE('',*,*,#1944,.F.);
#1035=ORIENTED_EDGE('',*,*,#1946,.F.);
#1036=ORIENTED_EDGE('',*,*,#1948,.F.);
#1037=ORIENTED_EDGE('',*,*,#1950,.F.);
#1038=ORIENTED_EDGE('',*,*,#1952,.F.);
#1039=ORIENTED_EDGE('',*,*,#1954,.F.);
#1040=ORIENTED_EDGE('',*,*,#1956,.F.);
#1041=ORIENTED_EDGE('',*,*,#1958,.F.);
#1042=ORIENTED_EDGE('',*,*,#1960,.F.);
#1043=ORIENTED_EDGE('',*,*,#1962,.F.);
#1044=ORIENTED_EDGE('',*,*,#1964,.F.);
#1045=ORIENTED_EDGE('',*,*,#1966,.F.);
#1046=ORIENTED_EDGE('',*,*,#1968,.F.);
#1047=ORIENTED_EDGE('',*,*,#1970,.F.);
#1048=ORIENTED_EDGE('',*,*,#1972,.F.);
#1049=ORIENTED_EDGE('',*,*,#1973,.F.);
#1050=ORIENTED_EDGE('',*,*,#1678,.F.);
#1051=ORIENTED_EDGE('',*,*,#1974,.F.);
#1052=ORIENTED_EDGE('',*,*,#1975,.T.);
#1053=ORIENTED_EDGE('',*,*,#1976,.T.);
#1054=ORIENTED_EDGE('',*,*,#1677,.F.);
#1055=ORIENTED_EDGE('',*,*,#1977,.F.);
#1056=ORIENTED_EDGE('',*,*,#1978,.T.);
#1057=ORIENTED_EDGE('',*,*,#1974,.T.);
#1058=ORIENTED_EDGE('',*,*,#1693,.F.);
#1059=ORIENTED_EDGE('',*,*,#1979,.F.);
#1060=ORIENTED_EDGE('',*,*,#1980,.T.);
#1061=ORIENTED_EDGE('',*,*,#1977,.T.);
#1062=ORIENTED_EDGE('',*,*,#1692,.F.);
#1063=ORIENTED_EDGE('',*,*,#1981,.F.);
#1064=ORIENTED_EDGE('',*,*,#1982,.T.);
#1065=ORIENTED_EDGE('',*,*,#1979,.T.);
#1066=ORIENTED_EDGE('',*,*,#1691,.F.);
#1067=ORIENTED_EDGE('',*,*,#1983,.F.);
#1068=ORIENTED_EDGE('',*,*,#1984,.T.);
#1069=ORIENTED_EDGE('',*,*,#1981,.T.);
#1070=ORIENTED_EDGE('',*,*,#1690,.F.);
#1071=ORIENTED_EDGE('',*,*,#1985,.F.);
#1072=ORIENTED_EDGE('',*,*,#1986,.T.);
#1073=ORIENTED_EDGE('',*,*,#1983,.T.);
#1074=ORIENTED_EDGE('',*,*,#1689,.F.);
#1075=ORIENTED_EDGE('',*,*,#1987,.F.);
#1076=ORIENTED_EDGE('',*,*,#1988,.T.);
#1077=ORIENTED_EDGE('',*,*,#1985,.T.);
#1078=ORIENTED_EDGE('',*,*,#1688,.F.);
#1079=ORIENTED_EDGE('',*,*,#1989,.F.);
#1080=ORIENTED_EDGE('',*,*,#1990,.T.);
#1081=ORIENTED_EDGE('',*,*,#1987,.T.);
#1082=ORIENTED_EDGE('',*,*,#1687,.F.);
#1083=ORIENTED_EDGE('',*,*,#1991,.F.);
#1084=ORIENTED_EDGE('',*,*,#1992,.T.);
#1085=ORIENTED_EDGE('',*,*,#1989,.T.);
#1086=ORIENTED_EDGE('',*,*,#1686,.F.);
#1087=ORIENTED_EDGE('',*,*,#1993,.F.);
#1088=ORIENTED_EDGE('',*,*,#1994,.T.);
#1089=ORIENTED_EDGE('',*,*,#1991,.T.);
#1090=ORIENTED_EDGE('',*,*,#1685,.F.);
#1091=ORIENTED_EDGE('',*,*,#1995,.F.);
#1092=ORIENTED_EDGE('',*,*,#1996,.T.);
#1093=ORIENTED_EDGE('',*,*,#1993,.T.);
#1094=ORIENTED_EDGE('',*,*,#1684,.F.);
#1095=ORIENTED_EDGE('',*,*,#1997,.F.);
#1096=ORIENTED_EDGE('',*,*,#1998,.T.);
#1097=ORIENTED_EDGE('',*,*,#1995,.T.);
#1098=ORIENTED_EDGE('',*,*,#1683,.F.);
#1099=ORIENTED_EDGE('',*,*,#1999,.F.);
#1100=ORIENTED_EDGE('',*,*,#2000,.T.);
#1101=ORIENTED_EDGE('',*,*,#1997,.T.);
#1102=ORIENTED_EDGE('',*,*,#1682,.F.);
#1103=ORIENTED_EDGE('',*,*,#2001,.F.);
#1104=ORIENTED_EDGE('',*,*,#2002,.T.);
#1105=ORIENTED_EDGE('',*,*,#1999,.T.);
#1106=ORIENTED_EDGE('',*,*,#1681,.F.);
#1107=ORIENTED_EDGE('',*,*,#2003,.F.);
#1108=ORIENTED_EDGE('',*,*,#2004,.T.);
#1109=ORIENTED_EDGE('',*,*,#2001,.T.);
#1110=ORIENTED_EDGE('',*,*,#1680,.F.);
#1111=ORIENTED_EDGE('',*,*,#2005,.F.);
#1112=ORIENTED_EDGE('',*,*,#2006,.T.);
#1113=ORIENTED_EDGE('',*,*,#2003,.T.);
#1114=ORIENTED_EDGE('',*,*,#1679,.F.);
#1115=ORIENTED_EDGE('',*,*,#1976,.F.);
#1116=ORIENTED_EDGE('',*,*,#2007,.T.);
#1117=ORIENTED_EDGE('',*,*,#2005,.T.);
#1118=ORIENTED_EDGE('',*,*,#1975,.F.);
#1119=ORIENTED_EDGE('',*,*,#1978,.F.);
#1120=ORIENTED_EDGE('',*,*,#1980,.F.);
#1121=ORIENTED_EDGE('',*,*,#1982,.F.);
#1122=ORIENTED_EDGE('',*,*,#1984,.F.);
#1123=ORIENTED_EDGE('',*,*,#1986,.F.);
#1124=ORIENTED_EDGE('',*,*,#1988,.F.);
#1125=ORIENTED_EDGE('',*,*,#1990,.F.);
#1126=ORIENTED_EDGE('',*,*,#1992,.F.);
#1127=ORIENTED_EDGE('',*,*,#1994,.F.);
#1128=ORIENTED_EDGE('',*,*,#1996,.F.);
#1129=ORIENTED_EDGE('',*,*,#1998,.F.);
#1130=ORIENTED_EDGE('',*,*,#2000,.F.);
#1131=ORIENTED_EDGE('',*,*,#2002,.F.);
#1132=ORIENTED_EDGE('',*,*,#2004,.F.);
#1133=ORIENTED_EDGE('',*,*,#2006,.F.);
#1134=ORIENTED_EDGE('',*,*,#2007,.F.);
#1135=ORIENTED_EDGE('',*,*,#1695,.F.);
#1136=ORIENTED_EDGE('',*,*,#2008,.F.);
#1137=ORIENTED_EDGE('',*,*,#2009,.T.);
#1138=ORIENTED_EDGE('',*,*,#2010,.T.);
#1139=ORIENTED_EDGE('',*,*,#1694,.F.);
#1140=ORIENTED_EDGE('',*,*,#2011,.F.);
#1141=ORIENTED_EDGE('',*,*,#2012,.T.);
#1142=ORIENTED_EDGE('',*,*,#2008,.T.);
#1143=ORIENTED_EDGE('',*,*,#1708,.F.);
#1144=ORIENTED_EDGE('',*,*,#2013,.F.);
#1145=ORIENTED_EDGE('',*,*,#2014,.T.);
#1146=ORIENTED_EDGE('',*,*,#2011,.T.);
#1147=ORIENTED_EDGE('',*,*,#1707,.F.);
#1148=ORIENTED_EDGE('',*,*,#2015,.F.);
#1149=ORIENTED_EDGE('',*,*,#2016,.T.);
#1150=ORIENTED_EDGE('',*,*,#2013,.T.);
#1151=ORIENTED_EDGE('',*,*,#1706,.F.);
#1152=ORIENTED_EDGE('',*,*,#2017,.F.);
#1153=ORIENTED_EDGE('',*,*,#2018,.T.);
#1154=ORIENTED_EDGE('',*,*,#2015,.T.);
#1155=ORIENTED_EDGE('',*,*,#1705,.F.);
#1156=ORIENTED_EDGE('',*,*,#2019,.F.);
#1157=ORIENTED_EDGE('',*,*,#2020,.T.);
#1158=ORIENTED_EDGE('',*,*,#2017,.T.);
#1159=ORIENTED_EDGE('',*,*,#1704,.F.);
#1160=ORIENTED_EDGE('',*,*,#2021,.F.);
#1161=ORIENTED_EDGE('',*,*,#2022,.T.);
#1162=ORIENTED_EDGE('',*,*,#2019,.T.);
#1163=ORIENTED_EDGE('',*,*,#1703,.F.);
#1164=ORIENTED_EDGE('',*,*,#2023,.F.);
#1165=ORIENTED_EDGE('',*,*,#2024,.T.);
#1166=ORIENTED_EDGE('',*,*,#2021,.T.);
#1167=ORIENTED_EDGE('',*,*,#1702,.F.);
#1168=ORIENTED_EDGE('',*,*,#2025,.F.);
#1169=ORIENTED_EDGE('',*,*,#2026,.T.);
#1170=ORIENTED_EDGE('',*,*,#2023,.T.);
#1171=ORIENTED_EDGE('',*,*,#1701,.F.);
#1172=ORIENTED_EDGE('',*,*,#2027,.F.);
#1173=ORIENTED_EDGE('',*,*,#2028,.T.);
#1174=ORIENTED_EDGE('',*,*,#2025,.T.);
#1175=ORIENTED_EDGE('',*,*,#1700,.F.);
#1176=ORIENTED_EDGE('',*,*,#2029,.F.);
#1177=ORIENTED_EDGE('',*,*,#2030,.T.);
#1178=ORIENTED_EDGE('',*,*,#2027,.T.);
#1179=ORIENTED_EDGE('',*,*,#1699,.F.);
#1180=ORIENTED_EDGE('',*,*,#2031,.F.);
#1181=ORIENTED_EDGE('',*,*,#2032,.T.);
#1182=ORIENTED_EDGE('',*,*,#2029,.T.);
#1183=ORIENTED_EDGE('',*,*,#1698,.F.);
#1184=ORIENTED_EDGE('',*,*,#2033,.F.);
#1185=ORIENTED_EDGE('',*,*,#2034,.T.);
#1186=ORIENTED_EDGE('',*,*,#2031,.T.);
#1187=ORIENTED_EDGE('',*,*,#1697,.F.);
#1188=ORIENTED_EDGE('',*,*,#2035,.F.);
#1189=ORIENTED_EDGE('',*,*,#2036,.T.);
#1190=ORIENTED_EDGE('',*,*,#2033,.T.);
#1191=ORIENTED_EDGE('',*,*,#2037,.F.);
#1192=ORIENTED_EDGE('',*,*,#2038,.F.);
#1193=ORIENTED_EDGE('',*,*,#2039,.T.);
#1194=ORIENTED_EDGE('',*,*,#2040,.T.);
#1195=ORIENTED_EDGE('',*,*,#2041,.F.);
#1196=ORIENTED_EDGE('',*,*,#2042,.F.);
#1197=ORIENTED_EDGE('',*,*,#2043,.T.);
#1198=ORIENTED_EDGE('',*,*,#2038,.T.);
#1199=ORIENTED_EDGE('',*,*,#2044,.F.);
#1200=ORIENTED_EDGE('',*,*,#2045,.F.);
#1201=ORIENTED_EDGE('',*,*,#2046,.T.);
#1202=ORIENTED_EDGE('',*,*,#2042,.T.);
#1203=ORIENTED_EDGE('',*,*,#2047,.F.);
#1204=ORIENTED_EDGE('',*,*,#2048,.F.);
#1205=ORIENTED_EDGE('',*,*,#2049,.T.);
#1206=ORIENTED_EDGE('',*,*,#2045,.T.);
#1207=ORIENTED_EDGE('',*,*,#2050,.F.);
#1208=ORIENTED_EDGE('',*,*,#2040,.F.);
#1209=ORIENTED_EDGE('',*,*,#2051,.T.);
#1210=ORIENTED_EDGE('',*,*,#2048,.T.);
#1211=ORIENTED_EDGE('',*,*,#1696,.F.);
#1212=ORIENTED_EDGE('',*,*,#2010,.F.);
#1213=ORIENTED_EDGE('',*,*,#2052,.T.);
#1214=ORIENTED_EDGE('',*,*,#2035,.T.);
#1215=ORIENTED_EDGE('',*,*,#2039,.F.);
#1216=ORIENTED_EDGE('',*,*,#2043,.F.);
#1217=ORIENTED_EDGE('',*,*,#2046,.F.);
#1218=ORIENTED_EDGE('',*,*,#2049,.F.);
#1219=ORIENTED_EDGE('',*,*,#2051,.F.);
#1220=ORIENTED_EDGE('',*,*,#2009,.F.);
#1221=ORIENTED_EDGE('',*,*,#2012,.F.);
#1222=ORIENTED_EDGE('',*,*,#2014,.F.);
#1223=ORIENTED_EDGE('',*,*,#2016,.F.);
#1224=ORIENTED_EDGE('',*,*,#2018,.F.);
#1225=ORIENTED_EDGE('',*,*,#2020,.F.);
#1226=ORIENTED_EDGE('',*,*,#2022,.F.);
#1227=ORIENTED_EDGE('',*,*,#2024,.F.);
#1228=ORIENTED_EDGE('',*,*,#2026,.F.);
#1229=ORIENTED_EDGE('',*,*,#2028,.F.);
#1230=ORIENTED_EDGE('',*,*,#2030,.F.);
#1231=ORIENTED_EDGE('',*,*,#2032,.F.);
#1232=ORIENTED_EDGE('',*,*,#2034,.F.);
#1233=ORIENTED_EDGE('',*,*,#2036,.F.);
#1234=ORIENTED_EDGE('',*,*,#2052,.F.);
#1235=ORIENTED_EDGE('',*,*,#2041,.T.);
#1236=ORIENTED_EDGE('',*,*,#2037,.T.);
#1237=ORIENTED_EDGE('',*,*,#2050,.T.);
#1238=ORIENTED_EDGE('',*,*,#2047,.T.);
#1239=ORIENTED_EDGE('',*,*,#2044,.T.);
#1240=ORIENTED_EDGE('',*,*,#1710,.F.);
#1241=ORIENTED_EDGE('',*,*,#2053,.F.);
#1242=ORIENTED_EDGE('',*,*,#2054,.T.);
#1243=ORIENTED_EDGE('',*,*,#2055,.T.);
#1244=ORIENTED_EDGE('',*,*,#1709,.F.);
#1245=ORIENTED_EDGE('',*,*,#2056,.F.);
#1246=ORIENTED_EDGE('',*,*,#2057,.T.);
#1247=ORIENTED_EDGE('',*,*,#2053,.T.);
#1248=ORIENTED_EDGE('',*,*,#1723,.F.);
#1249=ORIENTED_EDGE('',*,*,#2058,.F.);
#1250=ORIENTED_EDGE('',*,*,#2059,.T.);
#1251=ORIENTED_EDGE('',*,*,#2056,.T.);
#1252=ORIENTED_EDGE('',*,*,#1722,.F.);
#1253=ORIENTED_EDGE('',*,*,#2060,.F.);
#1254=ORIENTED_EDGE('',*,*,#2061,.T.);
#1255=ORIENTED_EDGE('',*,*,#2058,.T.);
#1256=ORIENTED_EDGE('',*,*,#1721,.F.);
#1257=ORIENTED_EDGE('',*,*,#2062,.F.);
#1258=ORIENTED_EDGE('',*,*,#2063,.T.);
#1259=ORIENTED_EDGE('',*,*,#2060,.T.);
#1260=ORIENTED_EDGE('',*,*,#1720,.F.);
#1261=ORIENTED_EDGE('',*,*,#2064,.F.);
#1262=ORIENTED_EDGE('',*,*,#2065,.T.);
#1263=ORIENTED_EDGE('',*,*,#2062,.T.);
#1264=ORIENTED_EDGE('',*,*,#1719,.F.);
#1265=ORIENTED_EDGE('',*,*,#2066,.F.);
#1266=ORIENTED_EDGE('',*,*,#2067,.T.);
#1267=ORIENTED_EDGE('',*,*,#2064,.T.);
#1268=ORIENTED_EDGE('',*,*,#1718,.F.);
#1269=ORIENTED_EDGE('',*,*,#2068,.F.);
#1270=ORIENTED_EDGE('',*,*,#2069,.T.);
#1271=ORIENTED_EDGE('',*,*,#2066,.T.);
#1272=ORIENTED_EDGE('',*,*,#1717,.F.);
#1273=ORIENTED_EDGE('',*,*,#2070,.F.);
#1274=ORIENTED_EDGE('',*,*,#2071,.T.);
#1275=ORIENTED_EDGE('',*,*,#2068,.T.);
#1276=ORIENTED_EDGE('',*,*,#1716,.F.);
#1277=ORIENTED_EDGE('',*,*,#2072,.F.);
#1278=ORIENTED_EDGE('',*,*,#2073,.T.);
#1279=ORIENTED_EDGE('',*,*,#2070,.T.);
#1280=ORIENTED_EDGE('',*,*,#1715,.F.);
#1281=ORIENTED_EDGE('',*,*,#2074,.F.);
#1282=ORIENTED_EDGE('',*,*,#2075,.T.);
#1283=ORIENTED_EDGE('',*,*,#2072,.T.);
#1284=ORIENTED_EDGE('',*,*,#1714,.F.);
#1285=ORIENTED_EDGE('',*,*,#2076,.F.);
#1286=ORIENTED_EDGE('',*,*,#2077,.T.);
#1287=ORIENTED_EDGE('',*,*,#2074,.T.);
#1288=ORIENTED_EDGE('',*,*,#1713,.F.);
#1289=ORIENTED_EDGE('',*,*,#2078,.F.);
#1290=ORIENTED_EDGE('',*,*,#2079,.T.);
#1291=ORIENTED_EDGE('',*,*,#2076,.T.);
#1292=ORIENTED_EDGE('',*,*,#1712,.F.);
#1293=ORIENTED_EDGE('',*,*,#2080,.F.);
#1294=ORIENTED_EDGE('',*,*,#2081,.T.);
#1295=ORIENTED_EDGE('',*,*,#2078,.T.);
#1296=ORIENTED_EDGE('',*,*,#2082,.F.);
#1297=ORIENTED_EDGE('',*,*,#2083,.F.);
#1298=ORIENTED_EDGE('',*,*,#2084,.T.);
#1299=ORIENTED_EDGE('',*,*,#2085,.T.);
#1300=ORIENTED_EDGE('',*,*,#2086,.F.);
#1301=ORIENTED_EDGE('',*,*,#2087,.F.);
#1302=ORIENTED_EDGE('',*,*,#2088,.T.);
#1303=ORIENTED_EDGE('',*,*,#2083,.T.);
#1304=ORIENTED_EDGE('',*,*,#2089,.F.);
#1305=ORIENTED_EDGE('',*,*,#2090,.F.);
#1306=ORIENTED_EDGE('',*,*,#2091,.T.);
#1307=ORIENTED_EDGE('',*,*,#2087,.T.);
#1308=ORIENTED_EDGE('',*,*,#2092,.F.);
#1309=ORIENTED_EDGE('',*,*,#2093,.F.);
#1310=ORIENTED_EDGE('',*,*,#2094,.T.);
#1311=ORIENTED_EDGE('',*,*,#2090,.T.);
#1312=ORIENTED_EDGE('',*,*,#2095,.F.);
#1313=ORIENTED_EDGE('',*,*,#2085,.F.);
#1314=ORIENTED_EDGE('',*,*,#2096,.T.);
#1315=ORIENTED_EDGE('',*,*,#2093,.T.);
#1316=ORIENTED_EDGE('',*,*,#1711,.F.);
#1317=ORIENTED_EDGE('',*,*,#2055,.F.);
#1318=ORIENTED_EDGE('',*,*,#2097,.T.);
#1319=ORIENTED_EDGE('',*,*,#2080,.T.);
#1320=ORIENTED_EDGE('',*,*,#2084,.F.);
#1321=ORIENTED_EDGE('',*,*,#2088,.F.);
#1322=ORIENTED_EDGE('',*,*,#2091,.F.);
#1323=ORIENTED_EDGE('',*,*,#2094,.F.);
#1324=ORIENTED_EDGE('',*,*,#2096,.F.);
#1325=ORIENTED_EDGE('',*,*,#2054,.F.);
#1326=ORIENTED_EDGE('',*,*,#2057,.F.);
#1327=ORIENTED_EDGE('',*,*,#2059,.F.);
#1328=ORIENTED_EDGE('',*,*,#2061,.F.);
#1329=ORIENTED_EDGE('',*,*,#2063,.F.);
#1330=ORIENTED_EDGE('',*,*,#2065,.F.);
#1331=ORIENTED_EDGE('',*,*,#2067,.F.);
#1332=ORIENTED_EDGE('',*,*,#2069,.F.);
#1333=ORIENTED_EDGE('',*,*,#2071,.F.);
#1334=ORIENTED_EDGE('',*,*,#2073,.F.);
#1335=ORIENTED_EDGE('',*,*,#2075,.F.);
#1336=ORIENTED_EDGE('',*,*,#2077,.F.);
#1337=ORIENTED_EDGE('',*,*,#2079,.F.);
#1338=ORIENTED_EDGE('',*,*,#2081,.F.);
#1339=ORIENTED_EDGE('',*,*,#2097,.F.);
#1340=ORIENTED_EDGE('',*,*,#2086,.T.);
#1341=ORIENTED_EDGE('',*,*,#2082,.T.);
#1342=ORIENTED_EDGE('',*,*,#2095,.T.);
#1343=ORIENTED_EDGE('',*,*,#2092,.T.);
#1344=ORIENTED_EDGE('',*,*,#2089,.T.);
#1345=ORIENTED_EDGE('',*,*,#1725,.F.);
#1346=ORIENTED_EDGE('',*,*,#2098,.F.);
#1347=ORIENTED_EDGE('',*,*,#2099,.T.);
#1348=ORIENTED_EDGE('',*,*,#2100,.T.);
#1349=ORIENTED_EDGE('',*,*,#1724,.F.);
#1350=ORIENTED_EDGE('',*,*,#2101,.F.);
#1351=ORIENTED_EDGE('',*,*,#2102,.T.);
#1352=ORIENTED_EDGE('',*,*,#2098,.T.);
#1353=ORIENTED_EDGE('',*,*,#1738,.F.);
#1354=ORIENTED_EDGE('',*,*,#2103,.F.);
#1355=ORIENTED_EDGE('',*,*,#2104,.T.);
#1356=ORIENTED_EDGE('',*,*,#2101,.T.);
#1357=ORIENTED_EDGE('',*,*,#1737,.F.);
#1358=ORIENTED_EDGE('',*,*,#2105,.F.);
#1359=ORIENTED_EDGE('',*,*,#2106,.T.);
#1360=ORIENTED_EDGE('',*,*,#2103,.T.);
#1361=ORIENTED_EDGE('',*,*,#1736,.F.);
#1362=ORIENTED_EDGE('',*,*,#2107,.F.);
#1363=ORIENTED_EDGE('',*,*,#2108,.T.);
#1364=ORIENTED_EDGE('',*,*,#2105,.T.);
#1365=ORIENTED_EDGE('',*,*,#1735,.F.);
#1366=ORIENTED_EDGE('',*,*,#2109,.F.);
#1367=ORIENTED_EDGE('',*,*,#2110,.T.);
#1368=ORIENTED_EDGE('',*,*,#2107,.T.);
#1369=ORIENTED_EDGE('',*,*,#1734,.F.);
#1370=ORIENTED_EDGE('',*,*,#2111,.F.);
#1371=ORIENTED_EDGE('',*,*,#2112,.T.);
#1372=ORIENTED_EDGE('',*,*,#2109,.T.);
#1373=ORIENTED_EDGE('',*,*,#1733,.F.);
#1374=ORIENTED_EDGE('',*,*,#2113,.F.);
#1375=ORIENTED_EDGE('',*,*,#2114,.T.);
#1376=ORIENTED_EDGE('',*,*,#2111,.T.);
#1377=ORIENTED_EDGE('',*,*,#1732,.F.);
#1378=ORIENTED_EDGE('',*,*,#2115,.F.);
#1379=ORIENTED_EDGE('',*,*,#2116,.T.);
#1380=ORIENTED_EDGE('',*,*,#2113,.T.);
#1381=ORIENTED_EDGE('',*,*,#1731,.F.);
#1382=ORIENTED_EDGE('',*,*,#2117,.F.);
#1383=ORIENTED_EDGE('',*,*,#2118,.T.);
#1384=ORIENTED_EDGE('',*,*,#2115,.T.);
#1385=ORIENTED_EDGE('',*,*,#1730,.F.);
#1386=ORIENTED_EDGE('',*,*,#2119,.F.);
#1387=ORIENTED_EDGE('',*,*,#2120,.T.);
#1388=ORIENTED_EDGE('',*,*,#2117,.T.);
#1389=ORIENTED_EDGE('',*,*,#1729,.F.);
#1390=ORIENTED_EDGE('',*,*,#2121,.F.);
#1391=ORIENTED_EDGE('',*,*,#2122,.T.);
#1392=ORIENTED_EDGE('',*,*,#2119,.T.);
#1393=ORIENTED_EDGE('',*,*,#1728,.F.);
#1394=ORIENTED_EDGE('',*,*,#2123,.F.);
#1395=ORIENTED_EDGE('',*,*,#2124,.T.);
#1396=ORIENTED_EDGE('',*,*,#2121,.T.);
#1397=ORIENTED_EDGE('',*,*,#1727,.F.);
#1398=ORIENTED_EDGE('',*,*,#2125,.F.);
#1399=ORIENTED_EDGE('',*,*,#2126,.T.);
#1400=ORIENTED_EDGE('',*,*,#2123,.T.);
#1401=ORIENTED_EDGE('',*,*,#2127,.F.);
#1402=ORIENTED_EDGE('',*,*,#2128,.F.);
#1403=ORIENTED_EDGE('',*,*,#2129,.T.);
#1404=ORIENTED_EDGE('',*,*,#2130,.T.);
#1405=ORIENTED_EDGE('',*,*,#2131,.F.);
#1406=ORIENTED_EDGE('',*,*,#2132,.F.);
#1407=ORIENTED_EDGE('',*,*,#2133,.T.);
#1408=ORIENTED_EDGE('',*,*,#2128,.T.);
#1409=ORIENTED_EDGE('',*,*,#2134,.F.);
#1410=ORIENTED_EDGE('',*,*,#2135,.F.);
#1411=ORIENTED_EDGE('',*,*,#2136,.T.);
#1412=ORIENTED_EDGE('',*,*,#2132,.T.);
#1413=ORIENTED_EDGE('',*,*,#2137,.F.);
#1414=ORIENTED_EDGE('',*,*,#2138,.F.);
#1415=ORIENTED_EDGE('',*,*,#2139,.T.);
#1416=ORIENTED_EDGE('',*,*,#2135,.T.);
#1417=ORIENTED_EDGE('',*,*,#2140,.F.);
#1418=ORIENTED_EDGE('',*,*,#2130,.F.);
#1419=ORIENTED_EDGE('',*,*,#2141,.T.);
#1420=ORIENTED_EDGE('',*,*,#2138,.T.);
#1421=ORIENTED_EDGE('',*,*,#1726,.F.);
#1422=ORIENTED_EDGE('',*,*,#2100,.F.);
#1423=ORIENTED_EDGE('',*,*,#2142,.T.);
#1424=ORIENTED_EDGE('',*,*,#2125,.T.);
#1425=ORIENTED_EDGE('',*,*,#2129,.F.);
#1426=ORIENTED_EDGE('',*,*,#2133,.F.);
#1427=ORIENTED_EDGE('',*,*,#2136,.F.);
#1428=ORIENTED_EDGE('',*,*,#2139,.F.);
#1429=ORIENTED_EDGE('',*,*,#2141,.F.);
#1430=ORIENTED_EDGE('',*,*,#2099,.F.);
#1431=ORIENTED_EDGE('',*,*,#2102,.F.);
#1432=ORIENTED_EDGE('',*,*,#2104,.F.);
#1433=ORIENTED_EDGE('',*,*,#2106,.F.);
#1434=ORIENTED_EDGE('',*,*,#2108,.F.);
#1435=ORIENTED_EDGE('',*,*,#2110,.F.);
#1436=ORIENTED_EDGE('',*,*,#2112,.F.);
#1437=ORIENTED_EDGE('',*,*,#2114,.F.);
#1438=ORIENTED_EDGE('',*,*,#2116,.F.);
#1439=ORIENTED_EDGE('',*,*,#2118,.F.);
#1440=ORIENTED_EDGE('',*,*,#2120,.F.);
#1441=ORIENTED_EDGE('',*,*,#2122,.F.);
#1442=ORIENTED_EDGE('',*,*,#2124,.F.);
#1443=ORIENTED_EDGE('',*,*,#2126,.F.);
#1444=ORIENTED_EDGE('',*,*,#2142,.F.);
#1445=ORIENTED_EDGE('',*,*,#2131,.T.);
#1446=ORIENTED_EDGE('',*,*,#2127,.T.);
#1447=ORIENTED_EDGE('',*,*,#2140,.T.);
#1448=ORIENTED_EDGE('',*,*,#2137,.T.);
#1449=ORIENTED_EDGE('',*,*,#2134,.T.);
#1450=ORIENTED_EDGE('',*,*,#1740,.F.);
#1451=ORIENTED_EDGE('',*,*,#2143,.F.);
#1452=ORIENTED_EDGE('',*,*,#2144,.T.);
#1453=ORIENTED_EDGE('',*,*,#2145,.T.);
#1454=ORIENTED_EDGE('',*,*,#1739,.F.);
#1455=ORIENTED_EDGE('',*,*,#2146,.F.);
#1456=ORIENTED_EDGE('',*,*,#2147,.T.);
#1457=ORIENTED_EDGE('',*,*,#2143,.T.);
#1458=ORIENTED_EDGE('',*,*,#1764,.F.);
#1459=ORIENTED_EDGE('',*,*,#2148,.F.);
#1460=ORIENTED_EDGE('',*,*,#2149,.T.);
#1461=ORIENTED_EDGE('',*,*,#2146,.T.);
#1462=ORIENTED_EDGE('',*,*,#1763,.F.);
#1463=ORIENTED_EDGE('',*,*,#2150,.F.);
#1464=ORIENTED_EDGE('',*,*,#2151,.T.);
#1465=ORIENTED_EDGE('',*,*,#2148,.T.);
#1466=ORIENTED_EDGE('',*,*,#1762,.F.);
#1467=ORIENTED_EDGE('',*,*,#2152,.F.);
#1468=ORIENTED_EDGE('',*,*,#2153,.T.);
#1469=ORIENTED_EDGE('',*,*,#2150,.T.);
#1470=ORIENTED_EDGE('',*,*,#1761,.F.);
#1471=ORIENTED_EDGE('',*,*,#2154,.F.);
#1472=ORIENTED_EDGE('',*,*,#2155,.T.);
#1473=ORIENTED_EDGE('',*,*,#2152,.T.);
#1474=ORIENTED_EDGE('',*,*,#1760,.F.);
#1475=ORIENTED_EDGE('',*,*,#2156,.F.);
#1476=ORIENTED_EDGE('',*,*,#2157,.T.);
#1477=ORIENTED_EDGE('',*,*,#2154,.T.);
#1478=ORIENTED_EDGE('',*,*,#1759,.F.);
#1479=ORIENTED_EDGE('',*,*,#2158,.F.);
#1480=ORIENTED_EDGE('',*,*,#2159,.T.);
#1481=ORIENTED_EDGE('',*,*,#2156,.T.);
#1482=ORIENTED_EDGE('',*,*,#1758,.F.);
#1483=ORIENTED_EDGE('',*,*,#2160,.F.);
#1484=ORIENTED_EDGE('',*,*,#2161,.T.);
#1485=ORIENTED_EDGE('',*,*,#2158,.T.);
#1486=ORIENTED_EDGE('',*,*,#1757,.F.);
#1487=ORIENTED_EDGE('',*,*,#2162,.F.);
#1488=ORIENTED_EDGE('',*,*,#2163,.T.);
#1489=ORIENTED_EDGE('',*,*,#2160,.T.);
#1490=ORIENTED_EDGE('',*,*,#1756,.F.);
#1491=ORIENTED_EDGE('',*,*,#2164,.F.);
#1492=ORIENTED_EDGE('',*,*,#2165,.T.);
#1493=ORIENTED_EDGE('',*,*,#2162,.T.);
#1494=ORIENTED_EDGE('',*,*,#1755,.F.);
#1495=ORIENTED_EDGE('',*,*,#2166,.F.);
#1496=ORIENTED_EDGE('',*,*,#2167,.T.);
#1497=ORIENTED_EDGE('',*,*,#2164,.T.);
#1498=ORIENTED_EDGE('',*,*,#1754,.F.);
#1499=ORIENTED_EDGE('',*,*,#2168,.F.);
#1500=ORIENTED_EDGE('',*,*,#2169,.T.);
#1501=ORIENTED_EDGE('',*,*,#2166,.T.);
#1502=ORIENTED_EDGE('',*,*,#1753,.F.);
#1503=ORIENTED_EDGE('',*,*,#2170,.F.);
#1504=ORIENTED_EDGE('',*,*,#2171,.T.);
#1505=ORIENTED_EDGE('',*,*,#2168,.T.);
#1506=ORIENTED_EDGE('',*,*,#1752,.F.);
#1507=ORIENTED_EDGE('',*,*,#2172,.F.);
#1508=ORIENTED_EDGE('',*,*,#2173,.T.);
#1509=ORIENTED_EDGE('',*,*,#2170,.T.);
#1510=ORIENTED_EDGE('',*,*,#1751,.F.);
#1511=ORIENTED_EDGE('',*,*,#2174,.F.);
#1512=ORIENTED_EDGE('',*,*,#2175,.T.);
#1513=ORIENTED_EDGE('',*,*,#2172,.T.);
#1514=ORIENTED_EDGE('',*,*,#1750,.F.);
#1515=ORIENTED_EDGE('',*,*,#2176,.F.);
#1516=ORIENTED_EDGE('',*,*,#2177,.T.);
#1517=ORIENTED_EDGE('',*,*,#2174,.T.);
#1518=ORIENTED_EDGE('',*,*,#1749,.F.);
#1519=ORIENTED_EDGE('',*,*,#2178,.F.);
#1520=ORIENTED_EDGE('',*,*,#2179,.T.);
#1521=ORIENTED_EDGE('',*,*,#2176,.T.);
#1522=ORIENTED_EDGE('',*,*,#1748,.F.);
#1523=ORIENTED_EDGE('',*,*,#2180,.F.);
#1524=ORIENTED_EDGE('',*,*,#2181,.T.);
#1525=ORIENTED_EDGE('',*,*,#2178,.T.);
#1526=ORIENTED_EDGE('',*,*,#1747,.F.);
#1527=ORIENTED_EDGE('',*,*,#2182,.F.);
#1528=ORIENTED_EDGE('',*,*,#2183,.T.);
#1529=ORIENTED_EDGE('',*,*,#2180,.T.);
#1530=ORIENTED_EDGE('',*,*,#1746,.F.);
#1531=ORIENTED_EDGE('',*,*,#2184,.F.);
#1532=ORIENTED_EDGE('',*,*,#2185,.T.);
#1533=ORIENTED_EDGE('',*,*,#2182,.T.);
#1534=ORIENTED_EDGE('',*,*,#1745,.F.);
#1535=ORIENTED_EDGE('',*,*,#2186,.F.);
#1536=ORIENTED_EDGE('',*,*,#2187,.T.);
#1537=ORIENTED_EDGE('',*,*,#2184,.T.);
#1538=ORIENTED_EDGE('',*,*,#1744,.F.);
#1539=ORIENTED_EDGE('',*,*,#2188,.F.);
#1540=ORIENTED_EDGE('',*,*,#2189,.T.);
#1541=ORIENTED_EDGE('',*,*,#2186,.T.);
#1542=ORIENTED_EDGE('',*,*,#1743,.F.);
#1543=ORIENTED_EDGE('',*,*,#2190,.F.);
#1544=ORIENTED_EDGE('',*,*,#2191,.T.);
#1545=ORIENTED_EDGE('',*,*,#2188,.T.);
#1546=ORIENTED_EDGE('',*,*,#1742,.F.);
#1547=ORIENTED_EDGE('',*,*,#2192,.F.);
#1548=ORIENTED_EDGE('',*,*,#2193,.T.);
#1549=ORIENTED_EDGE('',*,*,#2190,.T.);
#1550=ORIENTED_EDGE('',*,*,#1741,.F.);
#1551=ORIENTED_EDGE('',*,*,#2145,.F.);
#1552=ORIENTED_EDGE('',*,*,#2194,.T.);
#1553=ORIENTED_EDGE('',*,*,#2192,.T.);
#1554=ORIENTED_EDGE('',*,*,#2144,.F.);
#1555=ORIENTED_EDGE('',*,*,#2147,.F.);
#1556=ORIENTED_EDGE('',*,*,#2149,.F.);
#1557=ORIENTED_EDGE('',*,*,#2151,.F.);
#1558=ORIENTED_EDGE('',*,*,#2153,.F.);
#1559=ORIENTED_EDGE('',*,*,#2155,.F.);
#1560=ORIENTED_EDGE('',*,*,#2157,.F.);
#1561=ORIENTED_EDGE('',*,*,#2159,.F.);
#1562=ORIENTED_EDGE('',*,*,#2161,.F.);
#1563=ORIENTED_EDGE('',*,*,#2163,.F.);
#1564=ORIENTED_EDGE('',*,*,#2165,.F.);
#1565=ORIENTED_EDGE('',*,*,#2167,.F.);
#1566=ORIENTED_EDGE('',*,*,#2169,.F.);
#1567=ORIENTED_EDGE('',*,*,#2171,.F.);
#1568=ORIENTED_EDGE('',*,*,#2173,.F.);
#1569=ORIENTED_EDGE('',*,*,#2175,.F.);
#1570=ORIENTED_EDGE('',*,*,#2177,.F.);
#1571=ORIENTED_EDGE('',*,*,#2179,.F.);
#1572=ORIENTED_EDGE('',*,*,#2181,.F.);
#1573=ORIENTED_EDGE('',*,*,#2183,.F.);
#1574=ORIENTED_EDGE('',*,*,#2185,.F.);
#1575=ORIENTED_EDGE('',*,*,#2187,.F.);
#1576=ORIENTED_EDGE('',*,*,#2189,.F.);
#1577=ORIENTED_EDGE('',*,*,#2191,.F.);
#1578=ORIENTED_EDGE('',*,*,#2193,.F.);
#1579=ORIENTED_EDGE('',*,*,#2194,.F.);
#1580=ORIENTED_EDGE('',*,*,#1766,.F.);
#1581=ORIENTED_EDGE('',*,*,#2195,.F.);
#1582=ORIENTED_EDGE('',*,*,#2196,.T.);
#1583=ORIENTED_EDGE('',*,*,#2197,.T.);
#1584=ORIENTED_EDGE('',*,*,#1765,.F.);
#1585=ORIENTED_EDGE('',*,*,#2198,.F.);
#1586=ORIENTED_EDGE('',*,*,#2199,.T.);
#1587=ORIENTED_EDGE('',*,*,#2195,.T.);
#1588=ORIENTED_EDGE('',*,*,#1770,.F.);
#1589=ORIENTED_EDGE('',*,*,#2200,.F.);
#1590=ORIENTED_EDGE('',*,*,#2201,.T.);
#1591=ORIENTED_EDGE('',*,*,#2198,.T.);
#1592=ORIENTED_EDGE('',*,*,#1769,.F.);
#1593=ORIENTED_EDGE('',*,*,#2202,.F.);
#1594=ORIENTED_EDGE('',*,*,#2203,.T.);
#1595=ORIENTED_EDGE('',*,*,#2200,.T.);
#1596=ORIENTED_EDGE('',*,*,#1768,.F.);
#1597=ORIENTED_EDGE('',*,*,#2204,.F.);
#1598=ORIENTED_EDGE('',*,*,#2205,.T.);
#1599=ORIENTED_EDGE('',*,*,#2202,.T.);
#1600=ORIENTED_EDGE('',*,*,#1767,.F.);
#1601=ORIENTED_EDGE('',*,*,#2197,.F.);
#1602=ORIENTED_EDGE('',*,*,#2206,.T.);
#1603=ORIENTED_EDGE('',*,*,#2204,.T.);
#1604=ORIENTED_EDGE('',*,*,#2196,.F.);
#1605=ORIENTED_EDGE('',*,*,#2199,.F.);
#1606=ORIENTED_EDGE('',*,*,#2201,.F.);
#1607=ORIENTED_EDGE('',*,*,#2203,.F.);
#1608=ORIENTED_EDGE('',*,*,#2205,.F.);
#1609=ORIENTED_EDGE('',*,*,#2206,.F.);
#1610=EDGE_CURVE('',#2207,#2208,#2605,.T.);
#1611=EDGE_CURVE('',#2208,#2209,#320,.T.);
#1612=EDGE_CURVE('',#2210,#2209,#2606,.T.);
#1613=EDGE_CURVE('',#2210,#2211,#321,.T.);
#1614=EDGE_CURVE('',#2212,#2211,#2607,.T.);
#1615=EDGE_CURVE('',#2212,#2213,#322,.T.);
#1616=EDGE_CURVE('',#2213,#2214,#2608,.T.);
#1617=EDGE_CURVE('',#2214,#2207,#323,.T.);
#1618=EDGE_CURVE('',#2215,#2216,#2609,.T.);
#1619=EDGE_CURVE('',#2215,#2217,#2610,.T.);
#1620=EDGE_CURVE('',#2217,#2218,#2611,.T.);
#1621=EDGE_CURVE('',#2216,#2218,#2612,.T.);
#1622=EDGE_CURVE('',#2219,#2220,#146,.T.);
#1623=EDGE_CURVE('',#2220,#2221,#147,.T.);
#1624=EDGE_CURVE('',#2221,#2222,#148,.T.);
#1625=EDGE_CURVE('',#2222,#2223,#149,.T.);
#1626=EDGE_CURVE('',#2223,#2224,#150,.T.);
#1627=EDGE_CURVE('',#2224,#2225,#151,.T.);
#1628=EDGE_CURVE('',#2225,#2226,#152,.T.);
#1629=EDGE_CURVE('',#2226,#2227,#2613,.T.);
#1630=EDGE_CURVE('',#2227,#2228,#2614,.T.);
#1631=EDGE_CURVE('',#2228,#2229,#153,.T.);
#1632=EDGE_CURVE('',#2229,#2230,#154,.T.);
#1633=EDGE_CURVE('',#2230,#2231,#324,.T.);
#1634=EDGE_CURVE('',#2231,#2232,#325,.T.);
#1635=EDGE_CURVE('',#2232,#2233,#2615,.T.);
#1636=EDGE_CURVE('',#2233,#2219,#326,.F.);
#1637=EDGE_CURVE('',#2234,#2235,#2616,.T.);
#1638=EDGE_CURVE('',#2235,#2236,#2617,.T.);
#1639=EDGE_CURVE('',#2236,#2237,#2618,.T.);
#1640=EDGE_CURVE('',#2237,#2238,#2619,.T.);
#1641=EDGE_CURVE('',#2238,#2239,#327,.F.);
#1642=EDGE_CURVE('',#2239,#2240,#2620,.T.);
#1643=EDGE_CURVE('',#2240,#2241,#155,.T.);
#1644=EDGE_CURVE('',#2241,#2242,#2621,.T.);
#1645=EDGE_CURVE('',#2242,#2243,#2622,.T.);
#1646=EDGE_CURVE('',#2243,#2234,#2623,.T.);
#1647=EDGE_CURVE('',#2244,#2245,#2624,.T.);
#1648=EDGE_CURVE('',#2245,#2246,#2625,.T.);
#1649=EDGE_CURVE('',#2246,#2247,#2626,.T.);
#1650=EDGE_CURVE('',#2247,#2244,#2627,.T.);
#1651=EDGE_CURVE('',#2248,#2249,#156,.T.);
#1652=EDGE_CURVE('',#2249,#2250,#157,.T.);
#1653=EDGE_CURVE('',#2250,#2251,#158,.T.);
#1654=EDGE_CURVE('',#2251,#2252,#159,.T.);
#1655=EDGE_CURVE('',#2252,#2253,#328,.F.);
#1656=EDGE_CURVE('',#2253,#2254,#2628,.T.);
#1657=EDGE_CURVE('',#2254,#2255,#329,.T.);
#1658=EDGE_CURVE('',#2255,#2256,#330,.T.);
#1659=EDGE_CURVE('',#2256,#2257,#160,.T.);
#1660=EDGE_CURVE('',#2257,#2258,#331,.T.);
#1661=EDGE_CURVE('',#2258,#2259,#161,.T.);
#1662=EDGE_CURVE('',#2259,#2260,#332,.T.);
#1663=EDGE_CURVE('',#2260,#2261,#162,.T.);
#1664=EDGE_CURVE('',#2261,#2262,#333,.F.);
#1665=EDGE_CURVE('',#2262,#2263,#163,.T.);
#1666=EDGE_CURVE('',#2263,#2264,#164,.T.);
#1667=EDGE_CURVE('',#2264,#2265,#165,.T.);
#1668=EDGE_CURVE('',#2265,#2266,#334,.F.);
#1669=EDGE_CURVE('',#2266,#2267,#2629,.T.);
#1670=EDGE_CURVE('',#2267,#2268,#335,.T.);
#1671=EDGE_CURVE('',#2268,#2269,#336,.T.);
#1672=EDGE_CURVE('',#2269,#2270,#166,.T.);
#1673=EDGE_CURVE('',#2270,#2271,#167,.T.);
#1674=EDGE_CURVE('',#2271,#2272,#168,.T.);
#1675=EDGE_CURVE('',#2272,#2273,#169,.T.);
#1676=EDGE_CURVE('',#2273,#2248,#337,.F.);
#1677=EDGE_CURVE('',#2274,#2275,#2630,.T.);
#1678=EDGE_CURVE('',#2275,#2276,#2631,.T.);
#1679=EDGE_CURVE('',#2276,#2277,#2632,.T.);
#1680=EDGE_CURVE('',#2277,#2278,#170,.T.);
#1681=EDGE_CURVE('',#2278,#2279,#171,.T.);
#1682=EDGE_CURVE('',#2279,#2280,#172,.T.);
#1683=EDGE_CURVE('',#2280,#2281,#173,.T.);
#1684=EDGE_CURVE('',#2281,#2282,#2633,.T.);
#1685=EDGE_CURVE('',#2282,#2283,#2634,.T.);
#1686=EDGE_CURVE('',#2283,#2284,#2635,.T.);
#1687=EDGE_CURVE('',#2284,#2285,#2636,.T.);
#1688=EDGE_CURVE('',#2285,#2286,#2637,.T.);
#1689=EDGE_CURVE('',#2286,#2287,#2638,.T.);
#1690=EDGE_CURVE('',#2287,#2288,#338,.F.);
#1691=EDGE_CURVE('',#2288,#2289,#339,.F.);
#1692=EDGE_CURVE('',#2289,#2290,#174,.T.);
#1693=EDGE_CURVE('',#2290,#2274,#175,.T.);
#1694=EDGE_CURVE('',#2291,#2292,#176,.T.);
#1695=EDGE_CURVE('',#2292,#2293,#177,.T.);
#1696=EDGE_CURVE('',#2293,#2294,#178,.T.);
#1697=EDGE_CURVE('',#2294,#2295,#179,.T.);
#1698=EDGE_CURVE('',#2295,#2296,#180,.T.);
#1699=EDGE_CURVE('',#2296,#2297,#181,.T.);
#1700=EDGE_CURVE('',#2297,#2298,#182,.T.);
#1701=EDGE_CURVE('',#2298,#2299,#2639,.T.);
#1702=EDGE_CURVE('',#2299,#2300,#2640,.T.);
#1703=EDGE_CURVE('',#2300,#2301,#183,.T.);
#1704=EDGE_CURVE('',#2301,#2302,#184,.T.);
#1705=EDGE_CURVE('',#2302,#2303,#340,.T.);
#1706=EDGE_CURVE('',#2303,#2304,#341,.T.);
#1707=EDGE_CURVE('',#2304,#2305,#2641,.T.);
#1708=EDGE_CURVE('',#2305,#2291,#342,.F.);
#1709=EDGE_CURVE('',#2306,#2307,#185,.T.);
#1710=EDGE_CURVE('',#2307,#2308,#186,.T.);
#1711=EDGE_CURVE('',#2308,#2309,#187,.T.);
#1712=EDGE_CURVE('',#2309,#2310,#188,.T.);
#1713=EDGE_CURVE('',#2310,#2311,#189,.T.);
#1714=EDGE_CURVE('',#2311,#2312,#190,.T.);
#1715=EDGE_CURVE('',#2312,#2313,#191,.T.);
#1716=EDGE_CURVE('',#2313,#2314,#2642,.T.);
#1717=EDGE_CURVE('',#2314,#2315,#2643,.T.);
#1718=EDGE_CURVE('',#2315,#2316,#192,.T.);
#1719=EDGE_CURVE('',#2316,#2317,#193,.T.);
#1720=EDGE_CURVE('',#2317,#2318,#343,.T.);
#1721=EDGE_CURVE('',#2318,#2319,#344,.T.);
#1722=EDGE_CURVE('',#2319,#2320,#2644,.T.);
#1723=EDGE_CURVE('',#2320,#2306,#345,.F.);
#1724=EDGE_CURVE('',#2321,#2322,#194,.T.);
#1725=EDGE_CURVE('',#2322,#2323,#195,.T.);
#1726=EDGE_CURVE('',#2323,#2324,#196,.T.);
#1727=EDGE_CURVE('',#2324,#2325,#197,.T.);
#1728=EDGE_CURVE('',#2325,#2326,#198,.T.);
#1729=EDGE_CURVE('',#2326,#2327,#199,.T.);
#1730=EDGE_CURVE('',#2327,#2328,#200,.T.);
#1731=EDGE_CURVE('',#2328,#2329,#2645,.T.);
#1732=EDGE_CURVE('',#2329,#2330,#2646,.T.);
#1733=EDGE_CURVE('',#2330,#2331,#201,.T.);
#1734=EDGE_CURVE('',#2331,#2332,#202,.T.);
#1735=EDGE_CURVE('',#2332,#2333,#346,.T.);
#1736=EDGE_CURVE('',#2333,#2334,#347,.T.);
#1737=EDGE_CURVE('',#2334,#2335,#2647,.T.);
#1738=EDGE_CURVE('',#2335,#2321,#348,.F.);
#1739=EDGE_CURVE('',#2336,#2337,#203,.T.);
#1740=EDGE_CURVE('',#2337,#2338,#204,.T.);
#1741=EDGE_CURVE('',#2338,#2339,#205,.T.);
#1742=EDGE_CURVE('',#2339,#2340,#206,.T.);
#1743=EDGE_CURVE('',#2340,#2341,#349,.F.);
#1744=EDGE_CURVE('',#2341,#2342,#2648,.T.);
#1745=EDGE_CURVE('',#2342,#2343,#350,.T.);
#1746=EDGE_CURVE('',#2343,#2344,#351,.T.);
#1747=EDGE_CURVE('',#2344,#2345,#207,.T.);
#1748=EDGE_CURVE('',#2345,#2346,#352,.T.);
#1749=EDGE_CURVE('',#2346,#2347,#208,.T.);
#1750=EDGE_CURVE('',#2347,#2348,#353,.T.);
#1751=EDGE_CURVE('',#2348,#2349,#209,.T.);
#1752=EDGE_CURVE('',#2349,#2350,#354,.F.);
#1753=EDGE_CURVE('',#2350,#2351,#210,.T.);
#1754=EDGE_CURVE('',#2351,#2352,#211,.T.);
#1755=EDGE_CURVE('',#2352,#2353,#212,.T.);
#1756=EDGE_CURVE('',#2353,#2354,#355,.F.);
#1757=EDGE_CURVE('',#2354,#2355,#2649,.T.);
#1758=EDGE_CURVE('',#2355,#2356,#356,.T.);
#1759=EDGE_CURVE('',#2356,#2357,#357,.T.);
#1760=EDGE_CURVE('',#2357,#2358,#213,.T.);
#1761=EDGE_CURVE('',#2358,#2359,#214,.T.);
#1762=EDGE_CURVE('',#2359,#2360,#215,.T.);
#1763=EDGE_CURVE('',#2360,#2361,#216,.T.);
#1764=EDGE_CURVE('',#2361,#2336,#358,.F.);
#1765=EDGE_CURVE('',#2362,#2363,#2650,.T.);
#1766=EDGE_CURVE('',#2363,#2364,#2651,.T.);
#1767=EDGE_CURVE('',#2364,#2365,#2652,.T.);
#1768=EDGE_CURVE('',#2365,#2366,#2653,.T.);
#1769=EDGE_CURVE('',#2366,#2367,#2654,.T.);
#1770=EDGE_CURVE('',#2367,#2362,#2655,.T.);
#1771=EDGE_CURVE('',#2368,#2369,#2656,.T.);
#1772=EDGE_CURVE('',#2369,#2370,#2657,.T.);
#1773=EDGE_CURVE('',#2370,#2371,#2658,.T.);
#1774=EDGE_CURVE('',#2371,#2372,#2659,.F.);
#1775=EDGE_CURVE('',#2372,#2373,#2660,.T.);
#1776=EDGE_CURVE('',#2374,#2373,#359,.T.);
#1777=EDGE_CURVE('',#2374,#2375,#2661,.T.);
#1778=EDGE_CURVE('',#2376,#2375,#360,.T.);
#1779=EDGE_CURVE('',#2377,#2376,#2662,.T.);
#1780=EDGE_CURVE('',#2378,#2377,#361,.T.);
#1781=EDGE_CURVE('',#2379,#2378,#2663,.T.);
#1782=EDGE_CURVE('',#2368,#2379,#362,.T.);
#1783=EDGE_CURVE('',#2380,#2381,#2664,.T.);
#1784=EDGE_CURVE('',#2380,#2382,#2665,.T.);
#1785=EDGE_CURVE('',#2382,#2383,#2666,.T.);
#1786=EDGE_CURVE('',#2381,#2383,#2667,.T.);
#1787=EDGE_CURVE('',#2384,#2385,#2668,.T.);
#1788=EDGE_CURVE('',#2377,#2384,#2669,.T.);
#1789=EDGE_CURVE('',#2376,#2385,#2670,.T.);
#1790=EDGE_CURVE('',#2385,#2386,#363,.T.);
#1791=EDGE_CURVE('',#2375,#2386,#2671,.T.);
#1792=EDGE_CURVE('',#2374,#2387,#2672,.T.);
#1793=EDGE_CURVE('',#2387,#2386,#2673,.T.);
#1794=EDGE_CURVE('',#2387,#2388,#364,.T.);
#1795=EDGE_CURVE('',#2373,#2388,#2674,.T.);
#1796=EDGE_CURVE('',#2389,#2390,#2675,.T.);
#1797=EDGE_CURVE('',#2390,#2369,#365,.T.);
#1798=EDGE_CURVE('',#2368,#2391,#2676,.T.);
#1799=EDGE_CURVE('',#2391,#2388,#2677,.T.);
#1800=EDGE_CURVE('',#2372,#2392,#366,.T.);
#1801=EDGE_CURVE('',#2393,#2392,#2678,.T.);
#1802=EDGE_CURVE('',#2393,#2394,#367,.T.);
#1803=EDGE_CURVE('',#2395,#2394,#2679,.T.);
#1804=EDGE_CURVE('',#2395,#2389,#368,.T.);
#1805=EDGE_CURVE('',#2391,#2396,#369,.T.);
#1806=EDGE_CURVE('',#2379,#2396,#2680,.T.);
#1807=EDGE_CURVE('',#2396,#2397,#2681,.T.);
#1808=EDGE_CURVE('',#2378,#2397,#2682,.T.);
#1809=EDGE_CURVE('',#2397,#2384,#370,.T.);
#1810=EDGE_CURVE('',#2398,#2399,#371,.T.);
#1811=EDGE_CURVE('',#2400,#2398,#2683,.T.);
#1812=EDGE_CURVE('',#2401,#2400,#372,.T.);
#1813=EDGE_CURVE('',#2401,#2402,#2684,.T.);
#1814=EDGE_CURVE('',#2403,#2402,#373,.T.);
#1815=EDGE_CURVE('',#2403,#2404,#2685,.T.);
#1816=EDGE_CURVE('',#2405,#2404,#374,.T.);
#1817=EDGE_CURVE('',#2399,#2405,#2686,.T.);
#1818=EDGE_CURVE('',#2214,#2398,#2687,.T.);
#1819=EDGE_CURVE('',#2207,#2399,#2688,.F.);
#1820=EDGE_CURVE('',#2213,#2400,#2689,.F.);
#1821=EDGE_CURVE('',#2212,#2401,#2690,.T.);
#1822=EDGE_CURVE('',#2406,#2407,#2691,.T.);
#1823=EDGE_CURVE('',#2408,#2406,#375,.T.);
#1824=EDGE_CURVE('',#2409,#2408,#2692,.T.);
#1825=EDGE_CURVE('',#2410,#2409,#376,.T.);
#1826=EDGE_CURVE('',#2410,#2411,#2693,.T.);
#1827=EDGE_CURVE('',#2412,#2411,#377,.T.);
#1828=EDGE_CURVE('',#2412,#2413,#2694,.T.);
#1829=EDGE_CURVE('',#2407,#2413,#378,.T.);
#1830=EDGE_CURVE('',#2211,#2402,#2695,.F.);
#1831=EDGE_CURVE('',#2210,#2403,#2696,.T.);
#1832=EDGE_CURVE('',#2209,#2404,#2697,.F.);
#1833=EDGE_CURVE('',#2208,#2405,#2698,.T.);
#1834=EDGE_CURVE('',#2381,#2217,#2699,.T.);
#1835=EDGE_CURVE('',#2380,#2215,#2700,.T.);
#1836=EDGE_CURVE('',#2382,#2216,#2701,.T.);
#1837=EDGE_CURVE('',#2383,#2218,#2702,.T.);
#1838=EDGE_CURVE('',#2414,#2370,#379,.T.);
#1839=EDGE_CURVE('',#2415,#2414,#2703,.T.);
#1840=EDGE_CURVE('',#2371,#2415,#380,.T.);
#1841=EDGE_CURVE('',#2408,#2390,#2704,.T.);
#1842=EDGE_CURVE('',#2406,#2414,#2705,.T.);
#1843=EDGE_CURVE('',#2409,#2389,#2706,.T.);
#1844=EDGE_CURVE('',#2410,#2395,#2707,.T.);
#1845=EDGE_CURVE('',#2411,#2394,#2708,.T.);
#1846=EDGE_CURVE('',#2412,#2393,#2709,.T.);
#1847=EDGE_CURVE('',#2413,#2392,#2710,.T.);
#1848=EDGE_CURVE('',#2407,#2415,#2711,.T.);
#1849=EDGE_CURVE('',#2416,#2220,#2712,.T.);
#1850=EDGE_CURVE('',#2416,#2417,#217,.T.);
#1851=EDGE_CURVE('',#2417,#2221,#2713,.T.);
#1852=EDGE_CURVE('',#2418,#2219,#2714,.T.);
#1853=EDGE_CURVE('',#2418,#2416,#218,.T.);
#1854=EDGE_CURVE('',#2419,#2233,#2715,.T.);
#1855=EDGE_CURVE('',#2419,#2418,#381,.F.);
#1856=EDGE_CURVE('',#2420,#2232,#2716,.T.);
#1857=EDGE_CURVE('',#2420,#2419,#2717,.T.);
#1858=EDGE_CURVE('',#2421,#2231,#2718,.T.);
#1859=EDGE_CURVE('',#2421,#2420,#382,.T.);
#1860=EDGE_CURVE('',#2422,#2230,#2719,.T.);
#1861=EDGE_CURVE('',#2422,#2421,#383,.T.);
#1862=EDGE_CURVE('',#2423,#2229,#2720,.T.);
#1863=EDGE_CURVE('',#2423,#2422,#219,.T.);
#1864=EDGE_CURVE('',#2424,#2228,#2721,.T.);
#1865=EDGE_CURVE('',#2424,#2423,#220,.T.);
#1866=EDGE_CURVE('',#2425,#2227,#2722,.T.);
#1867=EDGE_CURVE('',#2425,#2424,#2723,.T.);
#1868=EDGE_CURVE('',#2426,#2226,#2724,.T.);
#1869=EDGE_CURVE('',#2426,#2425,#2725,.T.);
#1870=EDGE_CURVE('',#2427,#2225,#2726,.T.);
#1871=EDGE_CURVE('',#2427,#2426,#221,.T.);
#1872=EDGE_CURVE('',#2428,#2224,#2727,.T.);
#1873=EDGE_CURVE('',#2428,#2427,#222,.T.);
#1874=EDGE_CURVE('',#2429,#2223,#2728,.T.);
#1875=EDGE_CURVE('',#2429,#2428,#223,.T.);
#1876=EDGE_CURVE('',#2430,#2222,#2729,.T.);
#1877=EDGE_CURVE('',#2430,#2429,#224,.T.);
#1878=EDGE_CURVE('',#2431,#2432,#225,.T.);
#1879=EDGE_CURVE('',#2433,#2431,#2730,.T.);
#1880=EDGE_CURVE('',#2433,#2434,#226,.T.);
#1881=EDGE_CURVE('',#2434,#2432,#2731,.T.);
#1882=EDGE_CURVE('',#2435,#2431,#227,.T.);
#1883=EDGE_CURVE('',#2436,#2435,#2732,.T.);
#1884=EDGE_CURVE('',#2436,#2433,#228,.T.);
#1885=EDGE_CURVE('',#2437,#2435,#229,.T.);
#1886=EDGE_CURVE('',#2438,#2437,#2733,.T.);
#1887=EDGE_CURVE('',#2438,#2436,#230,.T.);
#1888=EDGE_CURVE('',#2439,#2437,#2734,.T.);
#1889=EDGE_CURVE('',#2440,#2439,#2735,.T.);
#1890=EDGE_CURVE('',#2440,#2438,#2736,.T.);
#1891=EDGE_CURVE('',#2432,#2439,#231,.T.);
#1892=EDGE_CURVE('',#2434,#2440,#232,.T.);
#1893=EDGE_CURVE('',#2417,#2430,#233,.T.);
#1894=EDGE_CURVE('',#2441,#2235,#2737,.T.);
#1895=EDGE_CURVE('',#2441,#2442,#2738,.T.);
#1896=EDGE_CURVE('',#2442,#2236,#2739,.T.);
#1897=EDGE_CURVE('',#2443,#2234,#2740,.T.);
#1898=EDGE_CURVE('',#2443,#2441,#2741,.T.);
#1899=EDGE_CURVE('',#2444,#2243,#2742,.T.);
#1900=EDGE_CURVE('',#2444,#2443,#2743,.T.);
#1901=EDGE_CURVE('',#2445,#2242,#2744,.T.);
#1902=EDGE_CURVE('',#2445,#2444,#2745,.T.);
#1903=EDGE_CURVE('',#2446,#2241,#2746,.T.);
#1904=EDGE_CURVE('',#2446,#2445,#2747,.T.);
#1905=EDGE_CURVE('',#2447,#2240,#2748,.T.);
#1906=EDGE_CURVE('',#2447,#2446,#234,.T.);
#1907=EDGE_CURVE('',#2448,#2239,#2749,.T.);
#1908=EDGE_CURVE('',#2448,#2447,#2750,.T.);
#1909=EDGE_CURVE('',#2449,#2238,#2751,.T.);
#1910=EDGE_CURVE('',#2449,#2448,#384,.F.);
#1911=EDGE_CURVE('',#2450,#2237,#2752,.T.);
#1912=EDGE_CURVE('',#2450,#2449,#2753,.T.);
#1913=EDGE_CURVE('',#2442,#2450,#2754,.T.);
#1914=EDGE_CURVE('',#2451,#2245,#2755,.T.);
#1915=EDGE_CURVE('',#2451,#2452,#2756,.T.);
#1916=EDGE_CURVE('',#2452,#2246,#2757,.T.);
#1917=EDGE_CURVE('',#2453,#2244,#2758,.T.);
#1918=EDGE_CURVE('',#2453,#2451,#2759,.T.);
#1919=EDGE_CURVE('',#2454,#2247,#2760,.T.);
#1920=EDGE_CURVE('',#2454,#2453,#2761,.T.);
#1921=EDGE_CURVE('',#2452,#2454,#2762,.T.);
#1922=EDGE_CURVE('',#2455,#2249,#2763,.T.);
#1923=EDGE_CURVE('',#2455,#2456,#235,.T.);
#1924=EDGE_CURVE('',#2456,#2250,#2764,.T.);
#1925=EDGE_CURVE('',#2457,#2248,#2765,.T.);
#1926=EDGE_CURVE('',#2457,#2455,#236,.T.);
#1927=EDGE_CURVE('',#2458,#2273,#2766,.T.);
#1928=EDGE_CURVE('',#2458,#2457,#385,.F.);
#1929=EDGE_CURVE('',#2459,#2272,#2767,.T.);
#1930=EDGE_CURVE('',#2459,#2458,#237,.T.);
#1931=EDGE_CURVE('',#2460,#2271,#2768,.T.);
#1932=EDGE_CURVE('',#2460,#2459,#238,.T.);
#1933=EDGE_CURVE('',#2461,#2270,#2769,.T.);
#1934=EDGE_CURVE('',#2461,#2460,#239,.T.);
#1935=EDGE_CURVE('',#2462,#2269,#2770,.T.);
#1936=EDGE_CURVE('',#2462,#2461,#240,.T.);
#1937=EDGE_CURVE('',#2463,#2268,#2771,.T.);
#1938=EDGE_CURVE('',#2463,#2462,#386,.T.);
#1939=EDGE_CURVE('',#2464,#2267,#2772,.T.);
#1940=EDGE_CURVE('',#2464,#2463,#387,.T.);
#1941=EDGE_CURVE('',#2465,#2266,#2773,.T.);
#1942=EDGE_CURVE('',#2465,#2464,#2774,.T.);
#1943=EDGE_CURVE('',#2466,#2265,#2775,.T.);
#1944=EDGE_CURVE('',#2466,#2465,#388,.F.);
#1945=EDGE_CURVE('',#2467,#2264,#2776,.T.);
#1946=EDGE_CURVE('',#2467,#2466,#241,.T.);
#1947=EDGE_CURVE('',#2468,#2263,#2777,.T.);
#1948=EDGE_CURVE('',#2468,#2467,#242,.T.);
#1949=EDGE_CURVE('',#2469,#2262,#2778,.T.);
#1950=EDGE_CURVE('',#2469,#2468,#243,.T.);
#1951=EDGE_CURVE('',#2470,#2261,#2779,.T.);
#1952=EDGE_CURVE('',#2470,#2469,#389,.F.);
#1953=EDGE_CURVE('',#2471,#2260,#2780,.T.);
#1954=EDGE_CURVE('',#2471,#2470,#244,.T.);
#1955=EDGE_CURVE('',#2472,#2259,#2781,.T.);
#1956=EDGE_CURVE('',#2472,#2471,#390,.T.);
#1957=EDGE_CURVE('',#2473,#2258,#2782,.T.);
#1958=EDGE_CURVE('',#2473,#2472,#245,.T.);
#1959=EDGE_CURVE('',#2474,#2257,#2783,.T.);
#1960=EDGE_CURVE('',#2474,#2473,#391,.T.);
#1961=EDGE_CURVE('',#2475,#2256,#2784,.T.);
#1962=EDGE_CURVE('',#2475,#2474,#246,.T.);
#1963=EDGE_CURVE('',#2476,#2255,#2785,.T.);
#1964=EDGE_CURVE('',#2476,#2475,#392,.T.);
#1965=EDGE_CURVE('',#2477,#2254,#2786,.T.);
#1966=EDGE_CURVE('',#2477,#2476,#393,.T.);
#1967=EDGE_CURVE('',#2478,#2253,#2787,.T.);
#1968=EDGE_CURVE('',#2478,#2477,#2788,.T.);
#1969=EDGE_CURVE('',#2479,#2252,#2789,.T.);
#1970=EDGE_CURVE('',#2479,#2478,#394,.F.);
#1971=EDGE_CURVE('',#2480,#2251,#2790,.T.);
#1972=EDGE_CURVE('',#2480,#2479,#247,.T.);
#1973=EDGE_CURVE('',#2456,#2480,#248,.T.);
#1974=EDGE_CURVE('',#2481,#2275,#2791,.T.);
#1975=EDGE_CURVE('',#2481,#2482,#2792,.T.);
#1976=EDGE_CURVE('',#2482,#2276,#2793,.T.);
#1977=EDGE_CURVE('',#2483,#2274,#2794,.T.);
#1978=EDGE_CURVE('',#2483,#2481,#2795,.T.);
#1979=EDGE_CURVE('',#2484,#2290,#2796,.T.);
#1980=EDGE_CURVE('',#2484,#2483,#249,.T.);
#1981=EDGE_CURVE('',#2485,#2289,#2797,.T.);
#1982=EDGE_CURVE('',#2485,#2484,#250,.T.);
#1983=EDGE_CURVE('',#2486,#2288,#2798,.T.);
#1984=EDGE_CURVE('',#2486,#2485,#395,.F.);
#1985=EDGE_CURVE('',#2487,#2287,#2799,.T.);
#1986=EDGE_CURVE('',#2487,#2486,#396,.F.);
#1987=EDGE_CURVE('',#2488,#2286,#2800,.T.);
#1988=EDGE_CURVE('',#2488,#2487,#2801,.T.);
#1989=EDGE_CURVE('',#2489,#2285,#2802,.T.);
#1990=EDGE_CURVE('',#2489,#2488,#2803,.T.);
#1991=EDGE_CURVE('',#2490,#2284,#2804,.T.);
#1992=EDGE_CURVE('',#2490,#2489,#2805,.T.);
#1993=EDGE_CURVE('',#2491,#2283,#2806,.T.);
#1994=EDGE_CURVE('',#2491,#2490,#2807,.T.);
#1995=EDGE_CURVE('',#2492,#2282,#2808,.T.);
#1996=EDGE_CURVE('',#2492,#2491,#2809,.T.);
#1997=EDGE_CURVE('',#2493,#2281,#2810,.T.);
#1998=EDGE_CURVE('',#2493,#2492,#2811,.T.);
#1999=EDGE_CURVE('',#2494,#2280,#2812,.T.);
#2000=EDGE_CURVE('',#2494,#2493,#251,.T.);
#2001=EDGE_CURVE('',#2495,#2279,#2813,.T.);
#2002=EDGE_CURVE('',#2495,#2494,#252,.T.);
#2003=EDGE_CURVE('',#2496,#2278,#2814,.T.);
#2004=EDGE_CURVE('',#2496,#2495,#253,.T.);
#2005=EDGE_CURVE('',#2497,#2277,#2815,.T.);
#2006=EDGE_CURVE('',#2497,#2496,#254,.T.);
#2007=EDGE_CURVE('',#2482,#2497,#2816,.T.);
#2008=EDGE_CURVE('',#2498,#2292,#2817,.T.);
#2009=EDGE_CURVE('',#2498,#2499,#255,.T.);
#2010=EDGE_CURVE('',#2499,#2293,#2818,.T.);
#2011=EDGE_CURVE('',#2500,#2291,#2819,.T.);
#2012=EDGE_CURVE('',#2500,#2498,#256,.T.);
#2013=EDGE_CURVE('',#2501,#2305,#2820,.T.);
#2014=EDGE_CURVE('',#2501,#2500,#397,.F.);
#2015=EDGE_CURVE('',#2502,#2304,#2821,.T.);
#2016=EDGE_CURVE('',#2502,#2501,#2822,.T.);
#2017=EDGE_CURVE('',#2503,#2303,#2823,.T.);
#2018=EDGE_CURVE('',#2503,#2502,#398,.T.);
#2019=EDGE_CURVE('',#2504,#2302,#2824,.T.);
#2020=EDGE_CURVE('',#2504,#2503,#399,.T.);
#2021=EDGE_CURVE('',#2505,#2301,#2825,.T.);
#2022=EDGE_CURVE('',#2505,#2504,#257,.T.);
#2023=EDGE_CURVE('',#2506,#2300,#2826,.T.);
#2024=EDGE_CURVE('',#2506,#2505,#258,.T.);
#2025=EDGE_CURVE('',#2507,#2299,#2827,.T.);
#2026=EDGE_CURVE('',#2507,#2506,#2828,.T.);
#2027=EDGE_CURVE('',#2508,#2298,#2829,.T.);
#2028=EDGE_CURVE('',#2508,#2507,#2830,.T.);
#2029=EDGE_CURVE('',#2509,#2297,#2831,.T.);
#2030=EDGE_CURVE('',#2509,#2508,#259,.T.);
#2031=EDGE_CURVE('',#2510,#2296,#2832,.T.);
#2032=EDGE_CURVE('',#2510,#2509,#260,.T.);
#2033=EDGE_CURVE('',#2511,#2295,#2833,.T.);
#2034=EDGE_CURVE('',#2511,#2510,#261,.T.);
#2035=EDGE_CURVE('',#2512,#2294,#2834,.T.);
#2036=EDGE_CURVE('',#2512,#2511,#262,.T.);
#2037=EDGE_CURVE('',#2513,#2514,#263,.T.);
#2038=EDGE_CURVE('',#2515,#2513,#2835,.T.);
#2039=EDGE_CURVE('',#2515,#2516,#264,.T.);
#2040=EDGE_CURVE('',#2516,#2514,#2836,.T.);
#2041=EDGE_CURVE('',#2517,#2513,#265,.T.);
#2042=EDGE_CURVE('',#2518,#2517,#2837,.T.);
#2043=EDGE_CURVE('',#2518,#2515,#266,.T.);
#2044=EDGE_CURVE('',#2519,#2517,#267,.T.);
#2045=EDGE_CURVE('',#2520,#2519,#2838,.T.);
#2046=EDGE_CURVE('',#2520,#2518,#268,.T.);
#2047=EDGE_CURVE('',#2521,#2519,#2839,.T.);
#2048=EDGE_CURVE('',#2522,#2521,#2840,.T.);
#2049=EDGE_CURVE('',#2522,#2520,#2841,.T.);
#2050=EDGE_CURVE('',#2514,#2521,#269,.T.);
#2051=EDGE_CURVE('',#2516,#2522,#270,.T.);
#2052=EDGE_CURVE('',#2499,#2512,#271,.T.);
#2053=EDGE_CURVE('',#2523,#2307,#2842,.T.);
#2054=EDGE_CURVE('',#2523,#2524,#272,.T.);
#2055=EDGE_CURVE('',#2524,#2308,#2843,.T.);
#2056=EDGE_CURVE('',#2525,#2306,#2844,.T.);
#2057=EDGE_CURVE('',#2525,#2523,#273,.T.);
#2058=EDGE_CURVE('',#2526,#2320,#2845,.T.);
#2059=EDGE_CURVE('',#2526,#2525,#400,.F.);
#2060=EDGE_CURVE('',#2527,#2319,#2846,.T.);
#2061=EDGE_CURVE('',#2527,#2526,#2847,.T.);
#2062=EDGE_CURVE('',#2528,#2318,#2848,.T.);
#2063=EDGE_CURVE('',#2528,#2527,#401,.T.);
#2064=EDGE_CURVE('',#2529,#2317,#2849,.T.);
#2065=EDGE_CURVE('',#2529,#2528,#402,.T.);
#2066=EDGE_CURVE('',#2530,#2316,#2850,.T.);
#2067=EDGE_CURVE('',#2530,#2529,#274,.T.);
#2068=EDGE_CURVE('',#2531,#2315,#2851,.T.);
#2069=EDGE_CURVE('',#2531,#2530,#275,.T.);
#2070=EDGE_CURVE('',#2532,#2314,#2852,.T.);
#2071=EDGE_CURVE('',#2532,#2531,#2853,.T.);
#2072=EDGE_CURVE('',#2533,#2313,#2854,.T.);
#2073=EDGE_CURVE('',#2533,#2532,#2855,.T.);
#2074=EDGE_CURVE('',#2534,#2312,#2856,.T.);
#2075=EDGE_CURVE('',#2534,#2533,#276,.T.);
#2076=EDGE_CURVE('',#2535,#2311,#2857,.T.);
#2077=EDGE_CURVE('',#2535,#2534,#277,.T.);
#2078=EDGE_CURVE('',#2536,#2310,#2858,.T.);
#2079=EDGE_CURVE('',#2536,#2535,#278,.T.);
#2080=EDGE_CURVE('',#2537,#2309,#2859,.T.);
#2081=EDGE_CURVE('',#2537,#2536,#279,.T.);
#2082=EDGE_CURVE('',#2538,#2539,#280,.T.);
#2083=EDGE_CURVE('',#2540,#2538,#2860,.T.);
#2084=EDGE_CURVE('',#2540,#2541,#281,.T.);
#2085=EDGE_CURVE('',#2541,#2539,#2861,.T.);
#2086=EDGE_CURVE('',#2542,#2538,#282,.T.);
#2087=EDGE_CURVE('',#2543,#2542,#2862,.T.);
#2088=EDGE_CURVE('',#2543,#2540,#283,.T.);
#2089=EDGE_CURVE('',#2544,#2542,#284,.T.);
#2090=EDGE_CURVE('',#2545,#2544,#2863,.T.);
#2091=EDGE_CURVE('',#2545,#2543,#285,.T.);
#2092=EDGE_CURVE('',#2546,#2544,#2864,.T.);
#2093=EDGE_CURVE('',#2547,#2546,#2865,.T.);
#2094=EDGE_CURVE('',#2547,#2545,#2866,.T.);
#2095=EDGE_CURVE('',#2539,#2546,#286,.T.);
#2096=EDGE_CURVE('',#2541,#2547,#287,.T.);
#2097=EDGE_CURVE('',#2524,#2537,#288,.T.);
#2098=EDGE_CURVE('',#2548,#2322,#2867,.T.);
#2099=EDGE_CURVE('',#2548,#2549,#289,.T.);
#2100=EDGE_CURVE('',#2549,#2323,#2868,.T.);
#2101=EDGE_CURVE('',#2550,#2321,#2869,.T.);
#2102=EDGE_CURVE('',#2550,#2548,#290,.T.);
#2103=EDGE_CURVE('',#2551,#2335,#2870,.T.);
#2104=EDGE_CURVE('',#2551,#2550,#403,.F.);
#2105=EDGE_CURVE('',#2552,#2334,#2871,.T.);
#2106=EDGE_CURVE('',#2552,#2551,#2872,.T.);
#2107=EDGE_CURVE('',#2553,#2333,#2873,.T.);
#2108=EDGE_CURVE('',#2553,#2552,#404,.T.);
#2109=EDGE_CURVE('',#2554,#2332,#2874,.T.);
#2110=EDGE_CURVE('',#2554,#2553,#405,.T.);
#2111=EDGE_CURVE('',#2555,#2331,#2875,.T.);
#2112=EDGE_CURVE('',#2555,#2554,#291,.T.);
#2113=EDGE_CURVE('',#2556,#2330,#2876,.T.);
#2114=EDGE_CURVE('',#2556,#2555,#292,.T.);
#2115=EDGE_CURVE('',#2557,#2329,#2877,.T.);
#2116=EDGE_CURVE('',#2557,#2556,#2878,.T.);
#2117=EDGE_CURVE('',#2558,#2328,#2879,.T.);
#2118=EDGE_CURVE('',#2558,#2557,#2880,.T.);
#2119=EDGE_CURVE('',#2559,#2327,#2881,.T.);
#2120=EDGE_CURVE('',#2559,#2558,#293,.T.);
#2121=EDGE_CURVE('',#2560,#2326,#2882,.T.);
#2122=EDGE_CURVE('',#2560,#2559,#294,.T.);
#2123=EDGE_CURVE('',#2561,#2325,#2883,.T.);
#2124=EDGE_CURVE('',#2561,#2560,#295,.T.);
#2125=EDGE_CURVE('',#2562,#2324,#2884,.T.);
#2126=EDGE_CURVE('',#2562,#2561,#296,.T.);
#2127=EDGE_CURVE('',#2563,#2564,#297,.T.);
#2128=EDGE_CURVE('',#2565,#2563,#2885,.T.);
#2129=EDGE_CURVE('',#2565,#2566,#298,.T.);
#2130=EDGE_CURVE('',#2566,#2564,#2886,.T.);
#2131=EDGE_CURVE('',#2567,#2563,#299,.T.);
#2132=EDGE_CURVE('',#2568,#2567,#2887,.T.);
#2133=EDGE_CURVE('',#2568,#2565,#300,.T.);
#2134=EDGE_CURVE('',#2569,#2567,#301,.T.);
#2135=EDGE_CURVE('',#2570,#2569,#2888,.T.);
#2136=EDGE_CURVE('',#2570,#2568,#302,.T.);
#2137=EDGE_CURVE('',#2571,#2569,#2889,.T.);
#2138=EDGE_CURVE('',#2572,#2571,#2890,.T.);
#2139=EDGE_CURVE('',#2572,#2570,#2891,.T.);
#2140=EDGE_CURVE('',#2564,#2571,#303,.T.);
#2141=EDGE_CURVE('',#2566,#2572,#304,.T.);
#2142=EDGE_CURVE('',#2549,#2562,#305,.T.);
#2143=EDGE_CURVE('',#2573,#2337,#2892,.T.);
#2144=EDGE_CURVE('',#2573,#2574,#306,.T.);
#2145=EDGE_CURVE('',#2574,#2338,#2893,.T.);
#2146=EDGE_CURVE('',#2575,#2336,#2894,.T.);
#2147=EDGE_CURVE('',#2575,#2573,#307,.T.);
#2148=EDGE_CURVE('',#2576,#2361,#2895,.T.);
#2149=EDGE_CURVE('',#2576,#2575,#406,.F.);
#2150=EDGE_CURVE('',#2577,#2360,#2896,.T.);
#2151=EDGE_CURVE('',#2577,#2576,#308,.T.);
#2152=EDGE_CURVE('',#2578,#2359,#2897,.T.);
#2153=EDGE_CURVE('',#2578,#2577,#309,.T.);
#2154=EDGE_CURVE('',#2579,#2358,#2898,.T.);
#2155=EDGE_CURVE('',#2579,#2578,#310,.T.);
#2156=EDGE_CURVE('',#2580,#2357,#2899,.T.);
#2157=EDGE_CURVE('',#2580,#2579,#311,.T.);
#2158=EDGE_CURVE('',#2581,#2356,#2900,.T.);
#2159=EDGE_CURVE('',#2581,#2580,#407,.T.);
#2160=EDGE_CURVE('',#2582,#2355,#2901,.T.);
#2161=EDGE_CURVE('',#2582,#2581,#408,.T.);
#2162=EDGE_CURVE('',#2583,#2354,#2902,.T.);
#2163=EDGE_CURVE('',#2583,#2582,#2903,.T.);
#2164=EDGE_CURVE('',#2584,#2353,#2904,.T.);
#2165=EDGE_CURVE('',#2584,#2583,#409,.F.);
#2166=EDGE_CURVE('',#2585,#2352,#2905,.T.);
#2167=EDGE_CURVE('',#2585,#2584,#312,.T.);
#2168=EDGE_CURVE('',#2586,#2351,#2906,.T.);
#2169=EDGE_CURVE('',#2586,#2585,#313,.T.);
#2170=EDGE_CURVE('',#2587,#2350,#2907,.T.);
#2171=EDGE_CURVE('',#2587,#2586,#314,.T.);
#2172=EDGE_CURVE('',#2588,#2349,#2908,.T.);
#2173=EDGE_CURVE('',#2588,#2587,#410,.F.);
#2174=EDGE_CURVE('',#2589,#2348,#2909,.T.);
#2175=EDGE_CURVE('',#2589,#2588,#315,.T.);
#2176=EDGE_CURVE('',#2590,#2347,#2910,.T.);
#2177=EDGE_CURVE('',#2590,#2589,#411,.T.);
#2178=EDGE_CURVE('',#2591,#2346,#2911,.T.);
#2179=EDGE_CURVE('',#2591,#2590,#316,.T.);
#2180=EDGE_CURVE('',#2592,#2345,#2912,.T.);
#2181=EDGE_CURVE('',#2592,#2591,#412,.T.);
#2182=EDGE_CURVE('',#2593,#2344,#2913,.T.);
#2183=EDGE_CURVE('',#2593,#2592,#317,.T.);
#2184=EDGE_CURVE('',#2594,#2343,#2914,.T.);
#2185=EDGE_CURVE('',#2594,#2593,#413,.T.);
#2186=EDGE_CURVE('',#2595,#2342,#2915,.T.);
#2187=EDGE_CURVE('',#2595,#2594,#414,.T.);
#2188=EDGE_CURVE('',#2596,#2341,#2916,.T.);
#2189=EDGE_CURVE('',#2596,#2595,#2917,.T.);
#2190=EDGE_CURVE('',#2597,#2340,#2918,.T.);
#2191=EDGE_CURVE('',#2597,#2596,#415,.F.);
#2192=EDGE_CURVE('',#2598,#2339,#2919,.T.);
#2193=EDGE_CURVE('',#2598,#2597,#318,.T.);
#2194=EDGE_CURVE('',#2574,#2598,#319,.T.);
#2195=EDGE_CURVE('',#2599,#2363,#2920,.T.);
#2196=EDGE_CURVE('',#2599,#2600,#2921,.T.);
#2197=EDGE_CURVE('',#2600,#2364,#2922,.T.);
#2198=EDGE_CURVE('',#2601,#2362,#2923,.T.);
#2199=EDGE_CURVE('',#2601,#2599,#2924,.T.);
#2200=EDGE_CURVE('',#2602,#2367,#2925,.T.);
#2201=EDGE_CURVE('',#2602,#2601,#2926,.T.);
#2202=EDGE_CURVE('',#2603,#2366,#2927,.T.);
#2203=EDGE_CURVE('',#2603,#2602,#2928,.T.);
#2204=EDGE_CURVE('',#2604,#2365,#2929,.T.);
#2205=EDGE_CURVE('',#2604,#2603,#2930,.T.);
#2206=EDGE_CURVE('',#2600,#2604,#2931,.T.);
#2207=VERTEX_POINT('',#5038);
#2208=VERTEX_POINT('',#5039);
#2209=VERTEX_POINT('',#5041);
#2210=VERTEX_POINT('',#5043);
#2211=VERTEX_POINT('',#5045);
#2212=VERTEX_POINT('',#5047);
#2213=VERTEX_POINT('',#5049);
#2214=VERTEX_POINT('',#5051);
#2215=VERTEX_POINT('',#5054);
#2216=VERTEX_POINT('',#5055);
#2217=VERTEX_POINT('',#5057);
#2218=VERTEX_POINT('',#5059);
#2219=VERTEX_POINT('',#5064);
#2220=VERTEX_POINT('',#5065);
#2221=VERTEX_POINT('',#5069);
#2222=VERTEX_POINT('',#5073);
#2223=VERTEX_POINT('',#5077);
#2224=VERTEX_POINT('',#5081);
#2225=VERTEX_POINT('',#5085);
#2226=VERTEX_POINT('',#5089);
#2227=VERTEX_POINT('',#5091);
#2228=VERTEX_POINT('',#5093);
#2229=VERTEX_POINT('',#5097);
#2230=VERTEX_POINT('',#5101);
#2231=VERTEX_POINT('',#5103);
#2232=VERTEX_POINT('',#5105);
#2233=VERTEX_POINT('',#5107);
#2234=VERTEX_POINT('',#5110);
#2235=VERTEX_POINT('',#5111);
#2236=VERTEX_POINT('',#5113);
#2237=VERTEX_POINT('',#5115);
#2238=VERTEX_POINT('',#5117);
#2239=VERTEX_POINT('',#5119);
#2240=VERTEX_POINT('',#5121);
#2241=VERTEX_POINT('',#5125);
#2242=VERTEX_POINT('',#5127);
#2243=VERTEX_POINT('',#5129);
#2244=VERTEX_POINT('',#5132);
#2245=VERTEX_POINT('',#5133);
#2246=VERTEX_POINT('',#5135);
#2247=VERTEX_POINT('',#5137);
#2248=VERTEX_POINT('',#5142);
#2249=VERTEX_POINT('',#5143);
#2250=VERTEX_POINT('',#5147);
#2251=VERTEX_POINT('',#5151);
#2252=VERTEX_POINT('',#5155);
#2253=VERTEX_POINT('',#5157);
#2254=VERTEX_POINT('',#5159);
#2255=VERTEX_POINT('',#5161);
#2256=VERTEX_POINT('',#5163);
#2257=VERTEX_POINT('',#5167);
#2258=VERTEX_POINT('',#5169);
#2259=VERTEX_POINT('',#5173);
#2260=VERTEX_POINT('',#5175);
#2261=VERTEX_POINT('',#5179);
#2262=VERTEX_POINT('',#5181);
#2263=VERTEX_POINT('',#5185);
#2264=VERTEX_POINT('',#5189);
#2265=VERTEX_POINT('',#5193);
#2266=VERTEX_POINT('',#5195);
#2267=VERTEX_POINT('',#5197);
#2268=VERTEX_POINT('',#5199);
#2269=VERTEX_POINT('',#5201);
#2270=VERTEX_POINT('',#5205);
#2271=VERTEX_POINT('',#5209);
#2272=VERTEX_POINT('',#5213);
#2273=VERTEX_POINT('',#5217);
#2274=VERTEX_POINT('',#5220);
#2275=VERTEX_POINT('',#5221);
#2276=VERTEX_POINT('',#5223);
#2277=VERTEX_POINT('',#5225);
#2278=VERTEX_POINT('',#5229);
#2279=VERTEX_POINT('',#5233);
#2280=VERTEX_POINT('',#5237);
#2281=VERTEX_POINT('',#5241);
#2282=VERTEX_POINT('',#5243);
#2283=VERTEX_POINT('',#5245);
#2284=VERTEX_POINT('',#5247);
#2285=VERTEX_POINT('',#5249);
#2286=VERTEX_POINT('',#5251);
#2287=VERTEX_POINT('',#5253);
#2288=VERTEX_POINT('',#5255);
#2289=VERTEX_POINT('',#5257);
#2290=VERTEX_POINT('',#5261);
#2291=VERTEX_POINT('',#5268);
#2292=VERTEX_POINT('',#5269);
#2293=VERTEX_POINT('',#5273);
#2294=VERTEX_POINT('',#5277);
#2295=VERTEX_POINT('',#5281);
#2296=VERTEX_POINT('',#5285);
#2297=VERTEX_POINT('',#5289);
#2298=VERTEX_POINT('',#5293);
#2299=VERTEX_POINT('',#5295);
#2300=VERTEX_POINT('',#5297);
#2301=VERTEX_POINT('',#5301);
#2302=VERTEX_POINT('',#5305);
#2303=VERTEX_POINT('',#5307);
#2304=VERTEX_POINT('',#5309);
#2305=VERTEX_POINT('',#5311);
#2306=VERTEX_POINT('',#5316);
#2307=VERTEX_POINT('',#5317);
#2308=VERTEX_POINT('',#5321);
#2309=VERTEX_POINT('',#5325);
#2310=VERTEX_POINT('',#5329);
#2311=VERTEX_POINT('',#5333);
#2312=VERTEX_POINT('',#5337);
#2313=VERTEX_POINT('',#5341);
#2314=VERTEX_POINT('',#5343);
#2315=VERTEX_POINT('',#5345);
#2316=VERTEX_POINT('',#5349);
#2317=VERTEX_POINT('',#5353);
#2318=VERTEX_POINT('',#5355);
#2319=VERTEX_POINT('',#5357);
#2320=VERTEX_POINT('',#5359);
#2321=VERTEX_POINT('',#5364);
#2322=VERTEX_POINT('',#5365);
#2323=VERTEX_POINT('',#5369);
#2324=VERTEX_POINT('',#5373);
#2325=VERTEX_POINT('',#5377);
#2326=VERTEX_POINT('',#5381);
#2327=VERTEX_POINT('',#5385);
#2328=VERTEX_POINT('',#5389);
#2329=VERTEX_POINT('',#5391);
#2330=VERTEX_POINT('',#5393);
#2331=VERTEX_POINT('',#5397);
#2332=VERTEX_POINT('',#5401);
#2333=VERTEX_POINT('',#5403);
#2334=VERTEX_POINT('',#5405);
#2335=VERTEX_POINT('',#5407);
#2336=VERTEX_POINT('',#5412);
#2337=VERTEX_POINT('',#5413);
#2338=VERTEX_POINT('',#5417);
#2339=VERTEX_POINT('',#5421);
#2340=VERTEX_POINT('',#5425);
#2341=VERTEX_POINT('',#5427);
#2342=VERTEX_POINT('',#5429);
#2343=VERTEX_POINT('',#5431);
#2344=VERTEX_POINT('',#5433);
#2345=VERTEX_POINT('',#5437);
#2346=VERTEX_POINT('',#5439);
#2347=VERTEX_POINT('',#5443);
#2348=VERTEX_POINT('',#5445);
#2349=VERTEX_POINT('',#5449);
#2350=VERTEX_POINT('',#5451);
#2351=VERTEX_POINT('',#5455);
#2352=VERTEX_POINT('',#5459);
#2353=VERTEX_POINT('',#5463);
#2354=VERTEX_POINT('',#5465);
#2355=VERTEX_POINT('',#5467);
#2356=VERTEX_POINT('',#5469);
#2357=VERTEX_POINT('',#5471);
#2358=VERTEX_POINT('',#5475);
#2359=VERTEX_POINT('',#5479);
#2360=VERTEX_POINT('',#5483);
#2361=VERTEX_POINT('',#5487);
#2362=VERTEX_POINT('',#5490);
#2363=VERTEX_POINT('',#5491);
#2364=VERTEX_POINT('',#5493);
#2365=VERTEX_POINT('',#5495);
#2366=VERTEX_POINT('',#5497);
#2367=VERTEX_POINT('',#5499);
#2368=VERTEX_POINT('',#5503);
#2369=VERTEX_POINT('',#5504);
#2370=VERTEX_POINT('',#5506);
#2371=VERTEX_POINT('',#5508);
#2372=VERTEX_POINT('',#5510);
#2373=VERTEX_POINT('',#5512);
#2374=VERTEX_POINT('',#5514);
#2375=VERTEX_POINT('',#5516);
#2376=VERTEX_POINT('',#5518);
#2377=VERTEX_POINT('',#5520);
#2378=VERTEX_POINT('',#5522);
#2379=VERTEX_POINT('',#5524);
#2380=VERTEX_POINT('',#5527);
#2381=VERTEX_POINT('',#5528);
#2382=VERTEX_POINT('',#5530);
#2383=VERTEX_POINT('',#5532);
#2384=VERTEX_POINT('',#5536);
#2385=VERTEX_POINT('',#5537);
#2386=VERTEX_POINT('',#5542);
#2387=VERTEX_POINT('',#5546);
#2388=VERTEX_POINT('',#5550);
#2389=VERTEX_POINT('',#5554);
#2390=VERTEX_POINT('',#5555);
#2391=VERTEX_POINT('',#5558);
#2392=VERTEX_POINT('',#5561);
#2393=VERTEX_POINT('',#5563);
#2394=VERTEX_POINT('',#5565);
#2395=VERTEX_POINT('',#5567);
#2396=VERTEX_POINT('',#5571);
#2397=VERTEX_POINT('',#5575);
#2398=VERTEX_POINT('',#5581);
#2399=VERTEX_POINT('',#5582);
#2400=VERTEX_POINT('',#5584);
#2401=VERTEX_POINT('',#5586);
#2402=VERTEX_POINT('',#5588);
#2403=VERTEX_POINT('',#5590);
#2404=VERTEX_POINT('',#5592);
#2405=VERTEX_POINT('',#5594);
#2406=VERTEX_POINT('',#5605);
#2407=VERTEX_POINT('',#5606);
#2408=VERTEX_POINT('',#5608);
#2409=VERTEX_POINT('',#5610);
#2410=VERTEX_POINT('',#5612);
#2411=VERTEX_POINT('',#5614);
#2412=VERTEX_POINT('',#5616);
#2413=VERTEX_POINT('',#5618);
#2414=VERTEX_POINT('',#5638);
#2415=VERTEX_POINT('',#5640);
#2416=VERTEX_POINT('',#5667);
#2417=VERTEX_POINT('',#5671);
#2418=VERTEX_POINT('',#5682);
#2419=VERTEX_POINT('',#5688);
#2420=VERTEX_POINT('',#5692);
#2421=VERTEX_POINT('',#5696);
#2422=VERTEX_POINT('',#5700);
#2423=VERTEX_POINT('',#5711);
#2424=VERTEX_POINT('',#5724);
#2425=VERTEX_POINT('',#5730);
#2426=VERTEX_POINT('',#5734);
#2427=VERTEX_POINT('',#5745);
#2428=VERTEX_POINT('',#5758);
#2429=VERTEX_POINT('',#5771);
#2430=VERTEX_POINT('',#5784);
#2431=VERTEX_POINT('',#5799);
#2432=VERTEX_POINT('',#5800);
#2433=VERTEX_POINT('',#5802);
#2434=VERTEX_POINT('',#5806);
#2435=VERTEX_POINT('',#5819);
#2436=VERTEX_POINT('',#5821);
#2437=VERTEX_POINT('',#5836);
#2438=VERTEX_POINT('',#5838);
#2439=VERTEX_POINT('',#5844);
#2440=VERTEX_POINT('',#5846);
#2441=VERTEX_POINT('',#5877);
#2442=VERTEX_POINT('',#5879);
#2443=VERTEX_POINT('',#5883);
#2444=VERTEX_POINT('',#5887);
#2445=VERTEX_POINT('',#5891);
#2446=VERTEX_POINT('',#5895);
#2447=VERTEX_POINT('',#5906);
#2448=VERTEX_POINT('',#5912);
#2449=VERTEX_POINT('',#5916);
#2450=VERTEX_POINT('',#5920);
#2451=VERTEX_POINT('',#5927);
#2452=VERTEX_POINT('',#5929);
#2453=VERTEX_POINT('',#5933);
#2454=VERTEX_POINT('',#5937);
#2455=VERTEX_POINT('',#5951);
#2456=VERTEX_POINT('',#5955);
#2457=VERTEX_POINT('',#5966);
#2458=VERTEX_POINT('',#5972);
#2459=VERTEX_POINT('',#5983);
#2460=VERTEX_POINT('',#5996);
#2461=VERTEX_POINT('',#6009);
#2462=VERTEX_POINT('',#6022);
#2463=VERTEX_POINT('',#6028);
#2464=VERTEX_POINT('',#6032);
#2465=VERTEX_POINT('',#6036);
#2466=VERTEX_POINT('',#6040);
#2467=VERTEX_POINT('',#6051);
#2468=VERTEX_POINT('',#6064);
#2469=VERTEX_POINT('',#6077);
#2470=VERTEX_POINT('',#6083);
#2471=VERTEX_POINT('',#6094);
#2472=VERTEX_POINT('',#6100);
#2473=VERTEX_POINT('',#6111);
#2474=VERTEX_POINT('',#6117);
#2475=VERTEX_POINT('',#6128);
#2476=VERTEX_POINT('',#6134);
#2477=VERTEX_POINT('',#6138);
#2478=VERTEX_POINT('',#6142);
#2479=VERTEX_POINT('',#6146);
#2480=VERTEX_POINT('',#6157);
#2481=VERTEX_POINT('',#6175);
#2482=VERTEX_POINT('',#6177);
#2483=VERTEX_POINT('',#6181);
#2484=VERTEX_POINT('',#6192);
#2485=VERTEX_POINT('',#6205);
#2486=VERTEX_POINT('',#6211);
#2487=VERTEX_POINT('',#6215);
#2488=VERTEX_POINT('',#6219);
#2489=VERTEX_POINT('',#6223);
#2490=VERTEX_POINT('',#6227);
#2491=VERTEX_POINT('',#6231);
#2492=VERTEX_POINT('',#6235);
#2493=VERTEX_POINT('',#6239);
#2494=VERTEX_POINT('',#6250);
#2495=VERTEX_POINT('',#6263);
#2496=VERTEX_POINT('',#6276);
#2497=VERTEX_POINT('',#6289);
#2498=VERTEX_POINT('',#6305);
#2499=VERTEX_POINT('',#6309);
#2500=VERTEX_POINT('',#6320);
#2501=VERTEX_POINT('',#6326);
#2502=VERTEX_POINT('',#6330);
#2503=VERTEX_POINT('',#6334);
#2504=VERTEX_POINT('',#6338);
#2505=VERTEX_POINT('',#6349);
#2506=VERTEX_POINT('',#6362);
#2507=VERTEX_POINT('',#6368);
#2508=VERTEX_POINT('',#6372);
#2509=VERTEX_POINT('',#6383);
#2510=VERTEX_POINT('',#6396);
#2511=VERTEX_POINT('',#6409);
#2512=VERTEX_POINT('',#6422);
#2513=VERTEX_POINT('',#6437);
#2514=VERTEX_POINT('',#6438);
#2515=VERTEX_POINT('',#6440);
#2516=VERTEX_POINT('',#6444);
#2517=VERTEX_POINT('',#6457);
#2518=VERTEX_POINT('',#6459);
#2519=VERTEX_POINT('',#6474);
#2520=VERTEX_POINT('',#6476);
#2521=VERTEX_POINT('',#6482);
#2522=VERTEX_POINT('',#6484);
#2523=VERTEX_POINT('',#6522);
#2524=VERTEX_POINT('',#6526);
#2525=VERTEX_POINT('',#6537);
#2526=VERTEX_POINT('',#6543);
#2527=VERTEX_POINT('',#6547);
#2528=VERTEX_POINT('',#6551);
#2529=VERTEX_POINT('',#6555);
#2530=VERTEX_POINT('',#6566);
#2531=VERTEX_POINT('',#6579);
#2532=VERTEX_POINT('',#6585);
#2533=VERTEX_POINT('',#6589);
#2534=VERTEX_POINT('',#6600);
#2535=VERTEX_POINT('',#6613);
#2536=VERTEX_POINT('',#6626);
#2537=VERTEX_POINT('',#6639);
#2538=VERTEX_POINT('',#6654);
#2539=VERTEX_POINT('',#6655);
#2540=VERTEX_POINT('',#6657);
#2541=VERTEX_POINT('',#6661);
#2542=VERTEX_POINT('',#6674);
#2543=VERTEX_POINT('',#6676);
#2544=VERTEX_POINT('',#6691);
#2545=VERTEX_POINT('',#6693);
#2546=VERTEX_POINT('',#6699);
#2547=VERTEX_POINT('',#6701);
#2548=VERTEX_POINT('',#6739);
#2549=VERTEX_POINT('',#6743);
#2550=VERTEX_POINT('',#6754);
#2551=VERTEX_POINT('',#6760);
#2552=VERTEX_POINT('',#6764);
#2553=VERTEX_POINT('',#6768);
#2554=VERTEX_POINT('',#6772);
#2555=VERTEX_POINT('',#6783);
#2556=VERTEX_POINT('',#6796);
#2557=VERTEX_POINT('',#6802);
#2558=VERTEX_POINT('',#6806);
#2559=VERTEX_POINT('',#6817);
#2560=VERTEX_POINT('',#6830);
#2561=VERTEX_POINT('',#6843);
#2562=VERTEX_POINT('',#6856);
#2563=VERTEX_POINT('',#6871);
#2564=VERTEX_POINT('',#6872);
#2565=VERTEX_POINT('',#6874);
#2566=VERTEX_POINT('',#6878);
#2567=VERTEX_POINT('',#6891);
#2568=VERTEX_POINT('',#6893);
#2569=VERTEX_POINT('',#6908);
#2570=VERTEX_POINT('',#6910);
#2571=VERTEX_POINT('',#6916);
#2572=VERTEX_POINT('',#6918);
#2573=VERTEX_POINT('',#6956);
#2574=VERTEX_POINT('',#6960);
#2575=VERTEX_POINT('',#6971);
#2576=VERTEX_POINT('',#6977);
#2577=VERTEX_POINT('',#6988);
#2578=VERTEX_POINT('',#7001);
#2579=VERTEX_POINT('',#7014);
#2580=VERTEX_POINT('',#7027);
#2581=VERTEX_POINT('',#7033);
#2582=VERTEX_POINT('',#7037);
#2583=VERTEX_POINT('',#7041);
#2584=VERTEX_POINT('',#7045);
#2585=VERTEX_POINT('',#7056);
#2586=VERTEX_POINT('',#7069);
#2587=VERTEX_POINT('',#7082);
#2588=VERTEX_POINT('',#7088);
#2589=VERTEX_POINT('',#7099);
#2590=VERTEX_POINT('',#7105);
#2591=VERTEX_POINT('',#7116);
#2592=VERTEX_POINT('',#7122);
#2593=VERTEX_POINT('',#7133);
#2594=VERTEX_POINT('',#7139);
#2595=VERTEX_POINT('',#7143);
#2596=VERTEX_POINT('',#7147);
#2597=VERTEX_POINT('',#7151);
#2598=VERTEX_POINT('',#7162);
#2599=VERTEX_POINT('',#7180);
#2600=VERTEX_POINT('',#7182);
#2601=VERTEX_POINT('',#7186);
#2602=VERTEX_POINT('',#7190);
#2603=VERTEX_POINT('',#7194);
#2604=VERTEX_POINT('',#7198);
#2605=LINE('',#5037,#2932);
#2606=LINE('',#5042,#2933);
#2607=LINE('',#5046,#2934);
#2608=LINE('',#5050,#2935);
#2609=LINE('',#5053,#2936);
#2610=LINE('',#5056,#2937);
#2611=LINE('',#5058,#2938);
#2612=LINE('',#5060,#2939);
#2613=LINE('',#5090,#2940);
#2614=LINE('',#5092,#2941);
#2615=LINE('',#5106,#2942);
#2616=LINE('',#5109,#2943);
#2617=LINE('',#5112,#2944);
#2618=LINE('',#5114,#2945);
#2619=LINE('',#5116,#2946);
#2620=LINE('',#5120,#2947);
#2621=LINE('',#5126,#2948);
#2622=LINE('',#5128,#2949);
#2623=LINE('',#5130,#2950);
#2624=LINE('',#5131,#2951);
#2625=LINE('',#5134,#2952);
#2626=LINE('',#5136,#2953);
#2627=LINE('',#5138,#2954);
#2628=LINE('',#5158,#2955);
#2629=LINE('',#5196,#2956);
#2630=LINE('',#5219,#2957);
#2631=LINE('',#5222,#2958);
#2632=LINE('',#5224,#2959);
#2633=LINE('',#5242,#2960);
#2634=LINE('',#5244,#2961);
#2635=LINE('',#5246,#2962);
#2636=LINE('',#5248,#2963);
#2637=LINE('',#5250,#2964);
#2638=LINE('',#5252,#2965);
#2639=LINE('',#5294,#2966);
#2640=LINE('',#5296,#2967);
#2641=LINE('',#5310,#2968);
#2642=LINE('',#5342,#2969);
#2643=LINE('',#5344,#2970);
#2644=LINE('',#5358,#2971);
#2645=LINE('',#5390,#2972);
#2646=LINE('',#5392,#2973);
#2647=LINE('',#5406,#2974);
#2648=LINE('',#5428,#2975);
#2649=LINE('',#5466,#2976);
#2650=LINE('',#5489,#2977);
#2651=LINE('',#5492,#2978);
#2652=LINE('',#5494,#2979);
#2653=LINE('',#5496,#2980);
#2654=LINE('',#5498,#2981);
#2655=LINE('',#5500,#2982);
#2656=LINE('',#5502,#2983);
#2657=LINE('',#5505,#2984);
#2658=LINE('',#5507,#2985);
#2659=LINE('',#5509,#2986);
#2660=LINE('',#5511,#2987);
#2661=LINE('',#5515,#2988);
#2662=LINE('',#5519,#2989);
#2663=LINE('',#5523,#2990);
#2664=LINE('',#5526,#2991);
#2665=LINE('',#5529,#2992);
#2666=LINE('',#5531,#2993);
#2667=LINE('',#5533,#2994);
#2668=LINE('',#5535,#2995);
#2669=LINE('',#5538,#2996);
#2670=LINE('',#5539,#2997);
#2671=LINE('',#5543,#2998);
#2672=LINE('',#5545,#2999);
#2673=LINE('',#5547,#3000);
#2674=LINE('',#5551,#3001);
#2675=LINE('',#5553,#3002);
#2676=LINE('',#5557,#3003);
#2677=LINE('',#5559,#3004);
#2678=LINE('',#5562,#3005);
#2679=LINE('',#5566,#3006);
#2680=LINE('',#5572,#3007);
#2681=LINE('',#5574,#3008);
#2682=LINE('',#5576,#3009);
#2683=LINE('',#5583,#3010);
#2684=LINE('',#5587,#3011);
#2685=LINE('',#5591,#3012);
#2686=LINE('',#5595,#3013);
#2687=LINE('',#5597,#3014);
#2688=LINE('',#5598,#3015);
#2689=LINE('',#5600,#3016);
#2690=LINE('',#5602,#3017);
#2691=LINE('',#5604,#3018);
#2692=LINE('',#5609,#3019);
#2693=LINE('',#5613,#3020);
#2694=LINE('',#5617,#3021);
#2695=LINE('',#5620,#3022);
#2696=LINE('',#5622,#3023);
#2697=LINE('',#5624,#3024);
#2698=LINE('',#5626,#3025);
#2699=LINE('',#5629,#3026);
#2700=LINE('',#5630,#3027);
#2701=LINE('',#5632,#3028);
#2702=LINE('',#5634,#3029);
#2703=LINE('',#5639,#3030);
#2704=LINE('',#5643,#3031);
#2705=LINE('',#5644,#3032);
#2706=LINE('',#5646,#3033);
#2707=LINE('',#5648,#3034);
#2708=LINE('',#5650,#3035);
#2709=LINE('',#5652,#3036);
#2710=LINE('',#5654,#3037);
#2711=LINE('',#5656,#3038);
#2712=LINE('',#5666,#3039);
#2713=LINE('',#5672,#3040);
#2714=LINE('',#5681,#3041);
#2715=LINE('',#5687,#3042);
#2716=LINE('',#5691,#3043);
#2717=LINE('',#5693,#3044);
#2718=LINE('',#5695,#3045);
#2719=LINE('',#5699,#3046);
#2720=LINE('',#5710,#3047);
#2721=LINE('',#5723,#3048);
#2722=LINE('',#5729,#3049);
#2723=LINE('',#5731,#3050);
#2724=LINE('',#5733,#3051);
#2725=LINE('',#5735,#3052);
#2726=LINE('',#5744,#3053);
#2727=LINE('',#5757,#3054);
#2728=LINE('',#5770,#3055);
#2729=LINE('',#5783,#3056);
#2730=LINE('',#5801,#3057);
#2731=LINE('',#5807,#3058);
#2732=LINE('',#5820,#3059);
#2733=LINE('',#5837,#3060);
#2734=LINE('',#5843,#3061);
#2735=LINE('',#5845,#3062);
#2736=LINE('',#5847,#3063);
#2737=LINE('',#5876,#3064);
#2738=LINE('',#5878,#3065);
#2739=LINE('',#5880,#3066);
#2740=LINE('',#5882,#3067);
#2741=LINE('',#5884,#3068);
#2742=LINE('',#5886,#3069);
#2743=LINE('',#5888,#3070);
#2744=LINE('',#5890,#3071);
#2745=LINE('',#5892,#3072);
#2746=LINE('',#5894,#3073);
#2747=LINE('',#5896,#3074);
#2748=LINE('',#5905,#3075);
#2749=LINE('',#5911,#3076);
#2750=LINE('',#5913,#3077);
#2751=LINE('',#5915,#3078);
#2752=LINE('',#5919,#3079);
#2753=LINE('',#5921,#3080);
#2754=LINE('',#5923,#3081);
#2755=LINE('',#5926,#3082);
#2756=LINE('',#5928,#3083);
#2757=LINE('',#5930,#3084);
#2758=LINE('',#5932,#3085);
#2759=LINE('',#5934,#3086);
#2760=LINE('',#5936,#3087);
#2761=LINE('',#5938,#3088);
#2762=LINE('',#5940,#3089);
#2763=LINE('',#5950,#3090);
#2764=LINE('',#5956,#3091);
#2765=LINE('',#5965,#3092);
#2766=LINE('',#5971,#3093);
#2767=LINE('',#5982,#3094);
#2768=LINE('',#5995,#3095);
#2769=LINE('',#6008,#3096);
#2770=LINE('',#6021,#3097);
#2771=LINE('',#6027,#3098);
#2772=LINE('',#6031,#3099);
#2773=LINE('',#6035,#3100);
#2774=LINE('',#6037,#3101);
#2775=LINE('',#6039,#3102);
#2776=LINE('',#6050,#3103);
#2777=LINE('',#6063,#3104);
#2778=LINE('',#6076,#3105);
#2779=LINE('',#6082,#3106);
#2780=LINE('',#6093,#3107);
#2781=LINE('',#6099,#3108);
#2782=LINE('',#6110,#3109);
#2783=LINE('',#6116,#3110);
#2784=LINE('',#6127,#3111);
#2785=LINE('',#6133,#3112);
#2786=LINE('',#6137,#3113);
#2787=LINE('',#6141,#3114);
#2788=LINE('',#6143,#3115);
#2789=LINE('',#6145,#3116);
#2790=LINE('',#6156,#3117);
#2791=LINE('',#6174,#3118);
#2792=LINE('',#6176,#3119);
#2793=LINE('',#6178,#3120);
#2794=LINE('',#6180,#3121);
#2795=LINE('',#6182,#3122);
#2796=LINE('',#6191,#3123);
#2797=LINE('',#6204,#3124);
#2798=LINE('',#6210,#3125);
#2799=LINE('',#6214,#3126);
#2800=LINE('',#6218,#3127);
#2801=LINE('',#6220,#3128);
#2802=LINE('',#6222,#3129);
#2803=LINE('',#6224,#3130);
#2804=LINE('',#6226,#3131);
#2805=LINE('',#6228,#3132);
#2806=LINE('',#6230,#3133);
#2807=LINE('',#6232,#3134);
#2808=LINE('',#6234,#3135);
#2809=LINE('',#6236,#3136);
#2810=LINE('',#6238,#3137);
#2811=LINE('',#6240,#3138);
#2812=LINE('',#6249,#3139);
#2813=LINE('',#6262,#3140);
#2814=LINE('',#6275,#3141);
#2815=LINE('',#6288,#3142);
#2816=LINE('',#6294,#3143);
#2817=LINE('',#6304,#3144);
#2818=LINE('',#6310,#3145);
#2819=LINE('',#6319,#3146);
#2820=LINE('',#6325,#3147);
#2821=LINE('',#6329,#3148);
#2822=LINE('',#6331,#3149);
#2823=LINE('',#6333,#3150);
#2824=LINE('',#6337,#3151);
#2825=LINE('',#6348,#3152);
#2826=LINE('',#6361,#3153);
#2827=LINE('',#6367,#3154);
#2828=LINE('',#6369,#3155);
#2829=LINE('',#6371,#3156);
#2830=LINE('',#6373,#3157);
#2831=LINE('',#6382,#3158);
#2832=LINE('',#6395,#3159);
#2833=LINE('',#6408,#3160);
#2834=LINE('',#6421,#3161);
#2835=LINE('',#6439,#3162);
#2836=LINE('',#6445,#3163);
#2837=LINE('',#6458,#3164);
#2838=LINE('',#6475,#3165);
#2839=LINE('',#6481,#3166);
#2840=LINE('',#6483,#3167);
#2841=LINE('',#6485,#3168);
#2842=LINE('',#6521,#3169);
#2843=LINE('',#6527,#3170);
#2844=LINE('',#6536,#3171);
#2845=LINE('',#6542,#3172);
#2846=LINE('',#6546,#3173);
#2847=LINE('',#6548,#3174);
#2848=LINE('',#6550,#3175);
#2849=LINE('',#6554,#3176);
#2850=LINE('',#6565,#3177);
#2851=LINE('',#6578,#3178);
#2852=LINE('',#6584,#3179);
#2853=LINE('',#6586,#3180);
#2854=LINE('',#6588,#3181);
#2855=LINE('',#6590,#3182);
#2856=LINE('',#6599,#3183);
#2857=LINE('',#6612,#3184);
#2858=LINE('',#6625,#3185);
#2859=LINE('',#6638,#3186);
#2860=LINE('',#6656,#3187);
#2861=LINE('',#6662,#3188);
#2862=LINE('',#6675,#3189);
#2863=LINE('',#6692,#3190);
#2864=LINE('',#6698,#3191);
#2865=LINE('',#6700,#3192);
#2866=LINE('',#6702,#3193);
#2867=LINE('',#6738,#3194);
#2868=LINE('',#6744,#3195);
#2869=LINE('',#6753,#3196);
#2870=LINE('',#6759,#3197);
#2871=LINE('',#6763,#3198);
#2872=LINE('',#6765,#3199);
#2873=LINE('',#6767,#3200);
#2874=LINE('',#6771,#3201);
#2875=LINE('',#6782,#3202);
#2876=LINE('',#6795,#3203);
#2877=LINE('',#6801,#3204);
#2878=LINE('',#6803,#3205);
#2879=LINE('',#6805,#3206);
#2880=LINE('',#6807,#3207);
#2881=LINE('',#6816,#3208);
#2882=LINE('',#6829,#3209);
#2883=LINE('',#6842,#3210);
#2884=LINE('',#6855,#3211);
#2885=LINE('',#6873,#3212);
#2886=LINE('',#6879,#3213);
#2887=LINE('',#6892,#3214);
#2888=LINE('',#6909,#3215);
#2889=LINE('',#6915,#3216);
#2890=LINE('',#6917,#3217);
#2891=LINE('',#6919,#3218);
#2892=LINE('',#6955,#3219);
#2893=LINE('',#6961,#3220);
#2894=LINE('',#6970,#3221);
#2895=LINE('',#6976,#3222);
#2896=LINE('',#6987,#3223);
#2897=LINE('',#7000,#3224);
#2898=LINE('',#7013,#3225);
#2899=LINE('',#7026,#3226);
#2900=LINE('',#7032,#3227);
#2901=LINE('',#7036,#3228);
#2902=LINE('',#7040,#3229);
#2903=LINE('',#7042,#3230);
#2904=LINE('',#7044,#3231);
#2905=LINE('',#7055,#3232);
#2906=LINE('',#7068,#3233);
#2907=LINE('',#7081,#3234);
#2908=LINE('',#7087,#3235);
#2909=LINE('',#7098,#3236);
#2910=LINE('',#7104,#3237);
#2911=LINE('',#7115,#3238);
#2912=LINE('',#7121,#3239);
#2913=LINE('',#7132,#3240);
#2914=LINE('',#7138,#3241);
#2915=LINE('',#7142,#3242);
#2916=LINE('',#7146,#3243);
#2917=LINE('',#7148,#3244);
#2918=LINE('',#7150,#3245);
#2919=LINE('',#7161,#3246);
#2920=LINE('',#7179,#3247);
#2921=LINE('',#7181,#3248);
#2922=LINE('',#7183,#3249);
#2923=LINE('',#7185,#3250);
#2924=LINE('',#7187,#3251);
#2925=LINE('',#7189,#3252);
#2926=LINE('',#7191,#3253);
#2927=LINE('',#7193,#3254);
#2928=LINE('',#7195,#3255);
#2929=LINE('',#7197,#3256);
#2930=LINE('',#7199,#3257);
#2931=LINE('',#7201,#3258);
#2932=VECTOR('',#4262,100.);
#2933=VECTOR('',#4265,100.);
#2934=VECTOR('',#4268,100.);
#2935=VECTOR('',#4271,100.);
#2936=VECTOR('',#4274,100.);
#2937=VECTOR('',#4275,100.);
#2938=VECTOR('',#4276,100.);
#2939=VECTOR('',#4277,100.);
#2940=VECTOR('',#4278,100.);
#2941=VECTOR('',#4279,100.);
#2942=VECTOR('',#4284,100.);
#2943=VECTOR('',#4287,100.);
#2944=VECTOR('',#4288,100.);
#2945=VECTOR('',#4289,100.);
#2946=VECTOR('',#4290,100.);
#2947=VECTOR('',#4293,100.);
#2948=VECTOR('',#4294,100.);
#2949=VECTOR('',#4295,100.);
#2950=VECTOR('',#4296,100.);
#2951=VECTOR('',#4297,100.);
#2952=VECTOR('',#4298,100.);
#2953=VECTOR('',#4299,100.);
#2954=VECTOR('',#4300,100.);
#2955=VECTOR('',#4303,100.);
#2956=VECTOR('',#4316,100.);
#2957=VECTOR('',#4323,100.);
#2958=VECTOR('',#4324,100.);
#2959=VECTOR('',#4325,100.);
#2960=VECTOR('',#4326,100.);
#2961=VECTOR('',#4327,100.);
#2962=VECTOR('',#4328,100.);
#2963=VECTOR('',#4329,100.);
#2964=VECTOR('',#4330,100.);
#2965=VECTOR('',#4331,100.);
#2966=VECTOR('',#4336,100.);
#2967=VECTOR('',#4337,100.);
#2968=VECTOR('',#4342,100.);
#2969=VECTOR('',#4345,100.);
#2970=VECTOR('',#4346,100.);
#2971=VECTOR('',#4351,100.);
#2972=VECTOR('',#4354,100.);
#2973=VECTOR('',#4355,100.);
#2974=VECTOR('',#4360,100.);
#2975=VECTOR('',#4365,100.);
#2976=VECTOR('',#4378,100.);
#2977=VECTOR('',#4385,100.);
#2978=VECTOR('',#4386,100.);
#2979=VECTOR('',#4387,100.);
#2980=VECTOR('',#4388,100.);
#2981=VECTOR('',#4389,100.);
#2982=VECTOR('',#4390,100.);
#2983=VECTOR('',#4393,100.);
#2984=VECTOR('',#4394,100.);
#2985=VECTOR('',#4395,100.);
#2986=VECTOR('',#4396,100.);
#2987=VECTOR('',#4397,100.);
#2988=VECTOR('',#4400,100.);
#2989=VECTOR('',#4403,100.);
#2990=VECTOR('',#4406,100.);
#2991=VECTOR('',#4409,100.);
#2992=VECTOR('',#4410,100.);
#2993=VECTOR('',#4411,100.);
#2994=VECTOR('',#4412,100.);
#2995=VECTOR('',#4415,100.);
#2996=VECTOR('',#4416,100.);
#2997=VECTOR('',#4417,100.);
#2998=VECTOR('',#4422,100.);
#2999=VECTOR('',#4425,100.);
#3000=VECTOR('',#4426,100.);
#3001=VECTOR('',#4431,100.);
#3002=VECTOR('',#4434,100.);
#3003=VECTOR('',#4437,100.);
#3004=VECTOR('',#4438,100.);
#3005=VECTOR('',#4441,100.);
#3006=VECTOR('',#4444,100.);
#3007=VECTOR('',#4451,100.);
#3008=VECTOR('',#4454,100.);
#3009=VECTOR('',#4455,100.);
#3010=VECTOR('',#4464,100.);
#3011=VECTOR('',#4467,100.);
#3012=VECTOR('',#4470,100.);
#3013=VECTOR('',#4473,100.);
#3014=VECTOR('',#4476,100.);
#3015=VECTOR('',#4477,100.);
#3016=VECTOR('',#4480,100.);
#3017=VECTOR('',#4483,100.);
#3018=VECTOR('',#4486,100.);
#3019=VECTOR('',#4489,100.);
#3020=VECTOR('',#4492,100.);
#3021=VECTOR('',#4495,100.);
#3022=VECTOR('',#4498,100.);
#3023=VECTOR('',#4501,100.);
#3024=VECTOR('',#4504,100.);
#3025=VECTOR('',#4507,100.);
#3026=VECTOR('',#4512,100.);
#3027=VECTOR('',#4513,100.);
#3028=VECTOR('',#4516,100.);
#3029=VECTOR('',#4519,100.);
#3030=VECTOR('',#4526,100.);
#3031=VECTOR('',#4531,100.);
#3032=VECTOR('',#4532,100.);
#3033=VECTOR('',#4535,100.);
#3034=VECTOR('',#4538,100.);
#3035=VECTOR('',#4541,100.);
#3036=VECTOR('',#4544,100.);
#3037=VECTOR('',#4547,100.);
#3038=VECTOR('',#4550,100.);
#3039=VECTOR('',#4553,100.);
#3040=VECTOR('',#4554,100.);
#3041=VECTOR('',#4555,100.);
#3042=VECTOR('',#4558,100.);
#3043=VECTOR('',#4563,100.);
#3044=VECTOR('',#4564,100.);
#3045=VECTOR('',#4567,100.);
#3046=VECTOR('',#4572,100.);
#3047=VECTOR('',#4575,100.);
#3048=VECTOR('',#4576,100.);
#3049=VECTOR('',#4579,100.);
#3050=VECTOR('',#4580,100.);
#3051=VECTOR('',#4583,100.);
#3052=VECTOR('',#4584,100.);
#3053=VECTOR('',#4585,100.);
#3054=VECTOR('',#4586,100.);
#3055=VECTOR('',#4587,100.);
#3056=VECTOR('',#4588,100.);
#3057=VECTOR('',#4589,100.);
#3058=VECTOR('',#4590,100.);
#3059=VECTOR('',#4591,100.);
#3060=VECTOR('',#4592,100.);
#3061=VECTOR('',#4595,100.);
#3062=VECTOR('',#4596,100.);
#3063=VECTOR('',#4597,100.);
#3064=VECTOR('',#4604,100.);
#3065=VECTOR('',#4605,100.);
#3066=VECTOR('',#4606,100.);
#3067=VECTOR('',#4609,100.);
#3068=VECTOR('',#4610,100.);
#3069=VECTOR('',#4613,100.);
#3070=VECTOR('',#4614,100.);
#3071=VECTOR('',#4617,100.);
#3072=VECTOR('',#4618,100.);
#3073=VECTOR('',#4621,100.);
#3074=VECTOR('',#4622,100.);
#3075=VECTOR('',#4623,100.);
#3076=VECTOR('',#4626,100.);
#3077=VECTOR('',#4627,100.);
#3078=VECTOR('',#4630,100.);
#3079=VECTOR('',#4635,100.);
#3080=VECTOR('',#4636,100.);
#3081=VECTOR('',#4639,100.);
#3082=VECTOR('',#4644,100.);
#3083=VECTOR('',#4645,100.);
#3084=VECTOR('',#4646,100.);
#3085=VECTOR('',#4649,100.);
#3086=VECTOR('',#4650,100.);
#3087=VECTOR('',#4653,100.);
#3088=VECTOR('',#4654,100.);
#3089=VECTOR('',#4657,100.);
#3090=VECTOR('',#4660,100.);
#3091=VECTOR('',#4661,100.);
#3092=VECTOR('',#4662,100.);
#3093=VECTOR('',#4665,100.);
#3094=VECTOR('',#4668,100.);
#3095=VECTOR('',#4669,100.);
#3096=VECTOR('',#4670,100.);
#3097=VECTOR('',#4671,100.);
#3098=VECTOR('',#4674,100.);
#3099=VECTOR('',#4679,100.);
#3100=VECTOR('',#4684,100.);
#3101=VECTOR('',#4685,100.);
#3102=VECTOR('',#4688,100.);
#3103=VECTOR('',#4691,100.);
#3104=VECTOR('',#4692,100.);
#3105=VECTOR('',#4693,100.);
#3106=VECTOR('',#4696,100.);
#3107=VECTOR('',#4699,100.);
#3108=VECTOR('',#4702,100.);
#3109=VECTOR('',#4705,100.);
#3110=VECTOR('',#4708,100.);
#3111=VECTOR('',#4711,100.);
#3112=VECTOR('',#4714,100.);
#3113=VECTOR('',#4719,100.);
#3114=VECTOR('',#4724,100.);
#3115=VECTOR('',#4725,100.);
#3116=VECTOR('',#4728,100.);
#3117=VECTOR('',#4731,100.);
#3118=VECTOR('',#4736,100.);
#3119=VECTOR('',#4737,100.);
#3120=VECTOR('',#4738,100.);
#3121=VECTOR('',#4741,100.);
#3122=VECTOR('',#4742,100.);
#3123=VECTOR('',#4743,100.);
#3124=VECTOR('',#4744,100.);
#3125=VECTOR('',#4747,100.);
#3126=VECTOR('',#4752,100.);
#3127=VECTOR('',#4757,100.);
#3128=VECTOR('',#4758,100.);
#3129=VECTOR('',#4761,100.);
#3130=VECTOR('',#4762,100.);
#3131=VECTOR('',#4765,100.);
#3132=VECTOR('',#4766,100.);
#3133=VECTOR('',#4769,100.);
#3134=VECTOR('',#4770,100.);
#3135=VECTOR('',#4773,100.);
#3136=VECTOR('',#4774,100.);
#3137=VECTOR('',#4777,100.);
#3138=VECTOR('',#4778,100.);
#3139=VECTOR('',#4779,100.);
#3140=VECTOR('',#4780,100.);
#3141=VECTOR('',#4781,100.);
#3142=VECTOR('',#4782,100.);
#3143=VECTOR('',#4785,100.);
#3144=VECTOR('',#4788,100.);
#3145=VECTOR('',#4789,100.);
#3146=VECTOR('',#4790,100.);
#3147=VECTOR('',#4793,100.);
#3148=VECTOR('',#4798,100.);
#3149=VECTOR('',#4799,100.);
#3150=VECTOR('',#4802,100.);
#3151=VECTOR('',#4807,100.);
#3152=VECTOR('',#4810,100.);
#3153=VECTOR('',#4811,100.);
#3154=VECTOR('',#4814,100.);
#3155=VECTOR('',#4815,100.);
#3156=VECTOR('',#4818,100.);
#3157=VECTOR('',#4819,100.);
#3158=VECTOR('',#4820,100.);
#3159=VECTOR('',#4821,100.);
#3160=VECTOR('',#4822,100.);
#3161=VECTOR('',#4823,100.);
#3162=VECTOR('',#4824,100.);
#3163=VECTOR('',#4825,100.);
#3164=VECTOR('',#4826,100.);
#3165=VECTOR('',#4827,100.);
#3166=VECTOR('',#4830,100.);
#3167=VECTOR('',#4831,100.);
#3168=VECTOR('',#4832,100.);
#3169=VECTOR('',#4837,100.);
#3170=VECTOR('',#4838,100.);
#3171=VECTOR('',#4839,100.);
#3172=VECTOR('',#4842,100.);
#3173=VECTOR('',#4847,100.);
#3174=VECTOR('',#4848,100.);
#3175=VECTOR('',#4851,100.);
#3176=VECTOR('',#4856,100.);
#3177=VECTOR('',#4859,100.);
#3178=VECTOR('',#4860,100.);
#3179=VECTOR('',#4863,100.);
#3180=VECTOR('',#4864,100.);
#3181=VECTOR('',#4867,100.);
#3182=VECTOR('',#4868,100.);
#3183=VECTOR('',#4869,100.);
#3184=VECTOR('',#4870,100.);
#3185=VECTOR('',#4871,100.);
#3186=VECTOR('',#4872,100.);
#3187=VECTOR('',#4873,100.);
#3188=VECTOR('',#4874,100.);
#3189=VECTOR('',#4875,100.);
#3190=VECTOR('',#4876,100.);
#3191=VECTOR('',#4879,100.);
#3192=VECTOR('',#4880,100.);
#3193=VECTOR('',#4881,100.);
#3194=VECTOR('',#4886,100.);
#3195=VECTOR('',#4887,100.);
#3196=VECTOR('',#4888,100.);
#3197=VECTOR('',#4891,100.);
#3198=VECTOR('',#4896,100.);
#3199=VECTOR('',#4897,100.);
#3200=VECTOR('',#4900,100.);
#3201=VECTOR('',#4905,100.);
#3202=VECTOR('',#4908,100.);
#3203=VECTOR('',#4909,100.);
#3204=VECTOR('',#4912,100.);
#3205=VECTOR('',#4913,100.);
#3206=VECTOR('',#4916,100.);
#3207=VECTOR('',#4917,100.);
#3208=VECTOR('',#4918,100.);
#3209=VECTOR('',#4919,100.);
#3210=VECTOR('',#4920,100.);
#3211=VECTOR('',#4921,100.);
#3212=VECTOR('',#4922,100.);
#3213=VECTOR('',#4923,100.);
#3214=VECTOR('',#4924,100.);
#3215=VECTOR('',#4925,100.);
#3216=VECTOR('',#4928,100.);
#3217=VECTOR('',#4929,100.);
#3218=VECTOR('',#4930,100.);
#3219=VECTOR('',#4935,100.);
#3220=VECTOR('',#4936,100.);
#3221=VECTOR('',#4937,100.);
#3222=VECTOR('',#4940,100.);
#3223=VECTOR('',#4943,100.);
#3224=VECTOR('',#4944,100.);
#3225=VECTOR('',#4945,100.);
#3226=VECTOR('',#4946,100.);
#3227=VECTOR('',#4949,100.);
#3228=VECTOR('',#4954,100.);
#3229=VECTOR('',#4959,100.);
#3230=VECTOR('',#4960,100.);
#3231=VECTOR('',#4963,100.);
#3232=VECTOR('',#4966,100.);
#3233=VECTOR('',#4967,100.);
#3234=VECTOR('',#4968,100.);
#3235=VECTOR('',#4971,100.);
#3236=VECTOR('',#4974,100.);
#3237=VECTOR('',#4977,100.);
#3238=VECTOR('',#4980,100.);
#3239=VECTOR('',#4983,100.);
#3240=VECTOR('',#4986,100.);
#3241=VECTOR('',#4989,100.);
#3242=VECTOR('',#4994,100.);
#3243=VECTOR('',#4999,100.);
#3244=VECTOR('',#5000,100.);
#3245=VECTOR('',#5003,100.);
#3246=VECTOR('',#5006,100.);
#3247=VECTOR('',#5011,100.);
#3248=VECTOR('',#5012,100.);
#3249=VECTOR('',#5013,100.);
#3250=VECTOR('',#5016,100.);
#3251=VECTOR('',#5017,100.);
#3252=VECTOR('',#5020,100.);
#3253=VECTOR('',#5021,100.);
#3254=VECTOR('',#5024,100.);
#3255=VECTOR('',#5025,100.);
#3256=VECTOR('',#5028,100.);
#3257=VECTOR('',#5029,100.);
#3258=VECTOR('',#5032,100.);
#3259=EDGE_LOOP('',(#416,#417,#418,#419,#420,#421,#422,#423));
#3260=EDGE_LOOP('',(#424,#425,#426,#427));
#3261=EDGE_LOOP('',(#428,#429,#430,#431,#432,#433,#434,#435,#436,#437,#438,
#439,#440,#441,#442));
#3262=EDGE_LOOP('',(#443,#444,#445,#446,#447,#448,#449,#450,#451,#452));
#3263=EDGE_LOOP('',(#453,#454,#455,#456));
#3264=EDGE_LOOP('',(#457,#458,#459,#460,#461,#462,#463,#464,#465,#466,#467,
#468,#469,#470,#471,#472,#473,#474,#475,#476,#477,#478,#479,#480,#481,#482));
#3265=EDGE_LOOP('',(#483,#484,#485,#486,#487,#488,#489,#490,#491,#492,#493,
#494,#495,#496,#497,#498,#499));
#3266=EDGE_LOOP('',(#500,#501,#502,#503,#504,#505,#506,#507,#508,#509,#510,
#511,#512,#513,#514));
#3267=EDGE_LOOP('',(#515,#516,#517,#518,#519,#520,#521,#522,#523,#524,#525,
#526,#527,#528,#529));
#3268=EDGE_LOOP('',(#530,#531,#532,#533,#534,#535,#536,#537,#538,#539,#540,
#541,#542,#543,#544));
#3269=EDGE_LOOP('',(#545,#546,#547,#548,#549,#550,#551,#552,#553,#554,#555,
#556,#557,#558,#559,#560,#561,#562,#563,#564,#565,#566,#567,#568,#569,#570));
#3270=EDGE_LOOP('',(#571,#572,#573,#574,#575,#576));
#3271=EDGE_LOOP('',(#577,#578,#579,#580,#581,#582,#583,#584,#585,#586,#587,
#588));
#3272=EDGE_LOOP('',(#589,#590,#591,#592));
#3273=EDGE_LOOP('',(#593,#594,#595,#596));
#3274=EDGE_LOOP('',(#597,#598,#599,#600));
#3275=EDGE_LOOP('',(#601,#602,#603,#604));
#3276=EDGE_LOOP('',(#605,#606,#607,#608));
#3277=EDGE_LOOP('',(#609,#610,#611,#612,#613,#614,#615,#616,#617,#618,#619,
#620));
#3278=EDGE_LOOP('',(#621,#622,#623,#624));
#3279=EDGE_LOOP('',(#625,#626,#627,#628));
#3280=EDGE_LOOP('',(#629,#630,#631,#632));
#3281=EDGE_LOOP('',(#633,#634,#635,#636,#637,#638,#639,#640));
#3282=EDGE_LOOP('',(#641,#642,#643,#644,#645,#646,#647,#648));
#3283=EDGE_LOOP('',(#649,#650,#651,#652));
#3284=EDGE_LOOP('',(#653,#654,#655,#656));
#3285=EDGE_LOOP('',(#657,#658,#659,#660));
#3286=EDGE_LOOP('',(#661,#662,#663,#664,#665,#666,#667,#668));
#3287=EDGE_LOOP('',(#669,#670,#671,#672));
#3288=EDGE_LOOP('',(#673,#674,#675,#676));
#3289=EDGE_LOOP('',(#677,#678,#679,#680));
#3290=EDGE_LOOP('',(#681,#682,#683,#684));
#3291=EDGE_LOOP('',(#685,#686,#687,#688));
#3292=EDGE_LOOP('',(#689,#690,#691,#692));
#3293=EDGE_LOOP('',(#693,#694,#695,#696));
#3294=EDGE_LOOP('',(#697,#698,#699,#700));
#3295=EDGE_LOOP('',(#701,#702,#703,#704));
#3296=EDGE_LOOP('',(#705,#706,#707,#708));
#3297=EDGE_LOOP('',(#709,#710,#711,#712,#713,#714));
#3298=EDGE_LOOP('',(#715,#716,#717,#718));
#3299=EDGE_LOOP('',(#719,#720,#721,#722));
#3300=EDGE_LOOP('',(#723,#724,#725,#726));
#3301=EDGE_LOOP('',(#727,#728,#729,#730));
#3302=EDGE_LOOP('',(#731,#732,#733,#734));
#3303=EDGE_LOOP('',(#735,#736,#737,#738,#739,#740));
#3304=EDGE_LOOP('',(#741,#742,#743,#744));
#3305=EDGE_LOOP('',(#745,#746,#747,#748));
#3306=EDGE_LOOP('',(#749,#750,#751,#752));
#3307=EDGE_LOOP('',(#753,#754,#755,#756));
#3308=EDGE_LOOP('',(#757,#758,#759,#760));
#3309=EDGE_LOOP('',(#761,#762,#763,#764));
#3310=EDGE_LOOP('',(#765,#766,#767,#768));
#3311=EDGE_LOOP('',(#769,#770,#771,#772));
#3312=EDGE_LOOP('',(#773,#774,#775,#776));
#3313=EDGE_LOOP('',(#777,#778,#779,#780));
#3314=EDGE_LOOP('',(#781,#782,#783,#784));
#3315=EDGE_LOOP('',(#785,#786,#787,#788));
#3316=EDGE_LOOP('',(#789,#790,#791,#792));
#3317=EDGE_LOOP('',(#793,#794,#795,#796));
#3318=EDGE_LOOP('',(#797,#798,#799,#800));
#3319=EDGE_LOOP('',(#801,#802,#803,#804));
#3320=EDGE_LOOP('',(#805,#806,#807,#808));
#3321=EDGE_LOOP('',(#809,#810,#811,#812));
#3322=EDGE_LOOP('',(#813,#814,#815,#816));
#3323=EDGE_LOOP('',(#817,#818,#819,#820));
#3324=EDGE_LOOP('',(#821,#822,#823,#824));
#3325=EDGE_LOOP('',(#825,#826,#827,#828,#829));
#3326=EDGE_LOOP('',(#830,#831,#832,#833,#834,#835,#836,#837,#838,#839,#840,
#841,#842,#843,#844));
#3327=EDGE_LOOP('',(#845,#846,#847,#848,#849));
#3328=EDGE_LOOP('',(#850,#851,#852,#853));
#3329=EDGE_LOOP('',(#854,#855,#856,#857));
#3330=EDGE_LOOP('',(#858,#859,#860,#861));
#3331=EDGE_LOOP('',(#862,#863,#864,#865));
#3332=EDGE_LOOP('',(#866,#867,#868,#869));
#3333=EDGE_LOOP('',(#870,#871,#872,#873));
#3334=EDGE_LOOP('',(#874,#875,#876,#877));
#3335=EDGE_LOOP('',(#878,#879,#880,#881));
#3336=EDGE_LOOP('',(#882,#883,#884,#885));
#3337=EDGE_LOOP('',(#886,#887,#888,#889));
#3338=EDGE_LOOP('',(#890,#891,#892,#893,#894,#895,#896,#897,#898,#899));
#3339=EDGE_LOOP('',(#900,#901,#902,#903));
#3340=EDGE_LOOP('',(#904,#905,#906,#907));
#3341=EDGE_LOOP('',(#908,#909,#910,#911));
#3342=EDGE_LOOP('',(#912,#913,#914,#915));
#3343=EDGE_LOOP('',(#916,#917,#918,#919));
#3344=EDGE_LOOP('',(#920,#921,#922,#923));
#3345=EDGE_LOOP('',(#924,#925,#926,#927));
#3346=EDGE_LOOP('',(#928,#929,#930,#931));
#3347=EDGE_LOOP('',(#932,#933,#934,#935));
#3348=EDGE_LOOP('',(#936,#937,#938,#939));
#3349=EDGE_LOOP('',(#940,#941,#942,#943));
#3350=EDGE_LOOP('',(#944,#945,#946,#947));
#3351=EDGE_LOOP('',(#948,#949,#950,#951));
#3352=EDGE_LOOP('',(#952,#953,#954,#955));
#3353=EDGE_LOOP('',(#956,#957,#958,#959));
#3354=EDGE_LOOP('',(#960,#961,#962,#963));
#3355=EDGE_LOOP('',(#964,#965,#966,#967));
#3356=EDGE_LOOP('',(#968,#969,#970,#971));
#3357=EDGE_LOOP('',(#972,#973,#974,#975));
#3358=EDGE_LOOP('',(#976,#977,#978,#979));
#3359=EDGE_LOOP('',(#980,#981,#982,#983));
#3360=EDGE_LOOP('',(#984,#985,#986,#987));
#3361=EDGE_LOOP('',(#988,#989,#990,#991));
#3362=EDGE_LOOP('',(#992,#993,#994,#995));
#3363=EDGE_LOOP('',(#996,#997,#998,#999));
#3364=EDGE_LOOP('',(#1000,#1001,#1002,#1003));
#3365=EDGE_LOOP('',(#1004,#1005,#1006,#1007));
#3366=EDGE_LOOP('',(#1008,#1009,#1010,#1011));
#3367=EDGE_LOOP('',(#1012,#1013,#1014,#1015));
#3368=EDGE_LOOP('',(#1016,#1017,#1018,#1019));
#3369=EDGE_LOOP('',(#1020,#1021,#1022,#1023));
#3370=EDGE_LOOP('',(#1024,#1025,#1026,#1027,#1028,#1029,#1030,#1031,#1032,
#1033,#1034,#1035,#1036,#1037,#1038,#1039,#1040,#1041,#1042,#1043,#1044,
#1045,#1046,#1047,#1048,#1049));
#3371=EDGE_LOOP('',(#1050,#1051,#1052,#1053));
#3372=EDGE_LOOP('',(#1054,#1055,#1056,#1057));
#3373=EDGE_LOOP('',(#1058,#1059,#1060,#1061));
#3374=EDGE_LOOP('',(#1062,#1063,#1064,#1065));
#3375=EDGE_LOOP('',(#1066,#1067,#1068,#1069));
#3376=EDGE_LOOP('',(#1070,#1071,#1072,#1073));
#3377=EDGE_LOOP('',(#1074,#1075,#1076,#1077));
#3378=EDGE_LOOP('',(#1078,#1079,#1080,#1081));
#3379=EDGE_LOOP('',(#1082,#1083,#1084,#1085));
#3380=EDGE_LOOP('',(#1086,#1087,#1088,#1089));
#3381=EDGE_LOOP('',(#1090,#1091,#1092,#1093));
#3382=EDGE_LOOP('',(#1094,#1095,#1096,#1097));
#3383=EDGE_LOOP('',(#1098,#1099,#1100,#1101));
#3384=EDGE_LOOP('',(#1102,#1103,#1104,#1105));
#3385=EDGE_LOOP('',(#1106,#1107,#1108,#1109));
#3386=EDGE_LOOP('',(#1110,#1111,#1112,#1113));
#3387=EDGE_LOOP('',(#1114,#1115,#1116,#1117));
#3388=EDGE_LOOP('',(#1118,#1119,#1120,#1121,#1122,#1123,#1124,#1125,#1126,
#1127,#1128,#1129,#1130,#1131,#1132,#1133,#1134));
#3389=EDGE_LOOP('',(#1135,#1136,#1137,#1138));
#3390=EDGE_LOOP('',(#1139,#1140,#1141,#1142));
#3391=EDGE_LOOP('',(#1143,#1144,#1145,#1146));
#3392=EDGE_LOOP('',(#1147,#1148,#1149,#1150));
#3393=EDGE_LOOP('',(#1151,#1152,#1153,#1154));
#3394=EDGE_LOOP('',(#1155,#1156,#1157,#1158));
#3395=EDGE_LOOP('',(#1159,#1160,#1161,#1162));
#3396=EDGE_LOOP('',(#1163,#1164,#1165,#1166));
#3397=EDGE_LOOP('',(#1167,#1168,#1169,#1170));
#3398=EDGE_LOOP('',(#1171,#1172,#1173,#1174));
#3399=EDGE_LOOP('',(#1175,#1176,#1177,#1178));
#3400=EDGE_LOOP('',(#1179,#1180,#1181,#1182));
#3401=EDGE_LOOP('',(#1183,#1184,#1185,#1186));
#3402=EDGE_LOOP('',(#1187,#1188,#1189,#1190));
#3403=EDGE_LOOP('',(#1191,#1192,#1193,#1194));
#3404=EDGE_LOOP('',(#1195,#1196,#1197,#1198));
#3405=EDGE_LOOP('',(#1199,#1200,#1201,#1202));
#3406=EDGE_LOOP('',(#1203,#1204,#1205,#1206));
#3407=EDGE_LOOP('',(#1207,#1208,#1209,#1210));
#3408=EDGE_LOOP('',(#1211,#1212,#1213,#1214));
#3409=EDGE_LOOP('',(#1215,#1216,#1217,#1218,#1219));
#3410=EDGE_LOOP('',(#1220,#1221,#1222,#1223,#1224,#1225,#1226,#1227,#1228,
#1229,#1230,#1231,#1232,#1233,#1234));
#3411=EDGE_LOOP('',(#1235,#1236,#1237,#1238,#1239));
#3412=EDGE_LOOP('',(#1240,#1241,#1242,#1243));
#3413=EDGE_LOOP('',(#1244,#1245,#1246,#1247));
#3414=EDGE_LOOP('',(#1248,#1249,#1250,#1251));
#3415=EDGE_LOOP('',(#1252,#1253,#1254,#1255));
#3416=EDGE_LOOP('',(#1256,#1257,#1258,#1259));
#3417=EDGE_LOOP('',(#1260,#1261,#1262,#1263));
#3418=EDGE_LOOP('',(#1264,#1265,#1266,#1267));
#3419=EDGE_LOOP('',(#1268,#1269,#1270,#1271));
#3420=EDGE_LOOP('',(#1272,#1273,#1274,#1275));
#3421=EDGE_LOOP('',(#1276,#1277,#1278,#1279));
#3422=EDGE_LOOP('',(#1280,#1281,#1282,#1283));
#3423=EDGE_LOOP('',(#1284,#1285,#1286,#1287));
#3424=EDGE_LOOP('',(#1288,#1289,#1290,#1291));
#3425=EDGE_LOOP('',(#1292,#1293,#1294,#1295));
#3426=EDGE_LOOP('',(#1296,#1297,#1298,#1299));
#3427=EDGE_LOOP('',(#1300,#1301,#1302,#1303));
#3428=EDGE_LOOP('',(#1304,#1305,#1306,#1307));
#3429=EDGE_LOOP('',(#1308,#1309,#1310,#1311));
#3430=EDGE_LOOP('',(#1312,#1313,#1314,#1315));
#3431=EDGE_LOOP('',(#1316,#1317,#1318,#1319));
#3432=EDGE_LOOP('',(#1320,#1321,#1322,#1323,#1324));
#3433=EDGE_LOOP('',(#1325,#1326,#1327,#1328,#1329,#1330,#1331,#1332,#1333,
#1334,#1335,#1336,#1337,#1338,#1339));
#3434=EDGE_LOOP('',(#1340,#1341,#1342,#1343,#1344));
#3435=EDGE_LOOP('',(#1345,#1346,#1347,#1348));
#3436=EDGE_LOOP('',(#1349,#1350,#1351,#1352));
#3437=EDGE_LOOP('',(#1353,#1354,#1355,#1356));
#3438=EDGE_LOOP('',(#1357,#1358,#1359,#1360));
#3439=EDGE_LOOP('',(#1361,#1362,#1363,#1364));
#3440=EDGE_LOOP('',(#1365,#1366,#1367,#1368));
#3441=EDGE_LOOP('',(#1369,#1370,#1371,#1372));
#3442=EDGE_LOOP('',(#1373,#1374,#1375,#1376));
#3443=EDGE_LOOP('',(#1377,#1378,#1379,#1380));
#3444=EDGE_LOOP('',(#1381,#1382,#1383,#1384));
#3445=EDGE_LOOP('',(#1385,#1386,#1387,#1388));
#3446=EDGE_LOOP('',(#1389,#1390,#1391,#1392));
#3447=EDGE_LOOP('',(#1393,#1394,#1395,#1396));
#3448=EDGE_LOOP('',(#1397,#1398,#1399,#1400));
#3449=EDGE_LOOP('',(#1401,#1402,#1403,#1404));
#3450=EDGE_LOOP('',(#1405,#1406,#1407,#1408));
#3451=EDGE_LOOP('',(#1409,#1410,#1411,#1412));
#3452=EDGE_LOOP('',(#1413,#1414,#1415,#1416));
#3453=EDGE_LOOP('',(#1417,#1418,#1419,#1420));
#3454=EDGE_LOOP('',(#1421,#1422,#1423,#1424));
#3455=EDGE_LOOP('',(#1425,#1426,#1427,#1428,#1429));
#3456=EDGE_LOOP('',(#1430,#1431,#1432,#1433,#1434,#1435,#1436,#1437,#1438,
#1439,#1440,#1441,#1442,#1443,#1444));
#3457=EDGE_LOOP('',(#1445,#1446,#1447,#1448,#1449));
#3458=EDGE_LOOP('',(#1450,#1451,#1452,#1453));
#3459=EDGE_LOOP('',(#1454,#1455,#1456,#1457));
#3460=EDGE_LOOP('',(#1458,#1459,#1460,#1461));
#3461=EDGE_LOOP('',(#1462,#1463,#1464,#1465));
#3462=EDGE_LOOP('',(#1466,#1467,#1468,#1469));
#3463=EDGE_LOOP('',(#1470,#1471,#1472,#1473));
#3464=EDGE_LOOP('',(#1474,#1475,#1476,#1477));
#3465=EDGE_LOOP('',(#1478,#1479,#1480,#1481));
#3466=EDGE_LOOP('',(#1482,#1483,#1484,#1485));
#3467=EDGE_LOOP('',(#1486,#1487,#1488,#1489));
#3468=EDGE_LOOP('',(#1490,#1491,#1492,#1493));
#3469=EDGE_LOOP('',(#1494,#1495,#1496,#1497));
#3470=EDGE_LOOP('',(#1498,#1499,#1500,#1501));
#3471=EDGE_LOOP('',(#1502,#1503,#1504,#1505));
#3472=EDGE_LOOP('',(#1506,#1507,#1508,#1509));
#3473=EDGE_LOOP('',(#1510,#1511,#1512,#1513));
#3474=EDGE_LOOP('',(#1514,#1515,#1516,#1517));
#3475=EDGE_LOOP('',(#1518,#1519,#1520,#1521));
#3476=EDGE_LOOP('',(#1522,#1523,#1524,#1525));
#3477=EDGE_LOOP('',(#1526,#1527,#1528,#1529));
#3478=EDGE_LOOP('',(#1530,#1531,#1532,#1533));
#3479=EDGE_LOOP('',(#1534,#1535,#1536,#1537));
#3480=EDGE_LOOP('',(#1538,#1539,#1540,#1541));
#3481=EDGE_LOOP('',(#1542,#1543,#1544,#1545));
#3482=EDGE_LOOP('',(#1546,#1547,#1548,#1549));
#3483=EDGE_LOOP('',(#1550,#1551,#1552,#1553));
#3484=EDGE_LOOP('',(#1554,#1555,#1556,#1557,#1558,#1559,#1560,#1561,#1562,
#1563,#1564,#1565,#1566,#1567,#1568,#1569,#1570,#1571,#1572,#1573,#1574,
#1575,#1576,#1577,#1578,#1579));
#3485=EDGE_LOOP('',(#1580,#1581,#1582,#1583));
#3486=EDGE_LOOP('',(#1584,#1585,#1586,#1587));
#3487=EDGE_LOOP('',(#1588,#1589,#1590,#1591));
#3488=EDGE_LOOP('',(#1592,#1593,#1594,#1595));
#3489=EDGE_LOOP('',(#1596,#1597,#1598,#1599));
#3490=EDGE_LOOP('',(#1600,#1601,#1602,#1603));
#3491=EDGE_LOOP('',(#1604,#1605,#1606,#1607,#1608,#1609));
#3492=FACE_BOUND('',#3259,.T.);
#3493=FACE_BOUND('',#3260,.T.);
#3494=FACE_BOUND('',#3261,.T.);
#3495=FACE_BOUND('',#3262,.T.);
#3496=FACE_BOUND('',#3263,.T.);
#3497=FACE_BOUND('',#3264,.T.);
#3498=FACE_BOUND('',#3265,.T.);
#3499=FACE_BOUND('',#3266,.T.);
#3500=FACE_BOUND('',#3267,.T.);
#3501=FACE_BOUND('',#3268,.T.);
#3502=FACE_BOUND('',#3269,.T.);
#3503=FACE_BOUND('',#3270,.T.);
#3504=FACE_BOUND('',#3271,.T.);
#3505=FACE_BOUND('',#3272,.T.);
#3506=FACE_BOUND('',#3273,.T.);
#3507=FACE_BOUND('',#3274,.T.);
#3508=FACE_BOUND('',#3275,.T.);
#3509=FACE_BOUND('',#3276,.T.);
#3510=FACE_BOUND('',#3277,.T.);
#3511=FACE_BOUND('',#3278,.T.);
#3512=FACE_BOUND('',#3279,.T.);
#3513=FACE_BOUND('',#3280,.T.);
#3514=FACE_BOUND('',#3281,.T.);
#3515=FACE_BOUND('',#3282,.T.);
#3516=FACE_BOUND('',#3283,.T.);
#3517=FACE_BOUND('',#3284,.T.);
#3518=FACE_BOUND('',#3285,.T.);
#3519=FACE_BOUND('',#3286,.T.);
#3520=FACE_BOUND('',#3287,.T.);
#3521=FACE_BOUND('',#3288,.T.);
#3522=FACE_BOUND('',#3289,.T.);
#3523=FACE_BOUND('',#3290,.T.);
#3524=FACE_BOUND('',#3291,.T.);
#3525=FACE_BOUND('',#3292,.T.);
#3526=FACE_BOUND('',#3293,.T.);
#3527=FACE_BOUND('',#3294,.T.);
#3528=FACE_BOUND('',#3295,.T.);
#3529=FACE_BOUND('',#3296,.T.);
#3530=FACE_BOUND('',#3297,.T.);
#3531=FACE_BOUND('',#3298,.T.);
#3532=FACE_BOUND('',#3299,.T.);
#3533=FACE_BOUND('',#3300,.T.);
#3534=FACE_BOUND('',#3301,.T.);
#3535=FACE_BOUND('',#3302,.T.);
#3536=FACE_BOUND('',#3303,.T.);
#3537=FACE_BOUND('',#3304,.T.);
#3538=FACE_BOUND('',#3305,.T.);
#3539=FACE_BOUND('',#3306,.T.);
#3540=FACE_BOUND('',#3307,.T.);
#3541=FACE_BOUND('',#3308,.T.);
#3542=FACE_BOUND('',#3309,.T.);
#3543=FACE_BOUND('',#3310,.T.);
#3544=FACE_BOUND('',#3311,.T.);
#3545=FACE_BOUND('',#3312,.T.);
#3546=FACE_BOUND('',#3313,.T.);
#3547=FACE_BOUND('',#3314,.T.);
#3548=FACE_BOUND('',#3315,.T.);
#3549=FACE_BOUND('',#3316,.T.);
#3550=FACE_BOUND('',#3317,.T.);
#3551=FACE_BOUND('',#3318,.T.);
#3552=FACE_BOUND('',#3319,.T.);
#3553=FACE_BOUND('',#3320,.T.);
#3554=FACE_BOUND('',#3321,.T.);
#3555=FACE_BOUND('',#3322,.T.);
#3556=FACE_BOUND('',#3323,.T.);
#3557=FACE_BOUND('',#3324,.T.);
#3558=FACE_BOUND('',#3325,.T.);
#3559=FACE_BOUND('',#3326,.T.);
#3560=FACE_BOUND('',#3327,.T.);
#3561=FACE_BOUND('',#3328,.T.);
#3562=FACE_BOUND('',#3329,.T.);
#3563=FACE_BOUND('',#3330,.T.);
#3564=FACE_BOUND('',#3331,.T.);
#3565=FACE_BOUND('',#3332,.T.);
#3566=FACE_BOUND('',#3333,.T.);
#3567=FACE_BOUND('',#3334,.T.);
#3568=FACE_BOUND('',#3335,.T.);
#3569=FACE_BOUND('',#3336,.T.);
#3570=FACE_BOUND('',#3337,.T.);
#3571=FACE_BOUND('',#3338,.T.);
#3572=FACE_BOUND('',#3339,.T.);
#3573=FACE_BOUND('',#3340,.T.);
#3574=FACE_BOUND('',#3341,.T.);
#3575=FACE_BOUND('',#3342,.T.);
#3576=FACE_BOUND('',#3343,.T.);
#3577=FACE_BOUND('',#3344,.T.);
#3578=FACE_BOUND('',#3345,.T.);
#3579=FACE_BOUND('',#3346,.T.);
#3580=FACE_BOUND('',#3347,.T.);
#3581=FACE_BOUND('',#3348,.T.);
#3582=FACE_BOUND('',#3349,.T.);
#3583=FACE_BOUND('',#3350,.T.);
#3584=FACE_BOUND('',#3351,.T.);
#3585=FACE_BOUND('',#3352,.T.);
#3586=FACE_BOUND('',#3353,.T.);
#3587=FACE_BOUND('',#3354,.T.);
#3588=FACE_BOUND('',#3355,.T.);
#3589=FACE_BOUND('',#3356,.T.);
#3590=FACE_BOUND('',#3357,.T.);
#3591=FACE_BOUND('',#3358,.T.);
#3592=FACE_BOUND('',#3359,.T.);
#3593=FACE_BOUND('',#3360,.T.);
#3594=FACE_BOUND('',#3361,.T.);
#3595=FACE_BOUND('',#3362,.T.);
#3596=FACE_BOUND('',#3363,.T.);
#3597=FACE_BOUND('',#3364,.T.);
#3598=FACE_BOUND('',#3365,.T.);
#3599=FACE_BOUND('',#3366,.T.);
#3600=FACE_BOUND('',#3367,.T.);
#3601=FACE_BOUND('',#3368,.T.);
#3602=FACE_BOUND('',#3369,.T.);
#3603=FACE_BOUND('',#3370,.T.);
#3604=FACE_BOUND('',#3371,.T.);
#3605=FACE_BOUND('',#3372,.T.);
#3606=FACE_BOUND('',#3373,.T.);
#3607=FACE_BOUND('',#3374,.T.);
#3608=FACE_BOUND('',#3375,.T.);
#3609=FACE_BOUND('',#3376,.T.);
#3610=FACE_BOUND('',#3377,.T.);
#3611=FACE_BOUND('',#3378,.T.);
#3612=FACE_BOUND('',#3379,.T.);
#3613=FACE_BOUND('',#3380,.T.);
#3614=FACE_BOUND('',#3381,.T.);
#3615=FACE_BOUND('',#3382,.T.);
#3616=FACE_BOUND('',#3383,.T.);
#3617=FACE_BOUND('',#3384,.T.);
#3618=FACE_BOUND('',#3385,.T.);
#3619=FACE_BOUND('',#3386,.T.);
#3620=FACE_BOUND('',#3387,.T.);
#3621=FACE_BOUND('',#3388,.T.);
#3622=FACE_BOUND('',#3389,.T.);
#3623=FACE_BOUND('',#3390,.T.);
#3624=FACE_BOUND('',#3391,.T.);
#3625=FACE_BOUND('',#3392,.T.);
#3626=FACE_BOUND('',#3393,.T.);
#3627=FACE_BOUND('',#3394,.T.);
#3628=FACE_BOUND('',#3395,.T.);
#3629=FACE_BOUND('',#3396,.T.);
#3630=FACE_BOUND('',#3397,.T.);
#3631=FACE_BOUND('',#3398,.T.);
#3632=FACE_BOUND('',#3399,.T.);
#3633=FACE_BOUND('',#3400,.T.);
#3634=FACE_BOUND('',#3401,.T.);
#3635=FACE_BOUND('',#3402,.T.);
#3636=FACE_BOUND('',#3403,.T.);
#3637=FACE_BOUND('',#3404,.T.);
#3638=FACE_BOUND('',#3405,.T.);
#3639=FACE_BOUND('',#3406,.T.);
#3640=FACE_BOUND('',#3407,.T.);
#3641=FACE_BOUND('',#3408,.T.);
#3642=FACE_BOUND('',#3409,.T.);
#3643=FACE_BOUND('',#3410,.T.);
#3644=FACE_BOUND('',#3411,.T.);
#3645=FACE_BOUND('',#3412,.T.);
#3646=FACE_BOUND('',#3413,.T.);
#3647=FACE_BOUND('',#3414,.T.);
#3648=FACE_BOUND('',#3415,.T.);
#3649=FACE_BOUND('',#3416,.T.);
#3650=FACE_BOUND('',#3417,.T.);
#3651=FACE_BOUND('',#3418,.T.);
#3652=FACE_BOUND('',#3419,.T.);
#3653=FACE_BOUND('',#3420,.T.);
#3654=FACE_BOUND('',#3421,.T.);
#3655=FACE_BOUND('',#3422,.T.);
#3656=FACE_BOUND('',#3423,.T.);
#3657=FACE_BOUND('',#3424,.T.);
#3658=FACE_BOUND('',#3425,.T.);
#3659=FACE_BOUND('',#3426,.T.);
#3660=FACE_BOUND('',#3427,.T.);
#3661=FACE_BOUND('',#3428,.T.);
#3662=FACE_BOUND('',#3429,.T.);
#3663=FACE_BOUND('',#3430,.T.);
#3664=FACE_BOUND('',#3431,.T.);
#3665=FACE_BOUND('',#3432,.T.);
#3666=FACE_BOUND('',#3433,.T.);
#3667=FACE_BOUND('',#3434,.T.);
#3668=FACE_BOUND('',#3435,.T.);
#3669=FACE_BOUND('',#3436,.T.);
#3670=FACE_BOUND('',#3437,.T.);
#3671=FACE_BOUND('',#3438,.T.);
#3672=FACE_BOUND('',#3439,.T.);
#3673=FACE_BOUND('',#3440,.T.);
#3674=FACE_BOUND('',#3441,.T.);
#3675=FACE_BOUND('',#3442,.T.);
#3676=FACE_BOUND('',#3443,.T.);
#3677=FACE_BOUND('',#3444,.T.);
#3678=FACE_BOUND('',#3445,.T.);
#3679=FACE_BOUND('',#3446,.T.);
#3680=FACE_BOUND('',#3447,.T.);
#3681=FACE_BOUND('',#3448,.T.);
#3682=FACE_BOUND('',#3449,.T.);
#3683=FACE_BOUND('',#3450,.T.);
#3684=FACE_BOUND('',#3451,.T.);
#3685=FACE_BOUND('',#3452,.T.);
#3686=FACE_BOUND('',#3453,.T.);
#3687=FACE_BOUND('',#3454,.T.);
#3688=FACE_BOUND('',#3455,.T.);
#3689=FACE_BOUND('',#3456,.T.);
#3690=FACE_BOUND('',#3457,.T.);
#3691=FACE_BOUND('',#3458,.T.);
#3692=FACE_BOUND('',#3459,.T.);
#3693=FACE_BOUND('',#3460,.T.);
#3694=FACE_BOUND('',#3461,.T.);
#3695=FACE_BOUND('',#3462,.T.);
#3696=FACE_BOUND('',#3463,.T.);
#3697=FACE_BOUND('',#3464,.T.);
#3698=FACE_BOUND('',#3465,.T.);
#3699=FACE_BOUND('',#3466,.T.);
#3700=FACE_BOUND('',#3467,.T.);
#3701=FACE_BOUND('',#3468,.T.);
#3702=FACE_BOUND('',#3469,.T.);
#3703=FACE_BOUND('',#3470,.T.);
#3704=FACE_BOUND('',#3471,.T.);
#3705=FACE_BOUND('',#3472,.T.);
#3706=FACE_BOUND('',#3473,.T.);
#3707=FACE_BOUND('',#3474,.T.);
#3708=FACE_BOUND('',#3475,.T.);
#3709=FACE_BOUND('',#3476,.T.);
#3710=FACE_BOUND('',#3477,.T.);
#3711=FACE_BOUND('',#3478,.T.);
#3712=FACE_BOUND('',#3479,.T.);
#3713=FACE_BOUND('',#3480,.T.);
#3714=FACE_BOUND('',#3481,.T.);
#3715=FACE_BOUND('',#3482,.T.);
#3716=FACE_BOUND('',#3483,.T.);
#3717=FACE_BOUND('',#3484,.T.);
#3718=FACE_BOUND('',#3485,.T.);
#3719=FACE_BOUND('',#3486,.T.);
#3720=FACE_BOUND('',#3487,.T.);
#3721=FACE_BOUND('',#3488,.T.);
#3722=FACE_BOUND('',#3489,.T.);
#3723=FACE_BOUND('',#3490,.T.);
#3724=FACE_BOUND('',#3491,.T.);
#3725=PLANE('',#4034);
#3726=PLANE('',#4074);
#3727=PLANE('',#4079);
#3728=PLANE('',#4082);
#3729=PLANE('',#4085);
#3730=PLANE('',#4092);
#3731=PLANE('',#4095);
#3732=PLANE('',#4101);
#3733=PLANE('',#4103);
#3734=PLANE('',#4109);
#3735=PLANE('',#4111);
#3736=PLANE('',#4112);
#3737=PLANE('',#4113);
#3738=PLANE('',#4114);
#3739=PLANE('',#4115);
#3740=PLANE('',#4116);
#3741=PLANE('',#4120);
#3742=PLANE('',#4122);
#3743=PLANE('',#4124);
#3744=PLANE('',#4126);
#3745=PLANE('',#4129);
#3746=PLANE('',#4134);
#3747=PLANE('',#4135);
#3748=PLANE('',#4136);
#3749=PLANE('',#4137);
#3750=PLANE('',#4138);
#3751=PLANE('',#4139);
#3752=PLANE('',#4140);
#3753=PLANE('',#4141);
#3754=PLANE('',#4142);
#3755=PLANE('',#4143);
#3756=PLANE('',#4144);
#3757=PLANE('',#4147);
#3758=PLANE('',#4148);
#3759=PLANE('',#4149);
#3760=PLANE('',#4150);
#3761=PLANE('',#4151);
#3762=PLANE('',#4152);
#3763=PLANE('',#4153);
#3764=PLANE('',#4154);
#3765=PLANE('',#4161);
#3766=PLANE('',#4174);
#3767=PLANE('',#4177);
#3768=PLANE('',#4178);
#3769=PLANE('',#4179);
#3770=PLANE('',#4184);
#3771=PLANE('',#4185);
#3772=PLANE('',#4186);
#3773=PLANE('',#4187);
#3774=PLANE('',#4188);
#3775=PLANE('',#4189);
#3776=PLANE('',#4190);
#3777=PLANE('',#4191);
#3778=PLANE('',#4194);
#3779=PLANE('',#4199);
#3780=PLANE('',#4200);
#3781=PLANE('',#4201);
#3782=PLANE('',#4202);
#3783=PLANE('',#4203);
#3784=PLANE('',#4206);
#3785=PLANE('',#4211);
#3786=PLANE('',#4212);
#3787=PLANE('',#4213);
#3788=PLANE('',#4214);
#3789=PLANE('',#4215);
#3790=PLANE('',#4218);
#3791=PLANE('',#4223);
#3792=PLANE('',#4224);
#3793=PLANE('',#4225);
#3794=PLANE('',#4226);
#3795=PLANE('',#4227);
#3796=PLANE('',#4234);
#3797=PLANE('',#4247);
#3798=PLANE('',#4250);
#3799=PLANE('',#4251);
#3800=PLANE('',#4252);
#3801=PLANE('',#4253);
#3802=PLANE('',#4254);
#3803=PLANE('',#4255);
#3804=PLANE('',#4256);
#3805=PLANE('',#4257);
#3806=ADVANCED_FACE('',(#3492,#3493,#3494,#3495,#3496,#3497,#3498,#3499,
#3500,#3501,#3502,#3503),#3725,.T.);
#3807=ADVANCED_FACE('',(#3504,#3505),#3726,.F.);
#3808=ADVANCED_FACE('',(#3506),#3727,.T.);
#3809=ADVANCED_FACE('',(#3507),#99,.F.);
#3810=ADVANCED_FACE('',(#3508),#3728,.F.);
#3811=ADVANCED_FACE('',(#3509),#100,.F.);
#3812=ADVANCED_FACE('',(#3510),#3729,.F.);
#3813=ADVANCED_FACE('',(#3511),#101,.F.);
#3814=ADVANCED_FACE('',(#3512),#3730,.T.);
#3815=ADVANCED_FACE('',(#3513),#102,.F.);
#3816=ADVANCED_FACE('',(#3514,#3515),#3731,.F.);
#3817=ADVANCED_FACE('',(#3516),#103,.T.);
#3818=ADVANCED_FACE('',(#3517),#3732,.F.);
#3819=ADVANCED_FACE('',(#3518),#104,.T.);
#3820=ADVANCED_FACE('',(#3519,#3520),#3733,.T.);
#3821=ADVANCED_FACE('',(#3521),#105,.T.);
#3822=ADVANCED_FACE('',(#3522),#3734,.T.);
#3823=ADVANCED_FACE('',(#3523),#106,.T.);
#3824=ADVANCED_FACE('',(#3524),#3735,.F.);
#3825=ADVANCED_FACE('',(#3525),#3736,.T.);
#3826=ADVANCED_FACE('',(#3526),#3737,.F.);
#3827=ADVANCED_FACE('',(#3527),#3738,.F.);
#3828=ADVANCED_FACE('',(#3528),#3739,.T.);
#3829=ADVANCED_FACE('',(#3529),#3740,.F.);
#3830=ADVANCED_FACE('',(#3530),#107,.F.);
#3831=ADVANCED_FACE('',(#3531),#3741,.F.);
#3832=ADVANCED_FACE('',(#3532),#108,.F.);
#3833=ADVANCED_FACE('',(#3533),#3742,.T.);
#3834=ADVANCED_FACE('',(#3534),#109,.F.);
#3835=ADVANCED_FACE('',(#3535),#3743,.T.);
#3836=ADVANCED_FACE('',(#3536),#110,.F.);
#3837=ADVANCED_FACE('',(#3537),#3744,.F.);
#3838=ADVANCED_FACE('',(#3538),#12,.T.);
#3839=ADVANCED_FACE('',(#3539),#13,.T.);
#3840=ADVANCED_FACE('',(#3540),#111,.F.);
#3841=ADVANCED_FACE('',(#3541),#3745,.T.);
#3842=ADVANCED_FACE('',(#3542),#112,.T.);
#3843=ADVANCED_FACE('',(#3543),#113,.T.);
#3844=ADVANCED_FACE('',(#3544),#14,.T.);
#3845=ADVANCED_FACE('',(#3545),#15,.T.);
#3846=ADVANCED_FACE('',(#3546),#3746,.T.);
#3847=ADVANCED_FACE('',(#3547),#3747,.T.);
#3848=ADVANCED_FACE('',(#3548),#16,.T.);
#3849=ADVANCED_FACE('',(#3549),#17,.T.);
#3850=ADVANCED_FACE('',(#3550),#18,.T.);
#3851=ADVANCED_FACE('',(#3551),#19,.T.);
#3852=ADVANCED_FACE('',(#3552),#20,.T.);
#3853=ADVANCED_FACE('',(#3553),#21,.T.);
#3854=ADVANCED_FACE('',(#3554),#22,.T.);
#3855=ADVANCED_FACE('',(#3555),#3748,.T.);
#3856=ADVANCED_FACE('',(#3556),#23,.T.);
#3857=ADVANCED_FACE('',(#3557),#24,.T.);
#3858=ADVANCED_FACE('',(#3558,#3559),#3749,.T.);
#3859=ADVANCED_FACE('',(#3560),#3750,.T.);
#3860=ADVANCED_FACE('',(#3561),#3751,.T.);
#3861=ADVANCED_FACE('',(#3562),#3752,.T.);
#3862=ADVANCED_FACE('',(#3563),#3753,.T.);
#3863=ADVANCED_FACE('',(#3564),#3754,.T.);
#3864=ADVANCED_FACE('',(#3565),#3755,.T.);
#3865=ADVANCED_FACE('',(#3566),#25,.T.);
#3866=ADVANCED_FACE('',(#3567),#3756,.T.);
#3867=ADVANCED_FACE('',(#3568),#114,.F.);
#3868=ADVANCED_FACE('',(#3569),#3757,.T.);
#3869=ADVANCED_FACE('',(#3570),#3758,.T.);
#3870=ADVANCED_FACE('',(#3571),#3759,.T.);
#3871=ADVANCED_FACE('',(#3572),#3760,.T.);
#3872=ADVANCED_FACE('',(#3573),#3761,.T.);
#3873=ADVANCED_FACE('',(#3574),#3762,.T.);
#3874=ADVANCED_FACE('',(#3575),#3763,.T.);
#3875=ADVANCED_FACE('',(#3576),#3764,.T.);
#3876=ADVANCED_FACE('',(#3577),#26,.T.);
#3877=ADVANCED_FACE('',(#3578),#27,.T.);
#3878=ADVANCED_FACE('',(#3579),#115,.F.);
#3879=ADVANCED_FACE('',(#3580),#28,.T.);
#3880=ADVANCED_FACE('',(#3581),#29,.T.);
#3881=ADVANCED_FACE('',(#3582),#30,.T.);
#3882=ADVANCED_FACE('',(#3583),#31,.T.);
#3883=ADVANCED_FACE('',(#3584),#116,.T.);
#3884=ADVANCED_FACE('',(#3585),#117,.T.);
#3885=ADVANCED_FACE('',(#3586),#3765,.T.);
#3886=ADVANCED_FACE('',(#3587),#118,.F.);
#3887=ADVANCED_FACE('',(#3588),#32,.T.);
#3888=ADVANCED_FACE('',(#3589),#33,.T.);
#3889=ADVANCED_FACE('',(#3590),#34,.T.);
#3890=ADVANCED_FACE('',(#3591),#119,.F.);
#3891=ADVANCED_FACE('',(#3592),#35,.T.);
#3892=ADVANCED_FACE('',(#3593),#120,.T.);
#3893=ADVANCED_FACE('',(#3594),#36,.T.);
#3894=ADVANCED_FACE('',(#3595),#121,.T.);
#3895=ADVANCED_FACE('',(#3596),#37,.T.);
#3896=ADVANCED_FACE('',(#3597),#122,.T.);
#3897=ADVANCED_FACE('',(#3598),#123,.T.);
#3898=ADVANCED_FACE('',(#3599),#3766,.T.);
#3899=ADVANCED_FACE('',(#3600),#124,.F.);
#3900=ADVANCED_FACE('',(#3601),#38,.T.);
#3901=ADVANCED_FACE('',(#3602),#39,.T.);
#3902=ADVANCED_FACE('',(#3603),#3767,.T.);
#3903=ADVANCED_FACE('',(#3604),#3768,.T.);
#3904=ADVANCED_FACE('',(#3605),#3769,.T.);
#3905=ADVANCED_FACE('',(#3606),#40,.T.);
#3906=ADVANCED_FACE('',(#3607),#41,.T.);
#3907=ADVANCED_FACE('',(#3608),#125,.F.);
#3908=ADVANCED_FACE('',(#3609),#126,.F.);
#3909=ADVANCED_FACE('',(#3610),#3770,.T.);
#3910=ADVANCED_FACE('',(#3611),#3771,.T.);
#3911=ADVANCED_FACE('',(#3612),#3772,.T.);
#3912=ADVANCED_FACE('',(#3613),#3773,.T.);
#3913=ADVANCED_FACE('',(#3614),#3774,.T.);
#3914=ADVANCED_FACE('',(#3615),#3775,.T.);
#3915=ADVANCED_FACE('',(#3616),#42,.T.);
#3916=ADVANCED_FACE('',(#3617),#43,.T.);
#3917=ADVANCED_FACE('',(#3618),#44,.T.);
#3918=ADVANCED_FACE('',(#3619),#45,.T.);
#3919=ADVANCED_FACE('',(#3620),#3776,.T.);
#3920=ADVANCED_FACE('',(#3621),#3777,.T.);
#3921=ADVANCED_FACE('',(#3622),#46,.T.);
#3922=ADVANCED_FACE('',(#3623),#47,.T.);
#3923=ADVANCED_FACE('',(#3624),#127,.F.);
#3924=ADVANCED_FACE('',(#3625),#3778,.T.);
#3925=ADVANCED_FACE('',(#3626),#128,.T.);
#3926=ADVANCED_FACE('',(#3627),#129,.T.);
#3927=ADVANCED_FACE('',(#3628),#48,.T.);
#3928=ADVANCED_FACE('',(#3629),#49,.T.);
#3929=ADVANCED_FACE('',(#3630),#3779,.T.);
#3930=ADVANCED_FACE('',(#3631),#3780,.T.);
#3931=ADVANCED_FACE('',(#3632),#50,.T.);
#3932=ADVANCED_FACE('',(#3633),#51,.T.);
#3933=ADVANCED_FACE('',(#3634),#52,.T.);
#3934=ADVANCED_FACE('',(#3635),#53,.T.);
#3935=ADVANCED_FACE('',(#3636),#54,.T.);
#3936=ADVANCED_FACE('',(#3637),#55,.T.);
#3937=ADVANCED_FACE('',(#3638),#56,.T.);
#3938=ADVANCED_FACE('',(#3639),#3781,.T.);
#3939=ADVANCED_FACE('',(#3640),#57,.T.);
#3940=ADVANCED_FACE('',(#3641),#58,.T.);
#3941=ADVANCED_FACE('',(#3642,#3643),#3782,.T.);
#3942=ADVANCED_FACE('',(#3644),#3783,.T.);
#3943=ADVANCED_FACE('',(#3645),#59,.T.);
#3944=ADVANCED_FACE('',(#3646),#60,.T.);
#3945=ADVANCED_FACE('',(#3647),#130,.F.);
#3946=ADVANCED_FACE('',(#3648),#3784,.T.);
#3947=ADVANCED_FACE('',(#3649),#131,.T.);
#3948=ADVANCED_FACE('',(#3650),#132,.T.);
#3949=ADVANCED_FACE('',(#3651),#61,.T.);
#3950=ADVANCED_FACE('',(#3652),#62,.T.);
#3951=ADVANCED_FACE('',(#3653),#3785,.T.);
#3952=ADVANCED_FACE('',(#3654),#3786,.T.);
#3953=ADVANCED_FACE('',(#3655),#63,.T.);
#3954=ADVANCED_FACE('',(#3656),#64,.T.);
#3955=ADVANCED_FACE('',(#3657),#65,.T.);
#3956=ADVANCED_FACE('',(#3658),#66,.T.);
#3957=ADVANCED_FACE('',(#3659),#67,.T.);
#3958=ADVANCED_FACE('',(#3660),#68,.T.);
#3959=ADVANCED_FACE('',(#3661),#69,.T.);
#3960=ADVANCED_FACE('',(#3662),#3787,.T.);
#3961=ADVANCED_FACE('',(#3663),#70,.T.);
#3962=ADVANCED_FACE('',(#3664),#71,.T.);
#3963=ADVANCED_FACE('',(#3665,#3666),#3788,.T.);
#3964=ADVANCED_FACE('',(#3667),#3789,.T.);
#3965=ADVANCED_FACE('',(#3668),#72,.T.);
#3966=ADVANCED_FACE('',(#3669),#73,.T.);
#3967=ADVANCED_FACE('',(#3670),#133,.F.);
#3968=ADVANCED_FACE('',(#3671),#3790,.T.);
#3969=ADVANCED_FACE('',(#3672),#134,.T.);
#3970=ADVANCED_FACE('',(#3673),#135,.T.);
#3971=ADVANCED_FACE('',(#3674),#74,.T.);
#3972=ADVANCED_FACE('',(#3675),#75,.T.);
#3973=ADVANCED_FACE('',(#3676),#3791,.T.);
#3974=ADVANCED_FACE('',(#3677),#3792,.T.);
#3975=ADVANCED_FACE('',(#3678),#76,.T.);
#3976=ADVANCED_FACE('',(#3679),#77,.T.);
#3977=ADVANCED_FACE('',(#3680),#78,.T.);
#3978=ADVANCED_FACE('',(#3681),#79,.T.);
#3979=ADVANCED_FACE('',(#3682),#80,.T.);
#3980=ADVANCED_FACE('',(#3683),#81,.T.);
#3981=ADVANCED_FACE('',(#3684),#82,.T.);
#3982=ADVANCED_FACE('',(#3685),#3793,.T.);
#3983=ADVANCED_FACE('',(#3686),#83,.T.);
#3984=ADVANCED_FACE('',(#3687),#84,.T.);
#3985=ADVANCED_FACE('',(#3688,#3689),#3794,.T.);
#3986=ADVANCED_FACE('',(#3690),#3795,.T.);
#3987=ADVANCED_FACE('',(#3691),#85,.T.);
#3988=ADVANCED_FACE('',(#3692),#86,.T.);
#3989=ADVANCED_FACE('',(#3693),#136,.F.);
#3990=ADVANCED_FACE('',(#3694),#87,.T.);
#3991=ADVANCED_FACE('',(#3695),#88,.T.);
#3992=ADVANCED_FACE('',(#3696),#89,.T.);
#3993=ADVANCED_FACE('',(#3697),#90,.T.);
#3994=ADVANCED_FACE('',(#3698),#137,.T.);
#3995=ADVANCED_FACE('',(#3699),#138,.T.);
#3996=ADVANCED_FACE('',(#3700),#3796,.T.);
#3997=ADVANCED_FACE('',(#3701),#139,.F.);
#3998=ADVANCED_FACE('',(#3702),#91,.T.);
#3999=ADVANCED_FACE('',(#3703),#92,.T.);
#4000=ADVANCED_FACE('',(#3704),#93,.T.);
#4001=ADVANCED_FACE('',(#3705),#140,.F.);
#4002=ADVANCED_FACE('',(#3706),#94,.T.);
#4003=ADVANCED_FACE('',(#3707),#141,.T.);
#4004=ADVANCED_FACE('',(#3708),#95,.T.);
#4005=ADVANCED_FACE('',(#3709),#142,.T.);
#4006=ADVANCED_FACE('',(#3710),#96,.T.);
#4007=ADVANCED_FACE('',(#3711),#143,.T.);
#4008=ADVANCED_FACE('',(#3712),#144,.T.);
#4009=ADVANCED_FACE('',(#3713),#3797,.T.);
#4010=ADVANCED_FACE('',(#3714),#145,.F.);
#4011=ADVANCED_FACE('',(#3715),#97,.T.);
#4012=ADVANCED_FACE('',(#3716),#98,.T.);
#4013=ADVANCED_FACE('',(#3717),#3798,.T.);
#4014=ADVANCED_FACE('',(#3718),#3799,.T.);
#4015=ADVANCED_FACE('',(#3719),#3800,.T.);
#4016=ADVANCED_FACE('',(#3720),#3801,.T.);
#4017=ADVANCED_FACE('',(#3721),#3802,.T.);
#4018=ADVANCED_FACE('',(#3722),#3803,.T.);
#4019=ADVANCED_FACE('',(#3723),#3804,.T.);
#4020=ADVANCED_FACE('',(#3724),#3805,.T.);
#4021=CLOSED_SHELL('',(#3806,#3807,#3808,#3809,#3810,#3811,#3812,#3813,
#3814,#3815,#3816,#3817,#3818,#3819,#3820,#3821,#3822,#3823,#3824,#3825,
#3826,#3827,#3828,#3829,#3830,#3831,#3832,#3833,#3834,#3835,#3836,#3837,
#3838,#3839,#3840,#3841,#3842,#3843,#3844,#3845,#3846,#3847,#3848,#3849,
#3850,#3851,#3852,#3853,#3854,#3855,#3856,#3857,#3858,#3859,#3860,#3861,
#3862,#3863,#3864,#3865,#3866,#3867,#3868,#3869,#3870,#3871,#3872,#3873,
#3874,#3875,#3876,#3877,#3878,#3879,#3880,#3881,#3882,#3883,#3884,#3885,
#3886,#3887,#3888,#3889,#3890,#3891,#3892,#3893,#3894,#3895,#3896,#3897,
#3898,#3899,#3900,#3901,#3902,#3903,#3904,#3905,#3906,#3907,#3908,#3909,
#3910,#3911,#3912,#3913,#3914,#3915,#3916,#3917,#3918,#3919,#3920,#3921,
#3922,#3923,#3924,#3925,#3926,#3927,#3928,#3929,#3930,#3931,#3932,#3933,
#3934,#3935,#3936,#3937,#3938,#3939,#3940,#3941,#3942,#3943,#3944,#3945,
#3946,#3947,#3948,#3949,#3950,#3951,#3952,#3953,#3954,#3955,#3956,#3957,
#3958,#3959,#3960,#3961,#3962,#3963,#3964,#3965,#3966,#3967,#3968,#3969,
#3970,#3971,#3972,#3973,#3974,#3975,#3976,#3977,#3978,#3979,#3980,#3981,
#3982,#3983,#3984,#3985,#3986,#3987,#3988,#3989,#3990,#3991,#3992,#3993,
#3994,#3995,#3996,#3997,#3998,#3999,#4000,#4001,#4002,#4003,#4004,#4005,
#4006,#4007,#4008,#4009,#4010,#4011,#4012,#4013,#4014,#4015,#4016,#4017,
#4018,#4019,#4020));
#4022=STYLED_ITEM('',(#4023),#4030);
#4023=PRESENTATION_STYLE_ASSIGNMENT((#4024));
#4024=SURFACE_STYLE_USAGE(.BOTH.,#4025);
#4025=SURFACE_SIDE_STYLE('',(#4026));
#4026=SURFACE_STYLE_FILL_AREA(#4027);
#4027=FILL_AREA_STYLE('',(#4028));
#4028=FILL_AREA_STYLE_COLOUR('',#4029);
#4029=COLOUR_RGB('',0.647058823529412,0.647058823529412,0.647058823529412);
#4030=MANIFOLD_SOLID_BREP('Bottom cover',#4021);
#4031=SHAPE_DEFINITION_REPRESENTATION(#7209,#4032);
#4032=SHAPE_REPRESENTATION('Bottom cover',(#4033),#7204);
#4033=AXIS2_PLACEMENT_3D('',#5035,#4258,#4259);
#4034=AXIS2_PLACEMENT_3D('',#5036,#4260,#4261);
#4035=AXIS2_PLACEMENT_3D('',#5040,#4263,#4264);
#4036=AXIS2_PLACEMENT_3D('',#5044,#4266,#4267);
#4037=AXIS2_PLACEMENT_3D('',#5048,#4269,#4270);
#4038=AXIS2_PLACEMENT_3D('',#5052,#4272,#4273);
#4039=AXIS2_PLACEMENT_3D('',#5102,#4280,#4281);
#4040=AXIS2_PLACEMENT_3D('',#5104,#4282,#4283);
#4041=AXIS2_PLACEMENT_3D('',#5108,#4285,#4286);
#4042=AXIS2_PLACEMENT_3D('',#5118,#4291,#4292);
#4043=AXIS2_PLACEMENT_3D('',#5156,#4301,#4302);
#4044=AXIS2_PLACEMENT_3D('',#5160,#4304,#4305);
#4045=AXIS2_PLACEMENT_3D('',#5162,#4306,#4307);
#4046=AXIS2_PLACEMENT_3D('',#5168,#4308,#4309);
#4047=AXIS2_PLACEMENT_3D('',#5174,#4310,#4311);
#4048=AXIS2_PLACEMENT_3D('',#5180,#4312,#4313);
#4049=AXIS2_PLACEMENT_3D('',#5194,#4314,#4315);
#4050=AXIS2_PLACEMENT_3D('',#5198,#4317,#4318);
#4051=AXIS2_PLACEMENT_3D('',#5200,#4319,#4320);
#4052=AXIS2_PLACEMENT_3D('',#5218,#4321,#4322);
#4053=AXIS2_PLACEMENT_3D('',#5254,#4332,#4333);
#4054=AXIS2_PLACEMENT_3D('',#5256,#4334,#4335);
#4055=AXIS2_PLACEMENT_3D('',#5306,#4338,#4339);
#4056=AXIS2_PLACEMENT_3D('',#5308,#4340,#4341);
#4057=AXIS2_PLACEMENT_3D('',#5312,#4343,#4344);
#4058=AXIS2_PLACEMENT_3D('',#5354,#4347,#4348);
#4059=AXIS2_PLACEMENT_3D('',#5356,#4349,#4350);
#4060=AXIS2_PLACEMENT_3D('',#5360,#4352,#4353);
#4061=AXIS2_PLACEMENT_3D('',#5402,#4356,#4357);
#4062=AXIS2_PLACEMENT_3D('',#5404,#4358,#4359);
#4063=AXIS2_PLACEMENT_3D('',#5408,#4361,#4362);
#4064=AXIS2_PLACEMENT_3D('',#5426,#4363,#4364);
#4065=AXIS2_PLACEMENT_3D('',#5430,#4366,#4367);
#4066=AXIS2_PLACEMENT_3D('',#5432,#4368,#4369);
#4067=AXIS2_PLACEMENT_3D('',#5438,#4370,#4371);
#4068=AXIS2_PLACEMENT_3D('',#5444,#4372,#4373);
#4069=AXIS2_PLACEMENT_3D('',#5450,#4374,#4375);
#4070=AXIS2_PLACEMENT_3D('',#5464,#4376,#4377);
#4071=AXIS2_PLACEMENT_3D('',#5468,#4379,#4380);
#4072=AXIS2_PLACEMENT_3D('',#5470,#4381,#4382);
#4073=AXIS2_PLACEMENT_3D('',#5488,#4383,#4384);
#4074=AXIS2_PLACEMENT_3D('',#5501,#4391,#4392);
#4075=AXIS2_PLACEMENT_3D('',#5513,#4398,#4399);
#4076=AXIS2_PLACEMENT_3D('',#5517,#4401,#4402);
#4077=AXIS2_PLACEMENT_3D('',#5521,#4404,#4405);
#4078=AXIS2_PLACEMENT_3D('',#5525,#4407,#4408);
#4079=AXIS2_PLACEMENT_3D('',#5534,#4413,#4414);
#4080=AXIS2_PLACEMENT_3D('',#5540,#4418,#4419);
#4081=AXIS2_PLACEMENT_3D('',#5541,#4420,#4421);
#4082=AXIS2_PLACEMENT_3D('',#5544,#4423,#4424);
#4083=AXIS2_PLACEMENT_3D('',#5548,#4427,#4428);
#4084=AXIS2_PLACEMENT_3D('',#5549,#4429,#4430);
#4085=AXIS2_PLACEMENT_3D('',#5552,#4432,#4433);
#4086=AXIS2_PLACEMENT_3D('',#5556,#4435,#4436);
#4087=AXIS2_PLACEMENT_3D('',#5560,#4439,#4440);
#4088=AXIS2_PLACEMENT_3D('',#5564,#4442,#4443);
#4089=AXIS2_PLACEMENT_3D('',#5568,#4445,#4446);
#4090=AXIS2_PLACEMENT_3D('',#5569,#4447,#4448);
#4091=AXIS2_PLACEMENT_3D('',#5570,#4449,#4450);
#4092=AXIS2_PLACEMENT_3D('',#5573,#4452,#4453);
#4093=AXIS2_PLACEMENT_3D('',#5577,#4456,#4457);
#4094=AXIS2_PLACEMENT_3D('',#5578,#4458,#4459);
#4095=AXIS2_PLACEMENT_3D('',#5579,#4460,#4461);
#4096=AXIS2_PLACEMENT_3D('',#5580,#4462,#4463);
#4097=AXIS2_PLACEMENT_3D('',#5585,#4465,#4466);
#4098=AXIS2_PLACEMENT_3D('',#5589,#4468,#4469);
#4099=AXIS2_PLACEMENT_3D('',#5593,#4471,#4472);
#4100=AXIS2_PLACEMENT_3D('',#5596,#4474,#4475);
#4101=AXIS2_PLACEMENT_3D('',#5599,#4478,#4479);
#4102=AXIS2_PLACEMENT_3D('',#5601,#4481,#4482);
#4103=AXIS2_PLACEMENT_3D('',#5603,#4484,#4485);
#4104=AXIS2_PLACEMENT_3D('',#5607,#4487,#4488);
#4105=AXIS2_PLACEMENT_3D('',#5611,#4490,#4491);
#4106=AXIS2_PLACEMENT_3D('',#5615,#4493,#4494);
#4107=AXIS2_PLACEMENT_3D('',#5619,#4496,#4497);
#4108=AXIS2_PLACEMENT_3D('',#5621,#4499,#4500);
#4109=AXIS2_PLACEMENT_3D('',#5623,#4502,#4503);
#4110=AXIS2_PLACEMENT_3D('',#5625,#4505,#4506);
#4111=AXIS2_PLACEMENT_3D('',#5627,#4508,#4509);
#4112=AXIS2_PLACEMENT_3D('',#5628,#4510,#4511);
#4113=AXIS2_PLACEMENT_3D('',#5631,#4514,#4515);
#4114=AXIS2_PLACEMENT_3D('',#5633,#4517,#4518);
#4115=AXIS2_PLACEMENT_3D('',#5635,#4520,#4521);
#4116=AXIS2_PLACEMENT_3D('',#5636,#4522,#4523);
#4117=AXIS2_PLACEMENT_3D('',#5637,#4524,#4525);
#4118=AXIS2_PLACEMENT_3D('',#5641,#4527,#4528);
#4119=AXIS2_PLACEMENT_3D('',#5642,#4529,#4530);
#4120=AXIS2_PLACEMENT_3D('',#5645,#4533,#4534);
#4121=AXIS2_PLACEMENT_3D('',#5647,#4536,#4537);
#4122=AXIS2_PLACEMENT_3D('',#5649,#4539,#4540);
#4123=AXIS2_PLACEMENT_3D('',#5651,#4542,#4543);
#4124=AXIS2_PLACEMENT_3D('',#5653,#4545,#4546);
#4125=AXIS2_PLACEMENT_3D('',#5655,#4548,#4549);
#4126=AXIS2_PLACEMENT_3D('',#5657,#4551,#4552);
#4127=AXIS2_PLACEMENT_3D('',#5686,#4556,#4557);
#4128=AXIS2_PLACEMENT_3D('',#5689,#4559,#4560);
#4129=AXIS2_PLACEMENT_3D('',#5690,#4561,#4562);
#4130=AXIS2_PLACEMENT_3D('',#5694,#4565,#4566);
#4131=AXIS2_PLACEMENT_3D('',#5697,#4568,#4569);
#4132=AXIS2_PLACEMENT_3D('',#5698,#4570,#4571);
#4133=AXIS2_PLACEMENT_3D('',#5701,#4573,#4574);
#4134=AXIS2_PLACEMENT_3D('',#5728,#4577,#4578);
#4135=AXIS2_PLACEMENT_3D('',#5732,#4581,#4582);
#4136=AXIS2_PLACEMENT_3D('',#5842,#4593,#4594);
#4137=AXIS2_PLACEMENT_3D('',#5873,#4598,#4599);
#4138=AXIS2_PLACEMENT_3D('',#5874,#4600,#4601);
#4139=AXIS2_PLACEMENT_3D('',#5875,#4602,#4603);
#4140=AXIS2_PLACEMENT_3D('',#5881,#4607,#4608);
#4141=AXIS2_PLACEMENT_3D('',#5885,#4611,#4612);
#4142=AXIS2_PLACEMENT_3D('',#5889,#4615,#4616);
#4143=AXIS2_PLACEMENT_3D('',#5893,#4619,#4620);
#4144=AXIS2_PLACEMENT_3D('',#5910,#4624,#4625);
#4145=AXIS2_PLACEMENT_3D('',#5914,#4628,#4629);
#4146=AXIS2_PLACEMENT_3D('',#5917,#4631,#4632);
#4147=AXIS2_PLACEMENT_3D('',#5918,#4633,#4634);
#4148=AXIS2_PLACEMENT_3D('',#5922,#4637,#4638);
#4149=AXIS2_PLACEMENT_3D('',#5924,#4640,#4641);
#4150=AXIS2_PLACEMENT_3D('',#5925,#4642,#4643);
#4151=AXIS2_PLACEMENT_3D('',#5931,#4647,#4648);
#4152=AXIS2_PLACEMENT_3D('',#5935,#4651,#4652);
#4153=AXIS2_PLACEMENT_3D('',#5939,#4655,#4656);
#4154=AXIS2_PLACEMENT_3D('',#5941,#4658,#4659);
#4155=AXIS2_PLACEMENT_3D('',#5970,#4663,#4664);
#4156=AXIS2_PLACEMENT_3D('',#5973,#4666,#4667);
#4157=AXIS2_PLACEMENT_3D('',#6026,#4672,#4673);
#4158=AXIS2_PLACEMENT_3D('',#6029,#4675,#4676);
#4159=AXIS2_PLACEMENT_3D('',#6030,#4677,#4678);
#4160=AXIS2_PLACEMENT_3D('',#6033,#4680,#4681);
#4161=AXIS2_PLACEMENT_3D('',#6034,#4682,#4683);
#4162=AXIS2_PLACEMENT_3D('',#6038,#4686,#4687);
#4163=AXIS2_PLACEMENT_3D('',#6041,#4689,#4690);
#4164=AXIS2_PLACEMENT_3D('',#6081,#4694,#4695);
#4165=AXIS2_PLACEMENT_3D('',#6084,#4697,#4698);
#4166=AXIS2_PLACEMENT_3D('',#6098,#4700,#4701);
#4167=AXIS2_PLACEMENT_3D('',#6101,#4703,#4704);
#4168=AXIS2_PLACEMENT_3D('',#6115,#4706,#4707);
#4169=AXIS2_PLACEMENT_3D('',#6118,#4709,#4710);
#4170=AXIS2_PLACEMENT_3D('',#6132,#4712,#4713);
#4171=AXIS2_PLACEMENT_3D('',#6135,#4715,#4716);
#4172=AXIS2_PLACEMENT_3D('',#6136,#4717,#4718);
#4173=AXIS2_PLACEMENT_3D('',#6139,#4720,#4721);
#4174=AXIS2_PLACEMENT_3D('',#6140,#4722,#4723);
#4175=AXIS2_PLACEMENT_3D('',#6144,#4726,#4727);
#4176=AXIS2_PLACEMENT_3D('',#6147,#4729,#4730);
#4177=AXIS2_PLACEMENT_3D('',#6172,#4732,#4733);
#4178=AXIS2_PLACEMENT_3D('',#6173,#4734,#4735);
#4179=AXIS2_PLACEMENT_3D('',#6179,#4739,#4740);
#4180=AXIS2_PLACEMENT_3D('',#6209,#4745,#4746);
#4181=AXIS2_PLACEMENT_3D('',#6212,#4748,#4749);
#4182=AXIS2_PLACEMENT_3D('',#6213,#4750,#4751);
#4183=AXIS2_PLACEMENT_3D('',#6216,#4753,#4754);
#4184=AXIS2_PLACEMENT_3D('',#6217,#4755,#4756);
#4185=AXIS2_PLACEMENT_3D('',#6221,#4759,#4760);
#4186=AXIS2_PLACEMENT_3D('',#6225,#4763,#4764);
#4187=AXIS2_PLACEMENT_3D('',#6229,#4767,#4768);
#4188=AXIS2_PLACEMENT_3D('',#6233,#4771,#4772);
#4189=AXIS2_PLACEMENT_3D('',#6237,#4775,#4776);
#4190=AXIS2_PLACEMENT_3D('',#6293,#4783,#4784);
#4191=AXIS2_PLACEMENT_3D('',#6295,#4786,#4787);
#4192=AXIS2_PLACEMENT_3D('',#6324,#4791,#4792);
#4193=AXIS2_PLACEMENT_3D('',#6327,#4794,#4795);
#4194=AXIS2_PLACEMENT_3D('',#6328,#4796,#4797);
#4195=AXIS2_PLACEMENT_3D('',#6332,#4800,#4801);
#4196=AXIS2_PLACEMENT_3D('',#6335,#4803,#4804);
#4197=AXIS2_PLACEMENT_3D('',#6336,#4805,#4806);
#4198=AXIS2_PLACEMENT_3D('',#6339,#4808,#4809);
#4199=AXIS2_PLACEMENT_3D('',#6366,#4812,#4813);
#4200=AXIS2_PLACEMENT_3D('',#6370,#4816,#4817);
#4201=AXIS2_PLACEMENT_3D('',#6480,#4828,#4829);
#4202=AXIS2_PLACEMENT_3D('',#6511,#4833,#4834);
#4203=AXIS2_PLACEMENT_3D('',#6512,#4835,#4836);
#4204=AXIS2_PLACEMENT_3D('',#6541,#4840,#4841);
#4205=AXIS2_PLACEMENT_3D('',#6544,#4843,#4844);
#4206=AXIS2_PLACEMENT_3D('',#6545,#4845,#4846);
#4207=AXIS2_PLACEMENT_3D('',#6549,#4849,#4850);
#4208=AXIS2_PLACEMENT_3D('',#6552,#4852,#4853);
#4209=AXIS2_PLACEMENT_3D('',#6553,#4854,#4855);
#4210=AXIS2_PLACEMENT_3D('',#6556,#4857,#4858);
#4211=AXIS2_PLACEMENT_3D('',#6583,#4861,#4862);
#4212=AXIS2_PLACEMENT_3D('',#6587,#4865,#4866);
#4213=AXIS2_PLACEMENT_3D('',#6697,#4877,#4878);
#4214=AXIS2_PLACEMENT_3D('',#6728,#4882,#4883);
#4215=AXIS2_PLACEMENT_3D('',#6729,#4884,#4885);
#4216=AXIS2_PLACEMENT_3D('',#6758,#4889,#4890);
#4217=AXIS2_PLACEMENT_3D('',#6761,#4892,#4893);
#4218=AXIS2_PLACEMENT_3D('',#6762,#4894,#4895);
#4219=AXIS2_PLACEMENT_3D('',#6766,#4898,#4899);
#4220=AXIS2_PLACEMENT_3D('',#6769,#4901,#4902);
#4221=AXIS2_PLACEMENT_3D('',#6770,#4903,#4904);
#4222=AXIS2_PLACEMENT_3D('',#6773,#4906,#4907);
#4223=AXIS2_PLACEMENT_3D('',#6800,#4910,#4911);
#4224=AXIS2_PLACEMENT_3D('',#6804,#4914,#4915);
#4225=AXIS2_PLACEMENT_3D('',#6914,#4926,#4927);
#4226=AXIS2_PLACEMENT_3D('',#6945,#4931,#4932);
#4227=AXIS2_PLACEMENT_3D('',#6946,#4933,#4934);
#4228=AXIS2_PLACEMENT_3D('',#6975,#4938,#4939);
#4229=AXIS2_PLACEMENT_3D('',#6978,#4941,#4942);
#4230=AXIS2_PLACEMENT_3D('',#7031,#4947,#4948);
#4231=AXIS2_PLACEMENT_3D('',#7034,#4950,#4951);
#4232=AXIS2_PLACEMENT_3D('',#7035,#4952,#4953);
#4233=AXIS2_PLACEMENT_3D('',#7038,#4955,#4956);
#4234=AXIS2_PLACEMENT_3D('',#7039,#4957,#4958);
#4235=AXIS2_PLACEMENT_3D('',#7043,#4961,#4962);
#4236=AXIS2_PLACEMENT_3D('',#7046,#4964,#4965);
#4237=AXIS2_PLACEMENT_3D('',#7086,#4969,#4970);
#4238=AXIS2_PLACEMENT_3D('',#7089,#4972,#4973);
#4239=AXIS2_PLACEMENT_3D('',#7103,#4975,#4976);
#4240=AXIS2_PLACEMENT_3D('',#7106,#4978,#4979);
#4241=AXIS2_PLACEMENT_3D('',#7120,#4981,#4982);
#4242=AXIS2_PLACEMENT_3D('',#7123,#4984,#4985);
#4243=AXIS2_PLACEMENT_3D('',#7137,#4987,#4988);
#4244=AXIS2_PLACEMENT_3D('',#7140,#4990,#4991);
#4245=AXIS2_PLACEMENT_3D('',#7141,#4992,#4993);
#4246=AXIS2_PLACEMENT_3D('',#7144,#4995,#4996);
#4247=AXIS2_PLACEMENT_3D('',#7145,#4997,#4998);
#4248=AXIS2_PLACEMENT_3D('',#7149,#5001,#5002);
#4249=AXIS2_PLACEMENT_3D('',#7152,#5004,#5005);
#4250=AXIS2_PLACEMENT_3D('',#7177,#5007,#5008);
#4251=AXIS2_PLACEMENT_3D('',#7178,#5009,#5010);
#4252=AXIS2_PLACEMENT_3D('',#7184,#5014,#5015);
#4253=AXIS2_PLACEMENT_3D('',#7188,#5018,#5019);
#4254=AXIS2_PLACEMENT_3D('',#7192,#5022,#5023);
#4255=AXIS2_PLACEMENT_3D('',#7196,#5026,#5027);
#4256=AXIS2_PLACEMENT_3D('',#7200,#5030,#5031);
#4257=AXIS2_PLACEMENT_3D('',#7202,#5033,#5034);
#4258=DIRECTION('',(0.,0.,1.));
#4259=DIRECTION('',(1.,0.,0.));
#4260=DIRECTION('',(0.,0.,1.));
#4261=DIRECTION('',(1.,0.,0.));
#4262=DIRECTION('',(1.,0.,0.));
#4263=DIRECTION('',(0.,0.,1.));
#4264=DIRECTION('',(1.,0.,0.));
#4265=DIRECTION('',(1.14828238478822E-16,-1.,0.));
#4266=DIRECTION('',(0.,0.,1.));
#4267=DIRECTION('',(1.,0.,0.));
#4268=DIRECTION('',(1.,0.,0.));
#4269=DIRECTION('',(0.,0.,1.));
#4270=DIRECTION('',(1.,0.,0.));
#4271=DIRECTION('',(1.14828238478822E-16,-1.,0.));
#4272=DIRECTION('',(0.,0.,1.));
#4273=DIRECTION('',(1.,0.,0.));
#4274=DIRECTION('',(0.,-1.,0.));
#4275=DIRECTION('',(1.,0.,0.));
#4276=DIRECTION('',(0.,-1.,0.));
#4277=DIRECTION('',(1.,0.,0.));
#4278=DIRECTION('',(1.,0.,0.));
#4279=DIRECTION('',(0.,-1.,0.));
#4280=DIRECTION('',(0.,0.,1.));
#4281=DIRECTION('',(1.,0.,0.));
#4282=DIRECTION('',(0.,0.,1.));
#4283=DIRECTION('',(1.,0.,0.));
#4284=DIRECTION('',(1.,0.,0.));
#4285=DIRECTION('',(0.,0.,1.));
#4286=DIRECTION('',(1.,0.,0.));
#4287=DIRECTION('',(0.,-1.,0.));
#4288=DIRECTION('',(-0.934491971792725,-0.355984205625678,0.));
#4289=DIRECTION('',(0.,1.,0.));
#4290=DIRECTION('',(0.947053622417617,0.321075437032592,0.));
#4291=DIRECTION('',(0.,0.,1.));
#4292=DIRECTION('',(1.,0.,0.));
#4293=DIRECTION('',(0.,1.,0.));
#4294=DIRECTION('',(-0.947486871827156,0.319794664926092,0.));
#4295=DIRECTION('',(0.,1.,0.));
#4296=DIRECTION('',(0.934402977931152,-0.356217735147193,0.));
#4297=DIRECTION('',(1.,0.,0.));
#4298=DIRECTION('',(0.,-1.,0.));
#4299=DIRECTION('',(-1.,0.,0.));
#4300=DIRECTION('',(0.,1.,0.));
#4301=DIRECTION('',(0.,0.,1.));
#4302=DIRECTION('',(1.,0.,0.));
#4303=DIRECTION('',(-1.,0.,0.));
#4304=DIRECTION('',(0.,0.,1.));
#4305=DIRECTION('',(1.,0.,0.));
#4306=DIRECTION('',(0.,0.,1.));
#4307=DIRECTION('',(1.,0.,0.));
#4308=DIRECTION('',(0.,0.,1.));
#4309=DIRECTION('',(1.,0.,0.));
#4310=DIRECTION('',(0.,0.,1.));
#4311=DIRECTION('',(1.,0.,0.));
#4312=DIRECTION('',(0.,0.,1.));
#4313=DIRECTION('',(1.,0.,0.));
#4314=DIRECTION('',(0.,0.,1.));
#4315=DIRECTION('',(1.,0.,0.));
#4316=DIRECTION('',(0.922718890283386,-0.385473539317805,0.));
#4317=DIRECTION('',(0.,0.,1.));
#4318=DIRECTION('',(1.,0.,0.));
#4319=DIRECTION('',(0.,0.,1.));
#4320=DIRECTION('',(1.,0.,0.));
#4321=DIRECTION('',(0.,0.,1.));
#4322=DIRECTION('',(1.,0.,0.));
#4323=DIRECTION('',(1.,0.,0.));
#4324=DIRECTION('',(0.,-1.,0.));
#4325=DIRECTION('',(-1.,0.,0.));
#4326=DIRECTION('',(1.,0.,0.));
#4327=DIRECTION('',(0.,-1.,0.));
#4328=DIRECTION('',(-1.,0.,0.));
#4329=DIRECTION('',(0.,1.,0.));
#4330=DIRECTION('',(0.961361463071125,0.275289188530438,0.));
#4331=DIRECTION('',(0.,1.,0.));
#4332=DIRECTION('',(0.,0.,1.));
#4333=DIRECTION('',(1.,0.,0.));
#4334=DIRECTION('',(0.,0.,1.));
#4335=DIRECTION('',(1.,0.,0.));
#4336=DIRECTION('',(1.,0.,0.));
#4337=DIRECTION('',(0.,-1.,0.));
#4338=DIRECTION('',(0.,0.,1.));
#4339=DIRECTION('',(1.,0.,0.));
#4340=DIRECTION('',(0.,0.,1.));
#4341=DIRECTION('',(1.,0.,0.));
#4342=DIRECTION('',(1.,0.,0.));
#4343=DIRECTION('',(0.,0.,1.));
#4344=DIRECTION('',(1.,0.,0.));
#4345=DIRECTION('',(1.,0.,0.));
#4346=DIRECTION('',(0.,-1.,0.));
#4347=DIRECTION('',(0.,0.,1.));
#4348=DIRECTION('',(1.,0.,0.));
#4349=DIRECTION('',(0.,0.,1.));
#4350=DIRECTION('',(1.,0.,0.));
#4351=DIRECTION('',(1.,0.,0.));
#4352=DIRECTION('',(0.,0.,1.));
#4353=DIRECTION('',(1.,0.,0.));
#4354=DIRECTION('',(1.,0.,0.));
#4355=DIRECTION('',(0.,-1.,0.));
#4356=DIRECTION('',(0.,0.,1.));
#4357=DIRECTION('',(1.,0.,0.));
#4358=DIRECTION('',(0.,0.,1.));
#4359=DIRECTION('',(1.,0.,0.));
#4360=DIRECTION('',(1.,0.,0.));
#4361=DIRECTION('',(0.,0.,1.));
#4362=DIRECTION('',(1.,0.,0.));
#4363=DIRECTION('',(0.,0.,1.));
#4364=DIRECTION('',(1.,0.,0.));
#4365=DIRECTION('',(-1.,0.,0.));
#4366=DIRECTION('',(0.,0.,1.));
#4367=DIRECTION('',(1.,0.,0.));
#4368=DIRECTION('',(0.,0.,1.));
#4369=DIRECTION('',(1.,0.,0.));
#4370=DIRECTION('',(0.,0.,1.));
#4371=DIRECTION('',(1.,0.,0.));
#4372=DIRECTION('',(0.,0.,1.));
#4373=DIRECTION('',(1.,0.,0.));
#4374=DIRECTION('',(0.,0.,1.));
#4375=DIRECTION('',(1.,0.,0.));
#4376=DIRECTION('',(0.,0.,1.));
#4377=DIRECTION('',(1.,0.,0.));
#4378=DIRECTION('',(0.922718890283386,-0.385473539317805,0.));
#4379=DIRECTION('',(0.,0.,1.));
#4380=DIRECTION('',(1.,0.,0.));
#4381=DIRECTION('',(0.,0.,1.));
#4382=DIRECTION('',(1.,0.,0.));
#4383=DIRECTION('',(0.,0.,1.));
#4384=DIRECTION('',(1.,0.,0.));
#4385=DIRECTION('',(0.,-1.,0.));
#4386=DIRECTION('',(-1.,0.,0.));
#4387=DIRECTION('',(0.,1.,0.));
#4388=DIRECTION('',(1.,0.,0.));
#4389=DIRECTION('',(0.,1.,0.));
#4390=DIRECTION('',(1.,0.,0.));
#4391=DIRECTION('',(0.,0.,1.));
#4392=DIRECTION('',(1.,0.,0.));
#4393=DIRECTION('',(1.,0.,0.));
#4394=DIRECTION('',(0.,-1.,0.));
#4395=DIRECTION('',(1.,0.,0.));
#4396=DIRECTION('',(0.,-1.,0.));
#4397=DIRECTION('',(1.,0.,0.));
#4398=DIRECTION('',(0.,0.,1.));
#4399=DIRECTION('',(1.,0.,0.));
#4400=DIRECTION('',(1.14828238478822E-16,-1.,0.));
#4401=DIRECTION('',(0.,0.,1.));
#4402=DIRECTION('',(1.,0.,0.));
#4403=DIRECTION('',(1.,0.,0.));
#4404=DIRECTION('',(0.,0.,1.));
#4405=DIRECTION('',(1.,0.,0.));
#4406=DIRECTION('',(1.14828238478822E-16,-1.,0.));
#4407=DIRECTION('',(0.,0.,1.));
#4408=DIRECTION('',(1.,0.,0.));
#4409=DIRECTION('',(1.,0.,0.));
#4410=DIRECTION('',(0.,-1.,0.));
#4411=DIRECTION('',(1.,0.,0.));
#4412=DIRECTION('',(0.,-1.,0.));
#4413=DIRECTION('',(0.,1.,0.));
#4414=DIRECTION('',(0.,0.,1.));
#4415=DIRECTION('',(1.,0.,0.));
#4416=DIRECTION('',(0.,0.,-1.));
#4417=DIRECTION('',(0.,0.,-1.));
#4418=DIRECTION('',(0.,0.,-1.));
#4419=DIRECTION('',(-1.,0.,0.));
#4420=DIRECTION('',(0.,0.,1.));
#4421=DIRECTION('',(1.,0.,0.));
#4422=DIRECTION('',(0.,0.,-1.));
#4423=DIRECTION('',(1.,1.14828238478822E-16,0.));
#4424=DIRECTION('',(-1.14828238478822E-16,1.,0.));
#4425=DIRECTION('',(0.,0.,-1.));
#4426=DIRECTION('',(1.14828238478822E-16,-1.,0.));
#4427=DIRECTION('',(0.,0.,-1.));
#4428=DIRECTION('',(-1.,0.,0.));
#4429=DIRECTION('',(0.,0.,1.));
#4430=DIRECTION('',(1.,0.,0.));
#4431=DIRECTION('',(0.,0.,-1.));
#4432=DIRECTION('',(0.,1.,0.));
#4433=DIRECTION('',(0.,0.,1.));
#4434=DIRECTION('',(0.,0.,1.));
#4435=DIRECTION('',(0.,1.,0.));
#4436=DIRECTION('',(0.,0.,1.));
#4437=DIRECTION('',(0.,0.,-1.));
#4438=DIRECTION('',(1.,0.,0.));
#4439=DIRECTION('',(0.,1.,0.));
#4440=DIRECTION('',(0.,0.,1.));
#4441=DIRECTION('',(0.,0.,1.));
#4442=DIRECTION('',(0.,1.,0.));
#4443=DIRECTION('',(0.,0.,1.));
#4444=DIRECTION('',(1.,0.,0.));
#4445=DIRECTION('',(0.,1.,0.));
#4446=DIRECTION('',(0.,0.,1.));
#4447=DIRECTION('',(0.,0.,-1.));
#4448=DIRECTION('',(-1.,0.,0.));
#4449=DIRECTION('',(0.,0.,1.));
#4450=DIRECTION('',(1.,0.,0.));
#4451=DIRECTION('',(0.,0.,-1.));
#4452=DIRECTION('',(1.,1.14828238478822E-16,0.));
#4453=DIRECTION('',(-1.14828238478822E-16,1.,0.));
#4454=DIRECTION('',(1.14828238478822E-16,-1.,0.));
#4455=DIRECTION('',(0.,0.,-1.));
#4456=DIRECTION('',(0.,0.,-1.));
#4457=DIRECTION('',(-1.,0.,0.));
#4458=DIRECTION('',(0.,0.,1.));
#4459=DIRECTION('',(1.,0.,0.));
#4460=DIRECTION('',(0.,0.,1.));
#4461=DIRECTION('',(1.,0.,0.));
#4462=DIRECTION('',(0.,0.,1.));
#4463=DIRECTION('',(1.,0.,0.));
#4464=DIRECTION('',(1.14828238478822E-16,-1.,0.));
#4465=DIRECTION('',(0.,0.,1.));
#4466=DIRECTION('',(1.,0.,0.));
#4467=DIRECTION('',(1.,0.,0.));
#4468=DIRECTION('',(0.,0.,1.));
#4469=DIRECTION('',(1.,0.,0.));
#4470=DIRECTION('',(1.14828238478822E-16,-1.,0.));
#4471=DIRECTION('',(0.,0.,1.));
#4472=DIRECTION('',(1.,0.,0.));
#4473=DIRECTION('',(1.,0.,0.));
#4474=DIRECTION('',(0.,0.,-1.));
#4475=DIRECTION('',(-1.,0.,0.));
#4476=DIRECTION('',(0.,0.,-1.));
#4477=DIRECTION('',(0.,0.,1.));
#4478=DIRECTION('',(1.,1.14828238478822E-16,0.));
#4479=DIRECTION('',(-1.14828238478822E-16,1.,0.));
#4480=DIRECTION('',(0.,0.,1.));
#4481=DIRECTION('',(0.,0.,-1.));
#4482=DIRECTION('',(-1.,0.,0.));
#4483=DIRECTION('',(0.,0.,-1.));
#4484=DIRECTION('',(0.,1.,0.));
#4485=DIRECTION('',(0.,0.,1.));
#4486=DIRECTION('',(1.,0.,0.));
#4487=DIRECTION('',(0.,1.,0.));
#4488=DIRECTION('',(0.,0.,1.));
#4489=DIRECTION('',(0.,0.,1.));
#4490=DIRECTION('',(0.,1.,0.));
#4491=DIRECTION('',(0.,0.,1.));
#4492=DIRECTION('',(1.,0.,0.));
#4493=DIRECTION('',(0.,1.,0.));
#4494=DIRECTION('',(0.,0.,1.));
#4495=DIRECTION('',(0.,0.,1.));
#4496=DIRECTION('',(0.,1.,0.));
#4497=DIRECTION('',(0.,0.,1.));
#4498=DIRECTION('',(0.,0.,1.));
#4499=DIRECTION('',(0.,0.,-1.));
#4500=DIRECTION('',(-1.,0.,0.));
#4501=DIRECTION('',(0.,0.,-1.));
#4502=DIRECTION('',(1.,1.14828238478822E-16,0.));
#4503=DIRECTION('',(-1.14828238478822E-16,1.,0.));
#4504=DIRECTION('',(0.,0.,1.));
#4505=DIRECTION('',(0.,0.,-1.));
#4506=DIRECTION('',(-1.,0.,0.));
#4507=DIRECTION('',(0.,0.,-1.));
#4508=DIRECTION('',(0.,1.,0.));
#4509=DIRECTION('',(0.,0.,1.));
#4510=DIRECTION('',(0.,-1.,0.));
#4511=DIRECTION('',(0.,0.,-1.));
#4512=DIRECTION('',(0.,0.,1.));
#4513=DIRECTION('',(0.,0.,1.));
#4514=DIRECTION('',(-1.,0.,0.));
#4515=DIRECTION('',(0.,0.,1.));
#4516=DIRECTION('',(0.,0.,1.));
#4517=DIRECTION('',(0.,-1.,0.));
#4518=DIRECTION('',(0.,0.,-1.));
#4519=DIRECTION('',(0.,0.,1.));
#4520=DIRECTION('',(-1.,0.,0.));
#4521=DIRECTION('',(0.,0.,1.));
#4522=DIRECTION('',(0.,-1.,0.));
#4523=DIRECTION('',(1.,0.,0.));
#4524=DIRECTION('',(0.,-1.,0.));
#4525=DIRECTION('',(0.,0.,-1.));
#4526=DIRECTION('',(-1.,0.,0.));
#4527=DIRECTION('',(0.,-1.,0.));
#4528=DIRECTION('',(0.,0.,-1.));
#4529=DIRECTION('',(0.,-1.,0.));
#4530=DIRECTION('',(0.,0.,-1.));
#4531=DIRECTION('',(0.,-1.,0.));
#4532=DIRECTION('',(0.,-1.,0.));
#4533=DIRECTION('',(-1.,0.,0.));
#4534=DIRECTION('',(0.,0.,1.));
#4535=DIRECTION('',(0.,-1.,0.));
#4536=DIRECTION('',(0.,-1.,0.));
#4537=DIRECTION('',(0.,0.,-1.));
#4538=DIRECTION('',(0.,-1.,0.));
#4539=DIRECTION('',(0.,0.,1.));
#4540=DIRECTION('',(1.,0.,0.));
#4541=DIRECTION('',(0.,-1.,0.));
#4542=DIRECTION('',(0.,-1.,0.));
#4543=DIRECTION('',(0.,0.,-1.));
#4544=DIRECTION('',(0.,-1.,0.));
#4545=DIRECTION('',(-1.,0.,0.));
#4546=DIRECTION('',(0.,0.,1.));
#4547=DIRECTION('',(0.,-1.,0.));
#4548=DIRECTION('',(0.,-1.,0.));
#4549=DIRECTION('',(0.,0.,-1.));
#4550=DIRECTION('',(0.,-1.,0.));
#4551=DIRECTION('',(0.,0.,1.));
#4552=DIRECTION('',(1.,0.,0.));
#4553=DIRECTION('',(0.,0.,1.));
#4554=DIRECTION('',(0.,0.,1.));
#4555=DIRECTION('',(0.,0.,1.));
#4556=DIRECTION('',(0.,0.,1.));
#4557=DIRECTION('',(0.944085076088852,0.32970193979761,0.));
#4558=DIRECTION('',(0.,0.,1.));
#4559=DIRECTION('',(0.,0.,1.));
#4560=DIRECTION('',(1.,0.,0.));
#4561=DIRECTION('',(0.,-1.,0.));
#4562=DIRECTION('',(0.,0.,-1.));
#4563=DIRECTION('',(0.,0.,1.));
#4564=DIRECTION('',(1.,0.,0.));
#4565=DIRECTION('',(0.,0.,1.));
#4566=DIRECTION('',(0.942742638313594,0.333521090645741,0.));
#4567=DIRECTION('',(0.,0.,1.));
#4568=DIRECTION('',(0.,0.,1.));
#4569=DIRECTION('',(1.,0.,0.));
#4570=DIRECTION('',(0.,0.,1.));
#4571=DIRECTION('',(0.993843846261711,0.110789932971047,0.));
#4572=DIRECTION('',(0.,0.,1.));
#4573=DIRECTION('',(0.,0.,1.));
#4574=DIRECTION('',(1.,0.,0.));
#4575=DIRECTION('',(0.,0.,1.));
#4576=DIRECTION('',(0.,0.,1.));
#4577=DIRECTION('',(-1.,0.,0.));
#4578=DIRECTION('',(0.,0.,1.));
#4579=DIRECTION('',(0.,0.,1.));
#4580=DIRECTION('',(0.,-1.,0.));
#4581=DIRECTION('',(0.,-1.,0.));
#4582=DIRECTION('',(0.,0.,-1.));
#4583=DIRECTION('',(0.,0.,1.));
#4584=DIRECTION('',(1.,0.,0.));
#4585=DIRECTION('',(0.,0.,1.));
#4586=DIRECTION('',(0.,0.,1.));
#4587=DIRECTION('',(0.,0.,1.));
#4588=DIRECTION('',(0.,0.,1.));
#4589=DIRECTION('',(0.,0.,1.));
#4590=DIRECTION('',(0.,0.,1.));
#4591=DIRECTION('',(0.,0.,1.));
#4592=DIRECTION('',(0.,0.,1.));
#4593=DIRECTION('',(1.,0.,0.));
#4594=DIRECTION('',(0.,0.,-1.));
#4595=DIRECTION('',(0.,1.,0.));
#4596=DIRECTION('',(0.,0.,1.));
#4597=DIRECTION('',(0.,1.,0.));
#4598=DIRECTION('',(0.,0.,1.));
#4599=DIRECTION('',(1.,0.,0.));
#4600=DIRECTION('',(0.,0.,1.));
#4601=DIRECTION('',(1.,0.,0.));
#4602=DIRECTION('',(-0.355984205625678,0.934491971792725,0.));
#4603=DIRECTION('',(-0.934491971792725,-0.355984205625678,0.));
#4604=DIRECTION('',(0.,0.,1.));
#4605=DIRECTION('',(-0.934491971792725,-0.355984205625678,0.));
#4606=DIRECTION('',(0.,0.,1.));
#4607=DIRECTION('',(-1.,0.,0.));
#4608=DIRECTION('',(0.,0.,1.));
#4609=DIRECTION('',(0.,0.,1.));
#4610=DIRECTION('',(0.,-1.,0.));
#4611=DIRECTION('',(-0.356217735147193,-0.934402977931152,0.));
#4612=DIRECTION('',(0.934402977931152,-0.356217735147193,0.));
#4613=DIRECTION('',(0.,0.,1.));
#4614=DIRECTION('',(0.934402977931152,-0.356217735147193,0.));
#4615=DIRECTION('',(1.,0.,0.));
#4616=DIRECTION('',(0.,0.,-1.));
#4617=DIRECTION('',(0.,0.,1.));
#4618=DIRECTION('',(0.,1.,0.));
#4619=DIRECTION('',(0.319794664926092,0.947486871827156,0.));
#4620=DIRECTION('',(-0.947486871827156,0.319794664926092,0.));
#4621=DIRECTION('',(0.,0.,1.));
#4622=DIRECTION('',(-0.947486871827156,0.319794664926092,0.));
#4623=DIRECTION('',(0.,0.,1.));
#4624=DIRECTION('',(1.,0.,0.));
#4625=DIRECTION('',(0.,0.,-1.));
#4626=DIRECTION('',(0.,0.,1.));
#4627=DIRECTION('',(0.,1.,0.));
#4628=DIRECTION('',(0.,0.,1.));
#4629=DIRECTION('',(-0.190960238954329,0.981597772582286,0.));
#4630=DIRECTION('',(0.,0.,1.));
#4631=DIRECTION('',(0.,0.,1.));
#4632=DIRECTION('',(1.,0.,0.));
#4633=DIRECTION('',(0.321075437032592,-0.947053622417617,0.));
#4634=DIRECTION('',(0.947053622417617,0.321075437032592,0.));
#4635=DIRECTION('',(0.,0.,1.));
#4636=DIRECTION('',(0.947053622417617,0.321075437032592,0.));
#4637=DIRECTION('',(1.,0.,0.));
#4638=DIRECTION('',(0.,0.,-1.));
#4639=DIRECTION('',(0.,1.,0.));
#4640=DIRECTION('',(0.,0.,1.));
#4641=DIRECTION('',(1.,0.,0.));
#4642=DIRECTION('',(-1.,0.,0.));
#4643=DIRECTION('',(0.,0.,1.));
#4644=DIRECTION('',(0.,0.,1.));
#4645=DIRECTION('',(0.,-1.,0.));
#4646=DIRECTION('',(0.,0.,1.));
#4647=DIRECTION('',(0.,-1.,0.));
#4648=DIRECTION('',(0.,0.,-1.));
#4649=DIRECTION('',(0.,0.,1.));
#4650=DIRECTION('',(1.,0.,0.));
#4651=DIRECTION('',(1.,0.,0.));
#4652=DIRECTION('',(0.,0.,-1.));
#4653=DIRECTION('',(0.,0.,1.));
#4654=DIRECTION('',(0.,1.,0.));
#4655=DIRECTION('',(0.,1.,0.));
#4656=DIRECTION('',(0.,0.,1.));
#4657=DIRECTION('',(-1.,0.,0.));
#4658=DIRECTION('',(0.,0.,1.));
#4659=DIRECTION('',(1.,0.,0.));
#4660=DIRECTION('',(0.,0.,1.));
#4661=DIRECTION('',(0.,0.,1.));
#4662=DIRECTION('',(0.,0.,1.));
#4663=DIRECTION('',(0.,0.,1.));
#4664=DIRECTION('',(-0.643598205239951,0.765363541208956,0.));
#4665=DIRECTION('',(0.,0.,1.));
#4666=DIRECTION('',(0.,0.,1.));
#4667=DIRECTION('',(1.,0.,0.));
#4668=DIRECTION('',(0.,0.,1.));
#4669=DIRECTION('',(0.,0.,1.));
#4670=DIRECTION('',(0.,0.,1.));
#4671=DIRECTION('',(0.,0.,1.));
#4672=DIRECTION('',(0.,0.,1.));
#4673=DIRECTION('',(-0.988291644621281,0.152576620659144,0.));
#4674=DIRECTION('',(0.,0.,1.));
#4675=DIRECTION('',(0.,0.,1.));
#4676=DIRECTION('',(1.,0.,0.));
#4677=DIRECTION('',(0.,0.,1.));
#4678=DIRECTION('',(-0.936902415207782,0.349590995847754,0.));
#4679=DIRECTION('',(0.,0.,1.));
#4680=DIRECTION('',(0.,0.,1.));
#4681=DIRECTION('',(1.,0.,0.));
#4682=DIRECTION('',(-0.385473539317805,-0.922718890283387,0.));
#4683=DIRECTION('',(0.922718890283387,-0.385473539317805,0.));
#4684=DIRECTION('',(0.,0.,1.));
#4685=DIRECTION('',(0.922718890283386,-0.385473539317805,0.));
#4686=DIRECTION('',(0.,0.,1.));
#4687=DIRECTION('',(-0.976164051389162,0.217033971477963,0.));
#4688=DIRECTION('',(0.,0.,1.));
#4689=DIRECTION('',(0.,0.,1.));
#4690=DIRECTION('',(1.,0.,0.));
#4691=DIRECTION('',(0.,0.,1.));
#4692=DIRECTION('',(0.,0.,1.));
#4693=DIRECTION('',(0.,0.,1.));
#4694=DIRECTION('',(0.,0.,1.));
#4695=DIRECTION('',(0.635209651975029,-0.772339755572483,0.));
#4696=DIRECTION('',(0.,0.,1.));
#4697=DIRECTION('',(0.,0.,1.));
#4698=DIRECTION('',(1.,0.,0.));
#4699=DIRECTION('',(0.,0.,1.));
#4700=DIRECTION('',(0.,0.,1.));
#4701=DIRECTION('',(-0.906990685942606,0.421150680414221,0.));
#4702=DIRECTION('',(0.,0.,1.));
#4703=DIRECTION('',(0.,0.,1.));
#4704=DIRECTION('',(1.,0.,0.));
#4705=DIRECTION('',(0.,0.,1.));
#4706=DIRECTION('',(0.,0.,1.));
#4707=DIRECTION('',(-0.361477206381104,0.932380946430649,0.));
#4708=DIRECTION('',(0.,0.,1.));
#4709=DIRECTION('',(0.,0.,1.));
#4710=DIRECTION('',(1.,0.,0.));
#4711=DIRECTION('',(0.,0.,1.));
#4712=DIRECTION('',(0.,0.,1.));
#4713=DIRECTION('',(0.990622522649011,-0.13662729456631,0.));
#4714=DIRECTION('',(0.,0.,1.));
#4715=DIRECTION('',(0.,0.,1.));
#4716=DIRECTION('',(1.,0.,0.));
#4717=DIRECTION('',(0.,0.,1.));
#4718=DIRECTION('',(0.942920995180557,-0.333016511373997,0.));
#4719=DIRECTION('',(0.,0.,1.));
#4720=DIRECTION('',(0.,0.,1.));
#4721=DIRECTION('',(1.,0.,0.));
#4722=DIRECTION('',(0.,1.,0.));
#4723=DIRECTION('',(0.,0.,1.));
#4724=DIRECTION('',(0.,0.,1.));
#4725=DIRECTION('',(-1.,0.,0.));
#4726=DIRECTION('',(0.,0.,1.));
#4727=DIRECTION('',(0.956867656596876,-0.29052416037019,0.));
#4728=DIRECTION('',(0.,0.,1.));
#4729=DIRECTION('',(0.,0.,1.));
#4730=DIRECTION('',(1.,0.,0.));
#4731=DIRECTION('',(0.,0.,1.));
#4732=DIRECTION('',(0.,0.,1.));
#4733=DIRECTION('',(1.,0.,0.));
#4734=DIRECTION('',(-1.,0.,0.));
#4735=DIRECTION('',(0.,0.,1.));
#4736=DIRECTION('',(0.,0.,1.));
#4737=DIRECTION('',(0.,-1.,0.));
#4738=DIRECTION('',(0.,0.,1.));
#4739=DIRECTION('',(0.,-1.,0.));
#4740=DIRECTION('',(0.,0.,-1.));
#4741=DIRECTION('',(0.,0.,1.));
#4742=DIRECTION('',(1.,0.,0.));
#4743=DIRECTION('',(0.,0.,1.));
#4744=DIRECTION('',(0.,0.,1.));
#4745=DIRECTION('',(0.,0.,1.));
#4746=DIRECTION('',(-0.978766850923509,-0.20497670973376,0.));
#4747=DIRECTION('',(0.,0.,1.));
#4748=DIRECTION('',(0.,0.,1.));
#4749=DIRECTION('',(1.,0.,0.));
#4750=DIRECTION('',(0.,0.,1.));
#4751=DIRECTION('',(-0.753353333259974,-0.657615963360141,0.));
#4752=DIRECTION('',(0.,0.,1.));
#4753=DIRECTION('',(0.,0.,1.));
#4754=DIRECTION('',(1.,0.,0.));
#4755=DIRECTION('',(1.,0.,0.));
#4756=DIRECTION('',(0.,0.,-1.));
#4757=DIRECTION('',(0.,0.,1.));
#4758=DIRECTION('',(0.,1.,0.));
#4759=DIRECTION('',(0.275289188530438,-0.961361463071125,0.));
#4760=DIRECTION('',(0.961361463071125,0.275289188530438,0.));
#4761=DIRECTION('',(0.,0.,1.));
#4762=DIRECTION('',(0.961361463071125,0.275289188530438,0.));
#4763=DIRECTION('',(1.,0.,0.));
#4764=DIRECTION('',(0.,0.,-1.));
#4765=DIRECTION('',(0.,0.,1.));
#4766=DIRECTION('',(0.,1.,0.));
#4767=DIRECTION('',(0.,1.,0.));
#4768=DIRECTION('',(0.,0.,1.));
#4769=DIRECTION('',(0.,0.,1.));
#4770=DIRECTION('',(-1.,0.,0.));
#4771=DIRECTION('',(-1.,0.,0.));
#4772=DIRECTION('',(0.,0.,1.));
#4773=DIRECTION('',(0.,0.,1.));
#4774=DIRECTION('',(0.,-1.,0.));
#4775=DIRECTION('',(0.,-1.,0.));
#4776=DIRECTION('',(0.,0.,-1.));
#4777=DIRECTION('',(0.,0.,1.));
#4778=DIRECTION('',(1.,0.,0.));
#4779=DIRECTION('',(0.,0.,1.));
#4780=DIRECTION('',(0.,0.,1.));
#4781=DIRECTION('',(0.,0.,1.));
#4782=DIRECTION('',(0.,0.,1.));
#4783=DIRECTION('',(0.,1.,0.));
#4784=DIRECTION('',(0.,0.,1.));
#4785=DIRECTION('',(-1.,0.,0.));
#4786=DIRECTION('',(0.,0.,1.));
#4787=DIRECTION('',(1.,0.,0.));
#4788=DIRECTION('',(0.,0.,1.));
#4789=DIRECTION('',(0.,0.,1.));
#4790=DIRECTION('',(0.,0.,1.));
#4791=DIRECTION('',(0.,0.,1.));
#4792=DIRECTION('',(0.944085076088857,0.329701939797593,0.));
#4793=DIRECTION('',(0.,0.,1.));
#4794=DIRECTION('',(0.,0.,1.));
#4795=DIRECTION('',(1.,0.,0.));
#4796=DIRECTION('',(0.,-1.,0.));
#4797=DIRECTION('',(0.,0.,-1.));
#4798=DIRECTION('',(0.,0.,1.));
#4799=DIRECTION('',(1.,0.,0.));
#4800=DIRECTION('',(0.,0.,1.));
#4801=DIRECTION('',(0.942742638313585,0.333521090645765,0.));
#4802=DIRECTION('',(0.,0.,1.));
#4803=DIRECTION('',(0.,0.,1.));
#4804=DIRECTION('',(1.,0.,0.));
#4805=DIRECTION('',(0.,0.,1.));
#4806=DIRECTION('',(0.993843846261709,0.110789932971061,0.));
#4807=DIRECTION('',(0.,0.,1.));
#4808=DIRECTION('',(0.,0.,1.));
#4809=DIRECTION('',(1.,0.,0.));
#4810=DIRECTION('',(0.,0.,1.));
#4811=DIRECTION('',(0.,0.,1.));
#4812=DIRECTION('',(-1.,0.,0.));
#4813=DIRECTION('',(0.,0.,1.));
#4814=DIRECTION('',(0.,0.,1.));
#4815=DIRECTION('',(0.,-1.,0.));
#4816=DIRECTION('',(0.,-1.,0.));
#4817=DIRECTION('',(0.,0.,-1.));
#4818=DIRECTION('',(0.,0.,1.));
#4819=DIRECTION('',(1.,0.,0.));
#4820=DIRECTION('',(0.,0.,1.));
#4821=DIRECTION('',(0.,0.,1.));
#4822=DIRECTION('',(0.,0.,1.));
#4823=DIRECTION('',(0.,0.,1.));
#4824=DIRECTION('',(0.,0.,1.));
#4825=DIRECTION('',(0.,0.,1.));
#4826=DIRECTION('',(0.,0.,1.));
#4827=DIRECTION('',(0.,0.,1.));
#4828=DIRECTION('',(1.,0.,0.));
#4829=DIRECTION('',(0.,0.,-1.));
#4830=DIRECTION('',(0.,1.,0.));
#4831=DIRECTION('',(0.,0.,1.));
#4832=DIRECTION('',(0.,1.,0.));
#4833=DIRECTION('',(0.,0.,1.));
#4834=DIRECTION('',(1.,0.,0.));
#4835=DIRECTION('',(0.,0.,1.));
#4836=DIRECTION('',(1.,0.,0.));
#4837=DIRECTION('',(0.,0.,1.));
#4838=DIRECTION('',(0.,0.,1.));
#4839=DIRECTION('',(0.,0.,1.));
#4840=DIRECTION('',(0.,0.,1.));
#4841=DIRECTION('',(0.944085076088842,0.329701939797639,0.));
#4842=DIRECTION('',(0.,0.,1.));
#4843=DIRECTION('',(0.,0.,1.));
#4844=DIRECTION('',(1.,0.,0.));
#4845=DIRECTION('',(0.,-1.,0.));
#4846=DIRECTION('',(0.,0.,-1.));
#4847=DIRECTION('',(0.,0.,1.));
#4848=DIRECTION('',(1.,0.,0.));
#4849=DIRECTION('',(0.,0.,1.));
#4850=DIRECTION('',(0.942742638313598,0.333521090645728,0.));
#4851=DIRECTION('',(0.,0.,1.));
#4852=DIRECTION('',(0.,0.,1.));
#4853=DIRECTION('',(1.,0.,0.));
#4854=DIRECTION('',(0.,0.,1.));
#4855=DIRECTION('',(0.99384384626171,0.110789932971056,0.));
#4856=DIRECTION('',(0.,0.,1.));
#4857=DIRECTION('',(0.,0.,1.));
#4858=DIRECTION('',(1.,0.,0.));
#4859=DIRECTION('',(0.,0.,1.));
#4860=DIRECTION('',(0.,0.,1.));
#4861=DIRECTION('',(-1.,0.,0.));
#4862=DIRECTION('',(0.,0.,1.));
#4863=DIRECTION('',(0.,0.,1.));
#4864=DIRECTION('',(0.,-1.,0.));
#4865=DIRECTION('',(0.,-1.,0.));
#4866=DIRECTION('',(0.,0.,-1.));
#4867=DIRECTION('',(0.,0.,1.));
#4868=DIRECTION('',(1.,0.,0.));
#4869=DIRECTION('',(0.,0.,1.));
#4870=DIRECTION('',(0.,0.,1.));
#4871=DIRECTION('',(0.,0.,1.));
#4872=DIRECTION('',(0.,0.,1.));
#4873=DIRECTION('',(0.,0.,1.));
#4874=DIRECTION('',(0.,0.,1.));
#4875=DIRECTION('',(0.,0.,1.));
#4876=DIRECTION('',(0.,0.,1.));
#4877=DIRECTION('',(1.,0.,0.));
#4878=DIRECTION('',(0.,0.,-1.));
#4879=DIRECTION('',(0.,1.,0.));
#4880=DIRECTION('',(0.,0.,1.));
#4881=DIRECTION('',(0.,1.,0.));
#4882=DIRECTION('',(0.,0.,1.));
#4883=DIRECTION('',(1.,0.,0.));
#4884=DIRECTION('',(0.,0.,1.));
#4885=DIRECTION('',(1.,0.,0.));
#4886=DIRECTION('',(0.,0.,1.));
#4887=DIRECTION('',(0.,0.,1.));
#4888=DIRECTION('',(0.,0.,1.));
#4889=DIRECTION('',(0.,0.,1.));
#4890=DIRECTION('',(0.944085076088841,0.32970193979764,0.));
#4891=DIRECTION('',(0.,0.,1.));
#4892=DIRECTION('',(0.,0.,1.));
#4893=DIRECTION('',(1.,0.,0.));
#4894=DIRECTION('',(0.,-1.,0.));
#4895=DIRECTION('',(0.,0.,-1.));
#4896=DIRECTION('',(0.,0.,1.));
#4897=DIRECTION('',(1.,0.,0.));
#4898=DIRECTION('',(0.,0.,1.));
#4899=DIRECTION('',(0.942742638313598,0.333521090645729,0.));
#4900=DIRECTION('',(0.,0.,1.));
#4901=DIRECTION('',(0.,0.,1.));
#4902=DIRECTION('',(1.,0.,0.));
#4903=DIRECTION('',(0.,0.,1.));
#4904=DIRECTION('',(0.993843846261708,0.110789932971072,0.));
#4905=DIRECTION('',(0.,0.,1.));
#4906=DIRECTION('',(0.,0.,1.));
#4907=DIRECTION('',(1.,0.,0.));
#4908=DIRECTION('',(0.,0.,1.));
#4909=DIRECTION('',(0.,0.,1.));
#4910=DIRECTION('',(-1.,0.,0.));
#4911=DIRECTION('',(0.,0.,1.));
#4912=DIRECTION('',(0.,0.,1.));
#4913=DIRECTION('',(0.,-1.,0.));
#4914=DIRECTION('',(0.,-1.,0.));
#4915=DIRECTION('',(0.,0.,-1.));
#4916=DIRECTION('',(0.,0.,1.));
#4917=DIRECTION('',(1.,0.,0.));
#4918=DIRECTION('',(0.,0.,1.));
#4919=DIRECTION('',(0.,0.,1.));
#4920=DIRECTION('',(0.,0.,1.));
#4921=DIRECTION('',(0.,0.,1.));
#4922=DIRECTION('',(0.,0.,1.));
#4923=DIRECTION('',(0.,0.,1.));
#4924=DIRECTION('',(0.,0.,1.));
#4925=DIRECTION('',(0.,0.,1.));
#4926=DIRECTION('',(1.,0.,0.));
#4927=DIRECTION('',(0.,0.,-1.));
#4928=DIRECTION('',(0.,1.,0.));
#4929=DIRECTION('',(0.,0.,1.));
#4930=DIRECTION('',(0.,1.,0.));
#4931=DIRECTION('',(0.,0.,1.));
#4932=DIRECTION('',(1.,0.,0.));
#4933=DIRECTION('',(0.,0.,1.));
#4934=DIRECTION('',(1.,0.,0.));
#4935=DIRECTION('',(0.,0.,1.));
#4936=DIRECTION('',(0.,0.,1.));
#4937=DIRECTION('',(0.,0.,1.));
#4938=DIRECTION('',(0.,0.,1.));
#4939=DIRECTION('',(-0.64359820523994,0.765363541208966,0.));
#4940=DIRECTION('',(0.,0.,1.));
#4941=DIRECTION('',(0.,0.,1.));
#4942=DIRECTION('',(1.,0.,0.));
#4943=DIRECTION('',(0.,0.,1.));
#4944=DIRECTION('',(0.,0.,1.));
#4945=DIRECTION('',(0.,0.,1.));
#4946=DIRECTION('',(0.,0.,1.));
#4947=DIRECTION('',(0.,0.,1.));
#4948=DIRECTION('',(-0.988291644621278,0.152576620659159,0.));
#4949=DIRECTION('',(0.,0.,1.));
#4950=DIRECTION('',(0.,0.,1.));
#4951=DIRECTION('',(1.,0.,0.));
#4952=DIRECTION('',(0.,0.,1.));
#4953=DIRECTION('',(-0.936902415207791,0.34959099584773,0.));
#4954=DIRECTION('',(0.,0.,1.));
#4955=DIRECTION('',(0.,0.,1.));
#4956=DIRECTION('',(1.,0.,0.));
#4957=DIRECTION('',(-0.385473539317805,-0.922718890283387,0.));
#4958=DIRECTION('',(0.922718890283387,-0.385473539317805,0.));
#4959=DIRECTION('',(0.,0.,1.));
#4960=DIRECTION('',(0.922718890283386,-0.385473539317805,0.));
#4961=DIRECTION('',(0.,0.,1.));
#4962=DIRECTION('',(-0.976164051389162,0.217033971477965,0.));
#4963=DIRECTION('',(0.,0.,1.));
#4964=DIRECTION('',(0.,0.,1.));
#4965=DIRECTION('',(1.,0.,0.));
#4966=DIRECTION('',(0.,0.,1.));
#4967=DIRECTION('',(0.,0.,1.));
#4968=DIRECTION('',(0.,0.,1.));
#4969=DIRECTION('',(0.,0.,1.));
#4970=DIRECTION('',(0.635209651974901,-0.772339755572588,0.));
#4971=DIRECTION('',(0.,0.,1.));
#4972=DIRECTION('',(0.,0.,1.));
#4973=DIRECTION('',(1.,0.,0.));
#4974=DIRECTION('',(0.,0.,1.));
#4975=DIRECTION('',(0.,0.,1.));
#4976=DIRECTION('',(-0.906990685942597,0.421150680414241,0.));
#4977=DIRECTION('',(0.,0.,1.));
#4978=DIRECTION('',(0.,0.,1.));
#4979=DIRECTION('',(1.,0.,0.));
#4980=DIRECTION('',(0.,0.,1.));
#4981=DIRECTION('',(0.,0.,1.));
#4982=DIRECTION('',(-0.361477206366046,0.932380946436487,0.));
#4983=DIRECTION('',(0.,0.,1.));
#4984=DIRECTION('',(0.,0.,1.));
#4985=DIRECTION('',(1.,0.,0.));
#4986=DIRECTION('',(0.,0.,1.));
#4987=DIRECTION('',(0.,0.,1.));
#4988=DIRECTION('',(0.990622522649012,-0.136627294566306,0.));
#4989=DIRECTION('',(0.,0.,1.));
#4990=DIRECTION('',(0.,0.,1.));
#4991=DIRECTION('',(1.,0.,0.));
#4992=DIRECTION('',(0.,0.,1.));
#4993=DIRECTION('',(0.942920995180558,-0.333016511373994,0.));
#4994=DIRECTION('',(0.,0.,1.));
#4995=DIRECTION('',(0.,0.,1.));
#4996=DIRECTION('',(1.,0.,0.));
#4997=DIRECTION('',(0.,1.,0.));
#4998=DIRECTION('',(0.,0.,1.));
#4999=DIRECTION('',(0.,0.,1.));
#5000=DIRECTION('',(-1.,0.,0.));
#5001=DIRECTION('',(0.,0.,1.));
#5002=DIRECTION('',(0.956867656596875,-0.290524160370191,0.));
#5003=DIRECTION('',(0.,0.,1.));
#5004=DIRECTION('',(0.,0.,1.));
#5005=DIRECTION('',(1.,0.,0.));
#5006=DIRECTION('',(0.,0.,1.));
#5007=DIRECTION('',(0.,0.,1.));
#5008=DIRECTION('',(1.,0.,0.));
#5009=DIRECTION('',(0.,1.,0.));
#5010=DIRECTION('',(0.,0.,1.));
#5011=DIRECTION('',(0.,0.,1.));
#5012=DIRECTION('',(-1.,0.,0.));
#5013=DIRECTION('',(0.,0.,1.));
#5014=DIRECTION('',(-1.,0.,0.));
#5015=DIRECTION('',(0.,0.,1.));
#5016=DIRECTION('',(0.,0.,1.));
#5017=DIRECTION('',(0.,-1.,0.));
#5018=DIRECTION('',(0.,-1.,0.));
#5019=DIRECTION('',(0.,0.,-1.));
#5020=DIRECTION('',(0.,0.,1.));
#5021=DIRECTION('',(1.,0.,0.));
#5022=DIRECTION('',(1.,0.,0.));
#5023=DIRECTION('',(0.,0.,-1.));
#5024=DIRECTION('',(0.,0.,1.));
#5025=DIRECTION('',(0.,1.,0.));
#5026=DIRECTION('',(0.,-1.,0.));
#5027=DIRECTION('',(0.,0.,-1.));
#5028=DIRECTION('',(0.,0.,1.));
#5029=DIRECTION('',(1.,0.,0.));
#5030=DIRECTION('',(1.,0.,0.));
#5031=DIRECTION('',(0.,0.,-1.));
#5032=DIRECTION('',(0.,1.,0.));
#5033=DIRECTION('',(0.,0.,1.));
#5034=DIRECTION('',(1.,0.,0.));
#5035=CARTESIAN_POINT('',(0.,0.,0.));
#5036=CARTESIAN_POINT('',(0.000508849642532824,0.647217314690352,0.59));
#5037=CARTESIAN_POINT('',(0.000508849642532998,-1.38562628239393,0.59));
#5038=CARTESIAN_POINT('',(-0.938992891004678,-1.38562628239393,0.59));
#5039=CARTESIAN_POINT('',(0.940010590289745,-1.38562628239393,0.59));
#5040=CARTESIAN_POINT('',(0.940010590289744,-0.863494248037968,0.59));
#5041=CARTESIAN_POINT('',(1.46214262464571,-0.863494248037968,0.59));
#5042=CARTESIAN_POINT('',(1.46214262464571,0.647217314690352,0.59));
#5043=CARTESIAN_POINT('',(1.46214262464571,2.15792887741867,0.59));
#5044=CARTESIAN_POINT('',(0.940010590289743,2.15792887741867,0.59));
#5045=CARTESIAN_POINT('',(0.940010590289744,2.68006091177464,0.59));
#5046=CARTESIAN_POINT('',(0.000508849642532651,2.68006091177464,0.59));
#5047=CARTESIAN_POINT('',(-0.93899289100468,2.68006091177464,0.59));
#5048=CARTESIAN_POINT('',(-0.938992891004678,2.15792887741867,0.59));
#5049=CARTESIAN_POINT('',(-1.46112492536064,2.15792887741867,0.59));
#5050=CARTESIAN_POINT('',(-1.46112492536064,0.647217314690352,0.59));
#5051=CARTESIAN_POINT('',(-1.46112492536064,-0.863494248037968,0.59));
#5052=CARTESIAN_POINT('',(-0.938992891004679,-0.863494248037968,0.59));
#5053=CARTESIAN_POINT('',(-1.08092427253723,0.647217314690352,0.59));
#5054=CARTESIAN_POINT('',(-1.08092427253723,-0.238925986923278,0.59));
#5055=CARTESIAN_POINT('',(-1.08092427253723,-0.632968964055181,0.59));
#5056=CARTESIAN_POINT('',(0.000508849642532824,-0.238925986923278,0.59));
#5057=CARTESIAN_POINT('',(-0.883170403540134,-0.238925986923278,0.59));
#5058=CARTESIAN_POINT('',(-0.883170403540134,0.647217314690352,0.59));
#5059=CARTESIAN_POINT('',(-0.883170403540134,-0.632968964055181,0.59));
#5060=CARTESIAN_POINT('',(0.000508849642532824,-0.632968964055181,0.59));
#5061=CARTESIAN_POINT('',(1.10457455685265,2.28876250304813,0.59));
#5062=CARTESIAN_POINT('',(1.11066724562612,2.26039654220114,0.59));
#5063=CARTESIAN_POINT('',(1.11066724562612,2.21944568323191,0.59));
#5064=CARTESIAN_POINT('',(1.10457455685265,2.28876250304813,0.59));
#5065=CARTESIAN_POINT('',(1.11066724562612,2.21944568323191,0.59));
#5066=CARTESIAN_POINT('',(1.11066724562612,2.21944568323191,0.59));
#5067=CARTESIAN_POINT('',(1.11066724562612,2.1352467219854,0.59));
#5068=CARTESIAN_POINT('',(1.06412309860255,2.08780365366739,0.59));
#5069=CARTESIAN_POINT('',(1.06412309860255,2.08780365366739,0.59));
#5070=CARTESIAN_POINT('',(1.06412309860255,2.08780365366739,0.59));
#5071=CARTESIAN_POINT('',(1.01757895157898,2.04036058534936,0.59));
#5072=CARTESIAN_POINT('',(0.932381188894201,2.04036058534936,0.59));
#5073=CARTESIAN_POINT('',(0.932381188894201,2.04036058534936,0.59));
#5074=CARTESIAN_POINT('',(0.932381188894201,2.04036058534936,0.59));
#5075=CARTESIAN_POINT('',(0.844686422613738,2.04036058534936,0.59));
#5076=CARTESIAN_POINT('',(0.796793893648496,2.0842079684896,0.59));
#5077=CARTESIAN_POINT('',(0.796793893648496,2.0842079684896,0.59));
#5078=CARTESIAN_POINT('',(0.796793893648496,2.0842079684896,0.59));
#5079=CARTESIAN_POINT('',(0.748901364683255,2.12805535162983,0.59));
#5080=CARTESIAN_POINT('',(0.748901364683255,2.20546246309607,0.59));
#5081=CARTESIAN_POINT('',(0.748901364683255,2.20546246309607,0.59));
#5082=CARTESIAN_POINT('',(0.748901364683255,2.20546246309607,0.59));
#5083=CARTESIAN_POINT('',(0.748901364683255,2.27937376952835,0.59));
#5084=CARTESIAN_POINT('',(0.791000845306507,2.32057432885715,0.59));
#5085=CARTESIAN_POINT('',(0.791000845306507,2.32057432885715,0.59));
#5086=CARTESIAN_POINT('',(0.791000845306507,2.32057432885715,0.59));
#5087=CARTESIAN_POINT('',(0.833100325929759,2.36177488818596,0.59));
#5088=CARTESIAN_POINT('',(0.90741115293735,2.36177488818596,0.59));
#5089=CARTESIAN_POINT('',(0.90741115293735,2.36177488818596,0.59));
#5090=CARTESIAN_POINT('',(0.930533406233394,2.36177488818596,0.59));
#5091=CARTESIAN_POINT('',(0.953655659529439,2.36177488818596,0.59));
#5092=CARTESIAN_POINT('',(0.953655659529439,2.24925990616438,0.59));
#5093=CARTESIAN_POINT('',(0.953655659529439,2.13674492414281,0.59));
#5094=CARTESIAN_POINT('',(0.953655659529439,2.13674492414281,0.59));
#5095=CARTESIAN_POINT('',(0.994206997923366,2.13834300644405,0.59));
#5096=CARTESIAN_POINT('',(1.01697967071601,2.16081603880522,0.59));
#5097=CARTESIAN_POINT('',(1.01697967071601,2.16081603880522,0.59));
#5098=CARTESIAN_POINT('',(1.01697967071601,2.16081603880522,0.59));
#5099=CARTESIAN_POINT('',(1.03975234350866,2.18328907116639,0.59));
#5100=CARTESIAN_POINT('',(1.03975234350866,2.22384040956031,0.59));
#5101=CARTESIAN_POINT('',(1.03975234350866,2.22384040956031,0.59));
#5102=CARTESIAN_POINT('',(0.777480242680384,2.22547381070458,0.59));
#5103=CARTESIAN_POINT('',(1.03323205782423,2.28347416894273,0.59));
#5104=CARTESIAN_POINT('',(0.744560767565727,2.21304968851302,0.59));
#5105=CARTESIAN_POINT('',(1.01228530395613,2.34209849985196,0.59));
#5106=CARTESIAN_POINT('',(1.04914107702844,2.34209849985196,0.59));
#5107=CARTESIAN_POINT('',(1.0860088416171,2.34209849985196,0.59));
#5108=CARTESIAN_POINT('',(0.885588884829894,2.24248916390118,0.59));
#5109=CARTESIAN_POINT('',(1.104374796565,-0.176179566468454,0.59));
#5110=CARTESIAN_POINT('',(1.104374796565,-0.127338176136852,0.59));
#5111=CARTESIAN_POINT('',(1.104374796565,-0.225020956800056,0.59));
#5112=CARTESIAN_POINT('',(0.929884185298516,-0.291491192517196,0.59));
#5113=CARTESIAN_POINT('',(0.755393574032036,-0.357961428234335,0.59));
#5114=CARTESIAN_POINT('',(0.755393574032036,-0.308171176536373,0.59));
#5115=CARTESIAN_POINT('',(0.755393574032036,-0.258380924838411,0.59));
#5116=CARTESIAN_POINT('',(0.85482425721222,-0.22467137629666,0.59));
#5117=CARTESIAN_POINT('',(0.954261842486194,-0.190984404812734,0.59));
#5118=CARTESIAN_POINT('',(1.06013682573181,-0.537306215465619,0.59));
#5119=CARTESIAN_POINT('',(1.025669243229,-0.176829870122809,0.59));
#5120=CARTESIAN_POINT('',(1.025669243229,-0.1759798061808,0.59));
#5121=CARTESIAN_POINT('',(1.025669243229,-0.175080884886353,0.59));
#5122=CARTESIAN_POINT('',(1.025669243229,-0.175080884886353,0.59));
#5123=CARTESIAN_POINT('',(0.995705200080777,-0.173482802585115,0.59));
#5124=CARTESIAN_POINT('',(0.954254940392403,-0.160997784606689,0.59));
#5125=CARTESIAN_POINT('',(0.954254940392403,-0.160997784606689,0.59));
#5126=CARTESIAN_POINT('',(0.85482425721222,-0.12743805628068,0.59));
#5127=CARTESIAN_POINT('',(0.755393574032036,-0.0938783279546707,0.59));
#5128=CARTESIAN_POINT('',(0.755393574032036,-0.0440880762567083,0.59));
#5129=CARTESIAN_POINT('',(0.755393574032036,0.00570217544125406,0.59));
#5130=CARTESIAN_POINT('',(0.929884185298516,-0.060818000347799,0.59));
#5131=CARTESIAN_POINT('',(0.861516226848656,0.528474848233903,0.59));
#5132=CARTESIAN_POINT('',(0.618657657132316,0.528474848233903,0.59));
#5133=CARTESIAN_POINT('',(1.104374796565,0.528474848233903,0.59));
#5134=CARTESIAN_POINT('',(1.104374796565,0.480881959700143,0.59));
#5135=CARTESIAN_POINT('',(1.104374796565,0.433289071166384,0.59));
#5136=CARTESIAN_POINT('',(0.861516226848656,0.433289071166384,0.59));
#5137=CARTESIAN_POINT('',(0.618657657132316,0.433289071166384,0.59));
#5138=CARTESIAN_POINT('',(0.618657657132316,0.480881959700143,0.59));
#5139=CARTESIAN_POINT('',(0.956102723053211,0.862773689624235,0.59));
#5140=CARTESIAN_POINT('',(0.974830250020849,0.871862782712529,0.59));
#5141=CARTESIAN_POINT('',(1.00069920727215,0.871862782712529,0.59));
#5142=CARTESIAN_POINT('',(0.956102723053211,0.862773689624235,0.59));
#5143=CARTESIAN_POINT('',(1.00069920727215,0.871862782712529,0.59));
#5144=CARTESIAN_POINT('',(1.00069920727215,0.871862782712529,0.59));
#5145=CARTESIAN_POINT('',(1.05443472465129,0.871862782712529,0.59));
#5146=CARTESIAN_POINT('',(1.08255098513871,0.834557548992992,0.59));
#5147=CARTESIAN_POINT('',(1.08255098513871,0.834557548992992,0.59));
#5148=CARTESIAN_POINT('',(1.08255098513871,0.834557548992992,0.59));
#5149=CARTESIAN_POINT('',(1.11066724562612,0.797252315273455,0.59));
#5150=CARTESIAN_POINT('',(1.11066724562612,0.722941488265864,0.59));
#5151=CARTESIAN_POINT('',(1.11066724562612,0.722941488265864,0.59));
#5152=CARTESIAN_POINT('',(1.11066724562612,0.722941488265864,0.59));
#5153=CARTESIAN_POINT('',(1.11066724562612,0.684887153467622,0.59));
#5154=CARTESIAN_POINT('',(1.1054734781471,0.65801939477805,0.59));
#5155=CARTESIAN_POINT('',(1.1054734781471,0.65801939477805,0.59));
#5156=CARTESIAN_POINT('',(0.863082428621488,0.703679519420965,0.59));
#5157=CARTESIAN_POINT('',(1.090310462312,0.607779682432864,0.59));
#5158=CARTESIAN_POINT('',(1.05098885968925,0.607779682432864,0.59));
#5159=CARTESIAN_POINT('',(1.01173206789438,0.607779682432864,0.59));
#5160=CARTESIAN_POINT('',(0.71068092570662,0.746305722271714,0.59));
#5161=CARTESIAN_POINT('',(1.03256791816293,0.667519842243785,0.59));
#5162=CARTESIAN_POINT('',(0.796927326422006,0.732149149563939,0.59));
#5163=CARTESIAN_POINT('',(1.04105078537842,0.726037772724514,0.59));
#5164=CARTESIAN_POINT('',(1.04105078537842,0.726037772724514,0.59));
#5165=CARTESIAN_POINT('',(1.04105078537842,0.777875567370939,0.59));
#5166=CARTESIAN_POINT('',(1.0110867422302,0.777875567370939,0.59));
#5167=CARTESIAN_POINT('',(1.0110867422302,0.777875567370939,0.59));
#5168=CARTESIAN_POINT('',(1.00993136512671,0.752758192249211,0.59));
#5169=CARTESIAN_POINT('',(0.992758735837869,0.770983837446847,0.59));
#5170=CARTESIAN_POINT('',(0.992758735837869,0.770983837446847,0.59));
#5171=CARTESIAN_POINT('',(0.985717185698037,0.764092107522756,0.59));
#5172=CARTESIAN_POINT('',(0.976827852897397,0.747262303287838,0.59));
#5173=CARTESIAN_POINT('',(0.976827852897397,0.747262303287838,0.59));
#5174=CARTESIAN_POINT('',(1.5081924219485,0.476426450156404,0.59));
#5175=CARTESIAN_POINT('',(0.956152663125124,0.702366178637419,0.59));
#5176=CARTESIAN_POINT('',(0.956152663125124,0.702366178637419,0.59));
#5177=CARTESIAN_POINT('',(0.939272918818292,0.662114480674974,0.59));
#5178=CARTESIAN_POINT('',(0.924890178107146,0.64318719341968,0.59));
#5179=CARTESIAN_POINT('',(0.924890178107146,0.64318719341968,0.59));
#5180=CARTESIAN_POINT('',(0.85378232542445,0.694552666721245,0.59));
#5181=CARTESIAN_POINT('',(0.891929730644102,0.615720153867143,0.59));
#5182=CARTESIAN_POINT('',(0.891929730644102,0.615720153867143,0.59));
#5183=CARTESIAN_POINT('',(0.873352023892204,0.6071804015699,0.59));
#5184=CARTESIAN_POINT('',(0.846284504914976,0.6071804015699,0.59));
#5185=CARTESIAN_POINT('',(0.846284504914976,0.6071804015699,0.59));
#5186=CARTESIAN_POINT('',(0.846284504914976,0.6071804015699,0.59));
#5187=CARTESIAN_POINT('',(0.799740357891405,0.6071804015699,0.59));
#5188=CARTESIAN_POINT('',(0.77432086128733,0.64318719341968,0.59));
#5189=CARTESIAN_POINT('',(0.77432086128733,0.64318719341968,0.59));
#5190=CARTESIAN_POINT('',(0.77432086128733,0.64318719341968,0.59));
#5191=CARTESIAN_POINT('',(0.748901364683254,0.67919398526946,0.59));
#5192=CARTESIAN_POINT('',(0.748901364683254,0.745414520627031,0.59));
#5193=CARTESIAN_POINT('',(0.748901364683254,0.745414520627031,0.59));
#5194=CARTESIAN_POINT('',(1.03888312074011,0.74464396176493,0.59));
#5195=CARTESIAN_POINT('',(0.776425915197342,0.868043311561549,0.59));
#5196=CARTESIAN_POINT('',(0.810677233640506,0.853734536607854,0.59));
#5197=CARTESIAN_POINT('',(0.845003033964679,0.839394646224976,0.59));
#5198=CARTESIAN_POINT('',(1.34681888646676,0.62295445099575,0.59));
#5199=CARTESIAN_POINT('',(0.826600296062584,0.79036311230102,0.59));
#5200=CARTESIAN_POINT('',(0.973038288834074,0.74389903084713,0.59));
#5201=CARTESIAN_POINT('',(0.819416897523874,0.743816438407137,0.59));
#5202=CARTESIAN_POINT('',(0.819416746225404,0.743816438325793,0.59));
#5203=CARTESIAN_POINT('',(0.819416746225404,0.701667017630627,0.59));
#5204=CARTESIAN_POINT('',(0.842189419018053,0.701667017630627,0.59));
#5205=CARTESIAN_POINT('',(0.842189419018053,0.701667017630627,0.59));
#5206=CARTESIAN_POINT('',(0.842189419018053,0.701667017630627,0.59));
#5207=CARTESIAN_POINT('',(0.854974077427961,0.701667017630627,0.59));
#5208=CARTESIAN_POINT('',(0.864362810947737,0.715250717191154,0.59));
#5209=CARTESIAN_POINT('',(0.864362810947737,0.715250717191154,0.59));
#5210=CARTESIAN_POINT('',(0.864362810947737,0.715250717191154,0.59));
#5211=CARTESIAN_POINT('',(0.873751544467513,0.728834416751682,0.59));
#5212=CARTESIAN_POINT('',(0.892129490931756,0.774779282912289,0.59));
#5213=CARTESIAN_POINT('',(0.892129490931756,0.774779282912289,0.59));
#5214=CARTESIAN_POINT('',(0.892129490931756,0.774779282912289,0.59));
#5215=CARTESIAN_POINT('',(0.908709594807106,0.815630261737698,0.59));
#5216=CARTESIAN_POINT('',(0.923042395446339,0.834657429136819,0.59));
#5217=CARTESIAN_POINT('',(0.923042395446339,0.834657429136819,0.59));
#5218=CARTESIAN_POINT('',(0.997495973844478,0.781011317064141,0.59));
#5219=CARTESIAN_POINT('',(0.99061131274558,1.64583401723111,0.59));
#5220=CARTESIAN_POINT('',(0.876847828926163,1.64583401723111,0.59));
#5221=CARTESIAN_POINT('',(1.104374796565,1.64583401723111,0.59));
#5222=CARTESIAN_POINT('',(1.104374796565,1.59824112869735,0.59));
#5223=CARTESIAN_POINT('',(1.104374796565,1.55064824016359,0.59));
#5224=CARTESIAN_POINT('',(1.00244710978913,1.55064824016359,0.59));
#5225=CARTESIAN_POINT('',(0.900519423013258,1.55064824016359,0.59));
#5226=CARTESIAN_POINT('',(0.900519423013258,1.55064824016359,0.59));
#5227=CARTESIAN_POINT('',(0.862764728646499,1.55064824016359,0.59));
#5228=CARTESIAN_POINT('',(0.843887381463119,1.5372143608188,0.59));
#5229=CARTESIAN_POINT('',(0.843887381463119,1.5372143608188,0.59));
#5230=CARTESIAN_POINT('',(0.843887381463119,1.5372143608188,0.59));
#5231=CARTESIAN_POINT('',(0.825010034279739,1.52378048147402,0.59));
#5232=CARTESIAN_POINT('',(0.825010034279739,1.49441571918876,0.59));
#5233=CARTESIAN_POINT('',(0.825010034279739,1.49441571918876,0.59));
#5234=CARTESIAN_POINT('',(0.825010034279739,1.49441571918876,0.59));
#5235=CARTESIAN_POINT('',(0.825010034279739,1.45446366165779,0.59));
#5236=CARTESIAN_POINT('',(0.851678032681656,1.43668499605652,0.59));
#5237=CARTESIAN_POINT('',(0.851678032681656,1.43668499605652,0.59));
#5238=CARTESIAN_POINT('',(0.851678032681656,1.43668499605652,0.59));
#5239=CARTESIAN_POINT('',(0.878346031083574,1.41890633045524,0.59));
#5240=CARTESIAN_POINT('',(0.940171840112739,1.41890633045524,0.59));
#5241=CARTESIAN_POINT('',(0.940171840112739,1.41890633045524,0.59));
#5242=CARTESIAN_POINT('',(1.02227331833887,1.41890633045524,0.59));
#5243=CARTESIAN_POINT('',(1.104374796565,1.41890633045524,0.59));
#5244=CARTESIAN_POINT('',(1.104374796565,1.37131344192148,0.59));
#5245=CARTESIAN_POINT('',(1.104374796565,1.32372055338772,0.59));
#5246=CARTESIAN_POINT('',(0.929884185298516,1.32372055338772,0.59));
#5247=CARTESIAN_POINT('',(0.755393574032036,1.32372055338772,0.59));
#5248=CARTESIAN_POINT('',(0.755393574032036,1.36007692574089,0.59));
#5249=CARTESIAN_POINT('',(0.755393574032036,1.39643329809407,0.59));
#5250=CARTESIAN_POINT('',(0.777716786177461,1.40282562729902,0.59));
#5251=CARTESIAN_POINT('',(0.800039998322887,1.40921795650398,0.59));
#5252=CARTESIAN_POINT('',(0.800039998322887,1.4118647803154,0.59));
#5253=CARTESIAN_POINT('',(0.800039998322887,1.41450271889419,0.59));
#5254=CARTESIAN_POINT('',(0.853797901611431,1.49976906725689,0.59));
#5255=CARTESIAN_POINT('',(0.761813352345655,1.458399097815,0.59));
#5256=CARTESIAN_POINT('',(0.898537429185375,1.51889573724644,0.59));
#5257=CARTESIAN_POINT('',(0.748901364683255,1.5218827587413,0.59));
#5258=CARTESIAN_POINT('',(0.748901364683255,1.5218827587413,0.59));
#5259=CARTESIAN_POINT('',(0.748901364683255,1.58280964647601,0.59));
#5260=CARTESIAN_POINT('',(0.781811872074385,1.61432183185356,0.59));
#5261=CARTESIAN_POINT('',(0.781811872074385,1.61432183185356,0.59));
#5262=CARTESIAN_POINT('',(0.781811872074385,1.61432183185356,0.59));
#5263=CARTESIAN_POINT('',(0.814722379465516,1.64583401723111,0.59));
#5264=CARTESIAN_POINT('',(0.876847828926163,1.64583401723111,0.59));
#5265=CARTESIAN_POINT('',(1.10457455685265,1.17330105678364,0.59));
#5266=CARTESIAN_POINT('',(1.11066724562612,1.14493509593666,0.59));
#5267=CARTESIAN_POINT('',(1.11066724562612,1.10398423696742,0.59));
#5268=CARTESIAN_POINT('',(1.10457455685265,1.17330105678364,0.59));
#5269=CARTESIAN_POINT('',(1.11066724562612,1.10398423696742,0.59));
#5270=CARTESIAN_POINT('',(1.11066724562612,1.10398423696742,0.59));
#5271=CARTESIAN_POINT('',(1.11066724562612,1.01978527572092,0.59));
#5272=CARTESIAN_POINT('',(1.06412309860255,0.9723422074029,0.59));
#5273=CARTESIAN_POINT('',(1.06412309860255,0.9723422074029,0.59));
#5274=CARTESIAN_POINT('',(1.06412309860255,0.9723422074029,0.59));
#5275=CARTESIAN_POINT('',(1.01757895157898,0.924899139084882,0.59));
#5276=CARTESIAN_POINT('',(0.932381188894201,0.924899139084882,0.59));
#5277=CARTESIAN_POINT('',(0.932381188894201,0.924899139084882,0.59));
#5278=CARTESIAN_POINT('',(0.932381188894201,0.924899139084882,0.59));
#5279=CARTESIAN_POINT('',(0.844686422613738,0.924899139084882,0.59));
#5280=CARTESIAN_POINT('',(0.796793893648496,0.968746522225113,0.59));
#5281=CARTESIAN_POINT('',(0.796793893648496,0.968746522225113,0.59));
#5282=CARTESIAN_POINT('',(0.796793893648496,0.968746522225113,0.59));
#5283=CARTESIAN_POINT('',(0.748901364683254,1.01259390536534,0.59));
#5284=CARTESIAN_POINT('',(0.748901364683254,1.09000101683159,0.59));
#5285=CARTESIAN_POINT('',(0.748901364683254,1.09000101683159,0.59));
#5286=CARTESIAN_POINT('',(0.748901364683254,1.09000101683159,0.59));
#5287=CARTESIAN_POINT('',(0.748901364683255,1.16391232326387,0.59));
#5288=CARTESIAN_POINT('',(0.791000845306507,1.20511288259267,0.59));
#5289=CARTESIAN_POINT('',(0.791000845306507,1.20511288259267,0.59));
#5290=CARTESIAN_POINT('',(0.791000845306507,1.20511288259267,0.59));
#5291=CARTESIAN_POINT('',(0.833100325929759,1.24631344192148,0.59));
#5292=CARTESIAN_POINT('',(0.90741115293735,1.24631344192148,0.59));
#5293=CARTESIAN_POINT('',(0.907411152937349,1.24631344192148,0.59));
#5294=CARTESIAN_POINT('',(0.930533406233394,1.24631344192148,0.59));
#5295=CARTESIAN_POINT('',(0.953655659529439,1.24631344192148,0.59));
#5296=CARTESIAN_POINT('',(0.953655659529439,1.1337984598999,0.59));
#5297=CARTESIAN_POINT('',(0.953655659529439,1.02128347787833,0.59));
#5298=CARTESIAN_POINT('',(0.953655659529439,1.02128347787833,0.59));
#5299=CARTESIAN_POINT('',(0.994206997923366,1.02288156017957,0.59));
#5300=CARTESIAN_POINT('',(1.01697967071601,1.04535459254073,0.59));
#5301=CARTESIAN_POINT('',(1.01697967071601,1.04535459254073,0.59));
#5302=CARTESIAN_POINT('',(1.01697967071601,1.04535459254073,0.59));
#5303=CARTESIAN_POINT('',(1.03975234350866,1.0678276249019,0.59));
#5304=CARTESIAN_POINT('',(1.03975234350866,1.10837896329583,0.59));
#5305=CARTESIAN_POINT('',(1.03975234350866,1.10837896329583,0.59));
#5306=CARTESIAN_POINT('',(0.777480242680449,1.11001236444011,0.59));
#5307=CARTESIAN_POINT('',(1.03323205782423,1.16801272267825,0.59));
#5308=CARTESIAN_POINT('',(0.744560767565874,1.09758824224858,0.59));
#5309=CARTESIAN_POINT('',(1.01228530395613,1.22663705358748,0.59));
#5310=CARTESIAN_POINT('',(1.04914107702844,1.22663705358748,0.59));
#5311=CARTESIAN_POINT('',(1.0860088416171,1.22663705358748,0.59));
#5312=CARTESIAN_POINT('',(0.885588884829816,1.12702771763667,0.59));
#5313=CARTESIAN_POINT('',(1.10457455685265,0.282869574562309,0.59));
#5314=CARTESIAN_POINT('',(1.11066724562612,0.254503613715325,0.59));
#5315=CARTESIAN_POINT('',(1.11066724562612,0.213552754746088,0.59));
#5316=CARTESIAN_POINT('',(1.10457455685265,0.282869574562309,0.59));
#5317=CARTESIAN_POINT('',(1.11066724562612,0.213552754746088,0.59));
#5318=CARTESIAN_POINT('',(1.11066724562612,0.213552754746088,0.59));
#5319=CARTESIAN_POINT('',(1.11066724562612,0.129353793499584,0.59));
#5320=CARTESIAN_POINT('',(1.06412309860255,0.0819107251815658,0.59));
#5321=CARTESIAN_POINT('',(1.06412309860255,0.0819107251815658,0.59));
#5322=CARTESIAN_POINT('',(1.06412309860255,0.0819107251815658,0.59));
#5323=CARTESIAN_POINT('',(1.01757895157898,0.0344676568635474,0.59));
#5324=CARTESIAN_POINT('',(0.932381188894201,0.0344676568635474,0.59));
#5325=CARTESIAN_POINT('',(0.932381188894201,0.0344676568635474,0.59));
#5326=CARTESIAN_POINT('',(0.932381188894201,0.0344676568635474,0.59));
#5327=CARTESIAN_POINT('',(0.844686422613738,0.0344676568635474,0.59));
#5328=CARTESIAN_POINT('',(0.796793893648496,0.0783150400037791,0.59));
#5329=CARTESIAN_POINT('',(0.796793893648496,0.0783150400037791,0.59));
#5330=CARTESIAN_POINT('',(0.796793893648496,0.0783150400037791,0.59));
#5331=CARTESIAN_POINT('',(0.748901364683254,0.122162423144011,0.59));
#5332=CARTESIAN_POINT('',(0.748901364683254,0.199569534610251,0.59));
#5333=CARTESIAN_POINT('',(0.748901364683254,0.199569534610251,0.59));
#5334=CARTESIAN_POINT('',(0.748901364683254,0.199569534610251,0.59));
#5335=CARTESIAN_POINT('',(0.748901364683254,0.273480841042533,0.59));
#5336=CARTESIAN_POINT('',(0.791000845306506,0.314681400371338,0.59));
#5337=CARTESIAN_POINT('',(0.791000845306506,0.314681400371338,0.59));
#5338=CARTESIAN_POINT('',(0.791000845306506,0.314681400371338,0.59));
#5339=CARTESIAN_POINT('',(0.833100325929759,0.355881959700144,0.59));
#5340=CARTESIAN_POINT('',(0.90741115293735,0.355881959700144,0.59));
#5341=CARTESIAN_POINT('',(0.907411152937349,0.355881959700144,0.59));
#5342=CARTESIAN_POINT('',(0.930533406233394,0.355881959700144,0.59));
#5343=CARTESIAN_POINT('',(0.953655659529439,0.355881959700144,0.59));
#5344=CARTESIAN_POINT('',(0.953655659529439,0.243366977678569,0.59));
#5345=CARTESIAN_POINT('',(0.953655659529439,0.130851995656995,0.59));
#5346=CARTESIAN_POINT('',(0.953655659529439,0.130851995656995,0.59));
#5347=CARTESIAN_POINT('',(0.994206997923366,0.132450077958234,0.59));
#5348=CARTESIAN_POINT('',(1.01697967071601,0.1549231103194,0.59));
#5349=CARTESIAN_POINT('',(1.01697967071601,0.1549231103194,0.59));
#5350=CARTESIAN_POINT('',(1.01697967071601,0.1549231103194,0.59));
#5351=CARTESIAN_POINT('',(1.03975234350866,0.177396142680567,0.59));
#5352=CARTESIAN_POINT('',(1.03975234350866,0.217947481074494,0.59));
#5353=CARTESIAN_POINT('',(1.03975234350866,0.217947481074494,0.59));
#5354=CARTESIAN_POINT('',(0.777480242680427,0.219580882218771,0.59));
#5355=CARTESIAN_POINT('',(1.03323205782423,0.277581240456915,0.59));
#5356=CARTESIAN_POINT('',(0.744560767565684,0.207156760027195,0.59));
#5357=CARTESIAN_POINT('',(1.01228530395613,0.336205571366144,0.59));
#5358=CARTESIAN_POINT('',(1.04914107702844,0.336205571366144,0.59));
#5359=CARTESIAN_POINT('',(1.0860088416171,0.336205571366144,0.59));
#5360=CARTESIAN_POINT('',(0.885588884829919,0.236596235415364,0.59));
#5361=CARTESIAN_POINT('',(1.10457455685265,-0.458440852924707,0.59));
#5362=CARTESIAN_POINT('',(1.11066724562612,-0.48680681377169,0.59));
#5363=CARTESIAN_POINT('',(1.11066724562612,-0.527757672740927,0.59));
#5364=CARTESIAN_POINT('',(1.10457455685265,-0.458440852924707,0.59));
#5365=CARTESIAN_POINT('',(1.11066724562612,-0.527757672740927,0.59));
#5366=CARTESIAN_POINT('',(1.11066724562612,-0.527757672740927,0.59));
#5367=CARTESIAN_POINT('',(1.11066724562612,-0.611956633987431,0.59));
#5368=CARTESIAN_POINT('',(1.06412309860255,-0.65939970230545,0.59));
#5369=CARTESIAN_POINT('',(1.06412309860255,-0.65939970230545,0.59));
#5370=CARTESIAN_POINT('',(1.06412309860255,-0.65939970230545,0.59));
#5371=CARTESIAN_POINT('',(1.01757895157898,-0.706842770623468,0.59));
#5372=CARTESIAN_POINT('',(0.932381188894201,-0.706842770623468,0.59));
#5373=CARTESIAN_POINT('',(0.932381188894201,-0.706842770623468,0.59));
#5374=CARTESIAN_POINT('',(0.932381188894201,-0.706842770623468,0.59));
#5375=CARTESIAN_POINT('',(0.844686422613738,-0.706842770623468,0.59));
#5376=CARTESIAN_POINT('',(0.796793893648496,-0.662995387483237,0.59));
#5377=CARTESIAN_POINT('',(0.796793893648496,-0.662995387483237,0.59));
#5378=CARTESIAN_POINT('',(0.796793893648496,-0.662995387483237,0.59));
#5379=CARTESIAN_POINT('',(0.748901364683254,-0.619148004343005,0.59));
#5380=CARTESIAN_POINT('',(0.748901364683254,-0.541740892876764,0.59));
#5381=CARTESIAN_POINT('',(0.748901364683254,-0.541740892876764,0.59));
#5382=CARTESIAN_POINT('',(0.748901364683254,-0.541740892876764,0.59));
#5383=CARTESIAN_POINT('',(0.748901364683254,-0.467829586444483,0.59));
#5384=CARTESIAN_POINT('',(0.791000845306506,-0.426629027115677,0.59));
#5385=CARTESIAN_POINT('',(0.791000845306506,-0.426629027115677,0.59));
#5386=CARTESIAN_POINT('',(0.791000845306506,-0.426629027115677,0.59));
#5387=CARTESIAN_POINT('',(0.833100325929759,-0.385428467786872,0.59));
#5388=CARTESIAN_POINT('',(0.90741115293735,-0.385428467786872,0.59));
#5389=CARTESIAN_POINT('',(0.907411152937349,-0.385428467786872,0.59));
#5390=CARTESIAN_POINT('',(0.930533406233394,-0.385428467786872,0.59));
#5391=CARTESIAN_POINT('',(0.953655659529439,-0.385428467786872,0.59));
#5392=CARTESIAN_POINT('',(0.953655659529439,-0.497943449808446,0.59));
#5393=CARTESIAN_POINT('',(0.953655659529439,-0.61045843183002,0.59));
#5394=CARTESIAN_POINT('',(0.953655659529439,-0.61045843183002,0.59));
#5395=CARTESIAN_POINT('',(0.994206997923366,-0.608860349528782,0.59));
#5396=CARTESIAN_POINT('',(1.01697967071601,-0.586387317167615,0.59));
#5397=CARTESIAN_POINT('',(1.01697967071601,-0.586387317167615,0.59));
#5398=CARTESIAN_POINT('',(1.01697967071601,-0.586387317167615,0.59));
#5399=CARTESIAN_POINT('',(1.03975234350866,-0.563914284806449,0.59));
#5400=CARTESIAN_POINT('',(1.03975234350866,-0.523362946412521,0.59));
#5401=CARTESIAN_POINT('',(1.03975234350866,-0.523362946412521,0.59));
#5402=CARTESIAN_POINT('',(0.777480242680364,-0.521729545268255,0.59));
#5403=CARTESIAN_POINT('',(1.03323205782423,-0.463729187030101,0.59));
#5404=CARTESIAN_POINT('',(0.744560767565685,-0.534153667459821,0.59));
#5405=CARTESIAN_POINT('',(1.01228530395613,-0.405104856120872,0.59));
#5406=CARTESIAN_POINT('',(1.04914107702844,-0.405104856120872,0.59));
#5407=CARTESIAN_POINT('',(1.0860088416171,-0.405104856120872,0.59));
#5408=CARTESIAN_POINT('',(0.88558888482991,-0.504714192071655,0.59));
#5409=CARTESIAN_POINT('',(0.956102723053211,1.97823513588872,0.59));
#5410=CARTESIAN_POINT('',(0.974830250020849,1.98732422897701,0.59));
#5411=CARTESIAN_POINT('',(1.00069920727215,1.98732422897701,0.59));
#5412=CARTESIAN_POINT('',(0.956102723053211,1.97823513588872,0.59));
#5413=CARTESIAN_POINT('',(1.00069920727215,1.98732422897701,0.59));
#5414=CARTESIAN_POINT('',(1.00069920727215,1.98732422897701,0.59));
#5415=CARTESIAN_POINT('',(1.05443472465129,1.98732422897701,0.59));
#5416=CARTESIAN_POINT('',(1.08255098513871,1.95001899525747,0.59));
#5417=CARTESIAN_POINT('',(1.08255098513871,1.95001899525747,0.59));
#5418=CARTESIAN_POINT('',(1.08255098513871,1.95001899525747,0.59));
#5419=CARTESIAN_POINT('',(1.11066724562612,1.91271376153794,0.59));
#5420=CARTESIAN_POINT('',(1.11066724562612,1.83840293453034,0.59));
#5421=CARTESIAN_POINT('',(1.11066724562612,1.83840293453034,0.59));
#5422=CARTESIAN_POINT('',(1.11066724562612,1.83840293453034,0.59));
#5423=CARTESIAN_POINT('',(1.11066724562612,1.8003485997321,0.59));
#5424=CARTESIAN_POINT('',(1.1054734781471,1.77348084104253,0.59));
#5425=CARTESIAN_POINT('',(1.1054734781471,1.77348084104253,0.59));
#5426=CARTESIAN_POINT('',(0.863082428621454,1.81914096568546,0.59));
#5427=CARTESIAN_POINT('',(1.090310462312,1.72324112869734,0.59));
#5428=CARTESIAN_POINT('',(1.05098885968925,1.72324112869734,0.59));
#5429=CARTESIAN_POINT('',(1.01173206789438,1.72324112869734,0.59));
#5430=CARTESIAN_POINT('',(0.71068092570654,1.86176716853622,0.59));
#5431=CARTESIAN_POINT('',(1.03256791816293,1.78298128850827,0.59));
#5432=CARTESIAN_POINT('',(0.796927326421968,1.84761059582843,0.59));
#5433=CARTESIAN_POINT('',(1.04105078537842,1.84149921898899,0.59));
#5434=CARTESIAN_POINT('',(1.04105078537842,1.84149921898899,0.59));
#5435=CARTESIAN_POINT('',(1.04105078537842,1.89333701363542,0.59));
#5436=CARTESIAN_POINT('',(1.0110867422302,1.89333701363542,0.59));
#5437=CARTESIAN_POINT('',(1.0110867422302,1.89333701363542,0.59));
#5438=CARTESIAN_POINT('',(1.0099313651263,1.86821963851361,0.59));
#5439=CARTESIAN_POINT('',(0.992758735837869,1.88644528371133,0.59));
#5440=CARTESIAN_POINT('',(0.992758735837869,1.88644528371133,0.59));
#5441=CARTESIAN_POINT('',(0.985717185698037,1.87955355378724,0.59));
#5442=CARTESIAN_POINT('',(0.976827852897398,1.86272374955232,0.59));
#5443=CARTESIAN_POINT('',(0.976827852897398,1.86272374955232,0.59));
#5444=CARTESIAN_POINT('',(1.5081924219468,1.59188789642167,0.59));
#5445=CARTESIAN_POINT('',(0.956152663125124,1.8178276249019,0.59));
#5446=CARTESIAN_POINT('',(0.956152663125124,1.8178276249019,0.59));
#5447=CARTESIAN_POINT('',(0.939272918818292,1.77757592693946,0.59));
#5448=CARTESIAN_POINT('',(0.924890178107146,1.75864863968416,0.59));
#5449=CARTESIAN_POINT('',(0.924890178107146,1.75864863968416,0.59));
#5450=CARTESIAN_POINT('',(0.853782325426094,1.81001411298375,0.59));
#5451=CARTESIAN_POINT('',(0.891929730644102,1.73118160013162,0.59));
#5452=CARTESIAN_POINT('',(0.891929730644102,1.73118160013162,0.59));
#5453=CARTESIAN_POINT('',(0.873352023892204,1.72264184783438,0.59));
#5454=CARTESIAN_POINT('',(0.846284504914976,1.72264184783438,0.59));
#5455=CARTESIAN_POINT('',(0.846284504914976,1.72264184783438,0.59));
#5456=CARTESIAN_POINT('',(0.846284504914976,1.72264184783438,0.59));
#5457=CARTESIAN_POINT('',(0.799740357891405,1.72264184783438,0.59));
#5458=CARTESIAN_POINT('',(0.77432086128733,1.75864863968416,0.59));
#5459=CARTESIAN_POINT('',(0.77432086128733,1.75864863968416,0.59));
#5460=CARTESIAN_POINT('',(0.77432086128733,1.75864863968416,0.59));
#5461=CARTESIAN_POINT('',(0.748901364683255,1.79465543153395,0.59));
#5462=CARTESIAN_POINT('',(0.748901364683255,1.86087596689152,0.59));
#5463=CARTESIAN_POINT('',(0.748901364683255,1.86087596689152,0.59));
#5464=CARTESIAN_POINT('',(1.0388831207401,1.86010540802942,0.59));
#5465=CARTESIAN_POINT('',(0.776425915197342,1.98350475782603,0.59));
#5466=CARTESIAN_POINT('',(0.810677233640506,1.96919598287233,0.59));
#5467=CARTESIAN_POINT('',(0.845003033964677,1.95485609248946,0.59));
#5468=CARTESIAN_POINT('',(1.34681888646675,1.73841589726025,0.59));
#5469=CARTESIAN_POINT('',(0.826600296062584,1.9058245585655,0.59));
#5470=CARTESIAN_POINT('',(0.973038288834036,1.85936047711162,0.59));
#5471=CARTESIAN_POINT('',(0.819416897523874,1.85927788467162,0.59));
#5472=CARTESIAN_POINT('',(0.819416746225404,1.85927788459028,0.59));
#5473=CARTESIAN_POINT('',(0.819416746225404,1.81712846389511,0.59));
#5474=CARTESIAN_POINT('',(0.842189419018053,1.81712846389511,0.59));
#5475=CARTESIAN_POINT('',(0.842189419018053,1.81712846389511,0.59));
#5476=CARTESIAN_POINT('',(0.842189419018053,1.81712846389511,0.59));
#5477=CARTESIAN_POINT('',(0.854974077427961,1.81712846389511,0.59));
#5478=CARTESIAN_POINT('',(0.864362810947737,1.83071216345563,0.59));
#5479=CARTESIAN_POINT('',(0.864362810947737,1.83071216345563,0.59));
#5480=CARTESIAN_POINT('',(0.864362810947737,1.83071216345563,0.59));
#5481=CARTESIAN_POINT('',(0.873751544467513,1.84429586301616,0.59));
#5482=CARTESIAN_POINT('',(0.892129490931756,1.89024072917677,0.59));
#5483=CARTESIAN_POINT('',(0.892129490931756,1.89024072917677,0.59));
#5484=CARTESIAN_POINT('',(0.892129490931756,1.89024072917677,0.59));
#5485=CARTESIAN_POINT('',(0.908709594807106,1.93109170800218,0.59));
#5486=CARTESIAN_POINT('',(0.923042395446339,1.9501188754013,0.59));
#5487=CARTESIAN_POINT('',(0.923042395446339,1.9501188754013,0.59));
#5488=CARTESIAN_POINT('',(0.997495973844445,1.89647276332866,0.59));
#5489=CARTESIAN_POINT('',(1.104374796565,-0.898412886484435,0.59));
#5490=CARTESIAN_POINT('',(1.104374796565,-0.757482003543964,0.59));
#5491=CARTESIAN_POINT('',(1.104374796565,-1.03934376942491,0.59));
#5492=CARTESIAN_POINT('',(0.876198607991285,-1.03934376942491,0.59));
#5493=CARTESIAN_POINT('',(0.648022419417573,-1.03934376942491,0.59));
#5494=CARTESIAN_POINT('',(0.648022419417573,-0.990951839740528,0.59));
#5495=CARTESIAN_POINT('',(0.648022419417573,-0.942559910056149,0.59));
#5496=CARTESIAN_POINT('',(0.836246550460322,-0.942559910056149,0.59));
#5497=CARTESIAN_POINT('',(1.02447068150307,-0.942559910056149,0.59));
#5498=CARTESIAN_POINT('',(1.02447068150307,-0.850020956800056,0.59));
#5499=CARTESIAN_POINT('',(1.02447068150307,-0.757482003543964,0.59));
#5500=CARTESIAN_POINT('',(1.06442273903403,-0.757482003543964,0.59));
#5501=CARTESIAN_POINT('',(0.000508849642532824,0.647217314690352,0.43));
#5502=CARTESIAN_POINT('',(0.000508849642532651,2.52006091177463,0.43));
#5503=CARTESIAN_POINT('',(-0.938992891004679,2.52006091177463,0.43));
#5504=CARTESIAN_POINT('',(-0.508124198946639,2.52006091177463,0.43));
#5505=CARTESIAN_POINT('',(-0.508124198946639,4.94988497340964,0.43));
#5506=CARTESIAN_POINT('',(-0.508124198946639,2.44988497340964,0.43));
#5507=CARTESIAN_POINT('',(0.000508849642532824,2.44988497340964,0.43));
#5508=CARTESIAN_POINT('',(0.456138005662247,2.44988497340964,0.43));
#5509=CARTESIAN_POINT('',(0.456138005662247,4.94988497340964,0.43));
#5510=CARTESIAN_POINT('',(0.456138005662247,2.52006091177463,0.43));
#5511=CARTESIAN_POINT('',(0.000508849642532651,2.52006091177463,0.43));
#5512=CARTESIAN_POINT('',(0.940010590289744,2.52006091177463,0.43));
#5513=CARTESIAN_POINT('',(0.940010590289743,2.15792887741867,0.43));
#5514=CARTESIAN_POINT('',(1.30214262464571,2.15792887741867,0.43));
#5515=CARTESIAN_POINT('',(1.30214262464571,0.647217314690352,0.43));
#5516=CARTESIAN_POINT('',(1.30214262464571,-0.863494248037968,0.43));
#5517=CARTESIAN_POINT('',(0.940010590289744,-0.863494248037968,0.43));
#5518=CARTESIAN_POINT('',(0.940010590289745,-1.22562628239393,0.43));
#5519=CARTESIAN_POINT('',(0.000508849642532998,-1.22562628239393,0.43));
#5520=CARTESIAN_POINT('',(-0.938992891004679,-1.22562628239393,0.43));
#5521=CARTESIAN_POINT('',(-0.938992891004679,-0.863494248037968,0.43));
#5522=CARTESIAN_POINT('',(-1.30112492536064,-0.863494248037968,0.43));
#5523=CARTESIAN_POINT('',(-1.30112492536064,0.647217314690352,0.43));
#5524=CARTESIAN_POINT('',(-1.30112492536064,2.15792887741867,0.43));
#5525=CARTESIAN_POINT('',(-0.938992891004678,2.15792887741867,0.43));
#5526=CARTESIAN_POINT('',(0.000508849642532824,-0.238925986923278,0.43));
#5527=CARTESIAN_POINT('',(-1.08092427253723,-0.238925986923278,0.43));
#5528=CARTESIAN_POINT('',(-0.883170403540134,-0.238925986923278,0.43));
#5529=CARTESIAN_POINT('',(-1.08092427253723,0.647217314690352,0.43));
#5530=CARTESIAN_POINT('',(-1.08092427253723,-0.632968964055181,0.43));
#5531=CARTESIAN_POINT('',(0.000508849642532824,-0.632968964055181,0.43));
#5532=CARTESIAN_POINT('',(-0.883170403540134,-0.632968964055181,0.43));
#5533=CARTESIAN_POINT('',(-0.883170403540134,0.647217314690352,0.43));
#5534=CARTESIAN_POINT('',(0.000508849642532998,-1.22562628239393,0.43));
#5535=CARTESIAN_POINT('',(0.000508849642532998,-1.22562628239393,0.));
#5536=CARTESIAN_POINT('',(-0.938992891004679,-1.22562628239393,0.));
#5537=CARTESIAN_POINT('',(0.940010590289745,-1.22562628239393,0.));
#5538=CARTESIAN_POINT('',(-0.938992891004679,-1.22562628239393,0.43));
#5539=CARTESIAN_POINT('',(0.940010590289745,-1.22562628239393,0.43));
#5540=CARTESIAN_POINT('',(0.940010590289744,-0.863494248037968,0.43));
#5541=CARTESIAN_POINT('',(0.940010590289744,-0.863494248037968,0.));
#5542=CARTESIAN_POINT('',(1.30214262464571,-0.863494248037968,0.));
#5543=CARTESIAN_POINT('',(1.30214262464571,-0.863494248037968,0.43));
#5544=CARTESIAN_POINT('',(1.30214262464571,0.647217314690352,0.43));
#5545=CARTESIAN_POINT('',(1.30214262464571,2.15792887741867,0.43));
#5546=CARTESIAN_POINT('',(1.30214262464571,2.15792887741867,0.));
#5547=CARTESIAN_POINT('',(1.30214262464571,0.647217314690352,0.));
#5548=CARTESIAN_POINT('',(0.940010590289743,2.15792887741867,0.43));
#5549=CARTESIAN_POINT('',(0.940010590289743,2.15792887741867,0.));
#5550=CARTESIAN_POINT('',(0.940010590289744,2.52006091177463,0.));
#5551=CARTESIAN_POINT('',(0.940010590289744,2.52006091177463,0.43));
#5552=CARTESIAN_POINT('',(0.000508849642532651,2.52006091177463,0.43));
#5553=CARTESIAN_POINT('',(-0.508845970034599,2.52006091177463,0.43));
#5554=CARTESIAN_POINT('',(-0.508845970034599,2.52006091177463,0.261291752823991));
#5555=CARTESIAN_POINT('',(-0.508845970034599,2.52006091177463,0.41668778679018));
#5556=CARTESIAN_POINT('',(-0.385721078353572,2.52006091177463,0.41668778679018));
#5557=CARTESIAN_POINT('',(-0.938992891004679,2.52006091177463,0.43));
#5558=CARTESIAN_POINT('',(-0.938992891004679,2.52006091177463,0.));
#5559=CARTESIAN_POINT('',(0.000508849642532651,2.52006091177463,0.));
#5560=CARTESIAN_POINT('',(0.33373488506918,2.52006091177463,0.41668778679018));
#5561=CARTESIAN_POINT('',(0.456859776750207,2.52006091177463,0.41668778679018));
#5562=CARTESIAN_POINT('',(0.456859776750207,2.52006091177463,0.43));
#5563=CARTESIAN_POINT('',(0.456859776750207,2.52006091177463,0.261291752823991));
#5564=CARTESIAN_POINT('',(0.333734885069179,2.52006091177463,0.261291752823991));
#5565=CARTESIAN_POINT('',(0.333734885069179,2.52006091177463,0.138166861142963));
#5566=CARTESIAN_POINT('',(0.000508849642532651,2.52006091177463,0.138166861142963));
#5567=CARTESIAN_POINT('',(-0.385721078353572,2.52006091177463,0.138166861142963));
#5568=CARTESIAN_POINT('',(-0.385721078353572,2.52006091177463,0.261291752823991));
#5569=CARTESIAN_POINT('',(-0.938992891004678,2.15792887741867,0.43));
#5570=CARTESIAN_POINT('',(-0.938992891004678,2.15792887741867,0.));
#5571=CARTESIAN_POINT('',(-1.30112492536064,2.15792887741867,0.));
#5572=CARTESIAN_POINT('',(-1.30112492536064,2.15792887741867,0.43));
#5573=CARTESIAN_POINT('',(-1.30112492536064,0.647217314690352,0.43));
#5574=CARTESIAN_POINT('',(-1.30112492536064,0.647217314690352,0.));
#5575=CARTESIAN_POINT('',(-1.30112492536064,-0.863494248037968,1.7347234759768E-16));
#5576=CARTESIAN_POINT('',(-1.30112492536064,-0.863494248037968,0.43));
#5577=CARTESIAN_POINT('',(-0.938992891004679,-0.863494248037968,0.43));
#5578=CARTESIAN_POINT('',(-0.938992891004679,-0.863494248037968,0.));
#5579=CARTESIAN_POINT('',(0.,0.,0.));
#5580=CARTESIAN_POINT('',(-0.938992891004679,-0.863494248037968,0.));
#5581=CARTESIAN_POINT('',(-1.46112492536064,-0.863494248037968,0.));
#5582=CARTESIAN_POINT('',(-0.938992891004678,-1.38562628239393,0.));
#5583=CARTESIAN_POINT('',(-1.46112492536064,0.647217314690352,0.));
#5584=CARTESIAN_POINT('',(-1.46112492536064,2.15792887741867,0.));
#5585=CARTESIAN_POINT('',(-0.938992891004678,2.15792887741867,0.));
#5586=CARTESIAN_POINT('',(-0.93899289100468,2.68006091177464,0.));
#5587=CARTESIAN_POINT('',(0.000508849642532651,2.68006091177464,0.));
#5588=CARTESIAN_POINT('',(0.940010590289744,2.68006091177464,0.));
#5589=CARTESIAN_POINT('',(0.940010590289743,2.15792887741867,0.));
#5590=CARTESIAN_POINT('',(1.46214262464571,2.15792887741867,0.));
#5591=CARTESIAN_POINT('',(1.46214262464571,0.647217314690352,0.));
#5592=CARTESIAN_POINT('',(1.46214262464571,-0.863494248037968,0.));
#5593=CARTESIAN_POINT('',(0.940010590289744,-0.863494248037968,0.));
#5594=CARTESIAN_POINT('',(0.940010590289745,-1.38562628239393,0.));
#5595=CARTESIAN_POINT('',(0.000508849642532998,-1.38562628239393,0.));
#5596=CARTESIAN_POINT('',(-0.938992891004679,-0.863494248037968,0.43));
#5597=CARTESIAN_POINT('',(-1.46112492536064,-0.863494248037968,0.43));
#5598=CARTESIAN_POINT('',(-0.938992891004678,-1.38562628239393,0.43));
#5599=CARTESIAN_POINT('',(-1.46112492536064,0.647217314690352,0.43));
#5600=CARTESIAN_POINT('',(-1.46112492536064,2.15792887741867,0.43));
#5601=CARTESIAN_POINT('',(-0.938992891004678,2.15792887741867,0.43));
#5602=CARTESIAN_POINT('',(-0.93899289100468,2.68006091177464,0.43));
#5603=CARTESIAN_POINT('',(0.000508849642532651,2.68006091177464,0.43));
#5604=CARTESIAN_POINT('',(0.000508849642532651,2.68006091177464,0.539812678471208));
#5605=CARTESIAN_POINT('',(-0.385721078353572,2.68006091177464,0.539812678471208));
#5606=CARTESIAN_POINT('',(0.33373488506918,2.68006091177464,0.539812678471208));
#5607=CARTESIAN_POINT('',(-0.385721078353572,2.68006091177464,0.41668778679018));
#5608=CARTESIAN_POINT('',(-0.508845970034599,2.68006091177464,0.41668778679018));
#5609=CARTESIAN_POINT('',(-0.508845970034599,2.68006091177464,0.43));
#5610=CARTESIAN_POINT('',(-0.508845970034599,2.68006091177464,0.261291752823991));
#5611=CARTESIAN_POINT('',(-0.385721078353572,2.68006091177464,0.261291752823991));
#5612=CARTESIAN_POINT('',(-0.385721078353572,2.68006091177464,0.138166861142963));
#5613=CARTESIAN_POINT('',(0.000508849642532651,2.68006091177464,0.138166861142963));
#5614=CARTESIAN_POINT('',(0.333734885069179,2.68006091177464,0.138166861142963));
#5615=CARTESIAN_POINT('',(0.333734885069179,2.68006091177464,0.261291752823991));
#5616=CARTESIAN_POINT('',(0.456859776750207,2.68006091177464,0.261291752823991));
#5617=CARTESIAN_POINT('',(0.456859776750207,2.68006091177464,0.43));
#5618=CARTESIAN_POINT('',(0.456859776750207,2.68006091177464,0.41668778679018));
#5619=CARTESIAN_POINT('',(0.33373488506918,2.68006091177464,0.41668778679018));
#5620=CARTESIAN_POINT('',(0.940010590289744,2.68006091177464,0.43));
#5621=CARTESIAN_POINT('',(0.940010590289743,2.15792887741867,0.43));
#5622=CARTESIAN_POINT('',(1.46214262464571,2.15792887741867,0.43));
#5623=CARTESIAN_POINT('',(1.46214262464571,0.647217314690352,0.43));
#5624=CARTESIAN_POINT('',(1.46214262464571,-0.863494248037968,0.43));
#5625=CARTESIAN_POINT('',(0.940010590289744,-0.863494248037968,0.43));
#5626=CARTESIAN_POINT('',(0.940010590289745,-1.38562628239393,0.43));
#5627=CARTESIAN_POINT('',(0.000508849642532998,-1.38562628239393,0.43));
#5628=CARTESIAN_POINT('',(-0.982047338038683,-0.238925986923278,-1.74357311124981));
#5629=CARTESIAN_POINT('',(-0.883170403540134,-0.238925986923278,-1.74357311124981));
#5630=CARTESIAN_POINT('',(-1.08092427253723,-0.238925986923278,-1.74357311124981));
#5631=CARTESIAN_POINT('',(-1.08092427253723,-0.435947475489229,-1.74357311124981));
#5632=CARTESIAN_POINT('',(-1.08092427253723,-0.632968964055181,-1.74357311124981));
#5633=CARTESIAN_POINT('',(-0.982047338038683,-0.632968964055181,-1.74357311124981));
#5634=CARTESIAN_POINT('',(-0.883170403540134,-0.632968964055181,-1.74357311124981));
#5635=CARTESIAN_POINT('',(-0.883170403540134,-0.435947475489229,-1.74357311124981));
#5636=CARTESIAN_POINT('',(-0.0259930966421962,2.44988497340964,0.338989769807086));
#5637=CARTESIAN_POINT('',(-0.385721078353572,2.44988497340964,0.41668778679018));
#5638=CARTESIAN_POINT('',(-0.385721078353572,2.44988497340964,0.539812678471208));
#5639=CARTESIAN_POINT('',(-0.0259930966421962,2.44988497340964,0.539812678471208));
#5640=CARTESIAN_POINT('',(0.333734885069179,2.44988497340964,0.539812678471208));
#5641=CARTESIAN_POINT('',(0.33373488506918,2.44988497340964,0.41668778679018));
#5642=CARTESIAN_POINT('',(-0.385721078353572,4.94988497340964,0.41668778679018));
#5643=CARTESIAN_POINT('',(-0.508845970034599,4.94988497340964,0.41668778679018));
#5644=CARTESIAN_POINT('',(-0.385721078353572,4.94988497340964,0.539812678471208));
#5645=CARTESIAN_POINT('',(-0.508845970034599,4.94988497340964,0.338989769807086));
#5646=CARTESIAN_POINT('',(-0.508845970034599,4.94988497340964,0.261291752823991));
#5647=CARTESIAN_POINT('',(-0.385721078353572,4.94988497340964,0.261291752823991));
#5648=CARTESIAN_POINT('',(-0.385721078353572,4.94988497340964,0.138166861142963));
#5649=CARTESIAN_POINT('',(-0.0259930966421962,4.94988497340964,0.138166861142963));
#5650=CARTESIAN_POINT('',(0.333734885069179,4.94988497340964,0.138166861142963));
#5651=CARTESIAN_POINT('',(0.333734885069179,4.94988497340964,0.261291752823991));
#5652=CARTESIAN_POINT('',(0.456859776750207,4.94988497340964,0.261291752823991));
#5653=CARTESIAN_POINT('',(0.456859776750207,4.94988497340964,0.338989769807086));
#5654=CARTESIAN_POINT('',(0.456859776750207,4.94988497340964,0.41668778679018));
#5655=CARTESIAN_POINT('',(0.33373488506918,4.94988497340964,0.41668778679018));
#5656=CARTESIAN_POINT('',(0.333734885069179,4.94988497340964,0.539812678471208));
#5657=CARTESIAN_POINT('',(-0.0259930966421962,4.94988497340964,0.539812678471208));
#5658=CARTESIAN_POINT('',(1.11066724562612,2.21944568323191,0.55));
#5659=CARTESIAN_POINT('',(1.11066724562612,2.21944568323191,0.59));
#5660=CARTESIAN_POINT('',(1.11066724562612,2.1633130424009,0.55));
#5661=CARTESIAN_POINT('',(1.11066724562612,2.1633130424009,0.59));
#5662=CARTESIAN_POINT('',(1.0951525299516,2.11943236587939,0.55));
#5663=CARTESIAN_POINT('',(1.0951525299516,2.11943236587939,0.59));
#5664=CARTESIAN_POINT('',(1.06412309860255,2.08780365366739,0.55));
#5665=CARTESIAN_POINT('',(1.06412309860255,2.08780365366739,0.59));
#5666=CARTESIAN_POINT('',(1.11066724562612,2.21944568323191,0.55));
#5667=CARTESIAN_POINT('',(1.11066724562612,2.21944568323191,0.55));
#5668=CARTESIAN_POINT('',(1.11066724562612,2.21944568323191,0.55));
#5669=CARTESIAN_POINT('',(1.11066724562612,2.1352467219854,0.55));
#5670=CARTESIAN_POINT('',(1.06412309860255,2.08780365366739,0.55));
#5671=CARTESIAN_POINT('',(1.06412309860255,2.08780365366739,0.55));
#5672=CARTESIAN_POINT('',(1.06412309860255,2.08780365366739,0.55));
#5673=CARTESIAN_POINT('',(1.10457455685265,2.28876250304813,0.55));
#5674=CARTESIAN_POINT('',(1.10457455685265,2.28876250304813,0.59));
#5675=CARTESIAN_POINT('',(1.1086363493683,2.26985186248347,0.55));
#5676=CARTESIAN_POINT('',(1.1086363493683,2.26985186248347,0.59));
#5677=CARTESIAN_POINT('',(1.11066724562612,2.24674625587807,0.55));
#5678=CARTESIAN_POINT('',(1.11066724562612,2.24674625587807,0.59));
#5679=CARTESIAN_POINT('',(1.11066724562612,2.21944568323191,0.55));
#5680=CARTESIAN_POINT('',(1.11066724562612,2.21944568323191,0.59));
#5681=CARTESIAN_POINT('',(1.10457455685265,2.28876250304813,0.55));
#5682=CARTESIAN_POINT('',(1.10457455685265,2.28876250304813,0.55));
#5683=CARTESIAN_POINT('',(1.10457455685265,2.28876250304813,0.55));
#5684=CARTESIAN_POINT('',(1.11066724562612,2.26039654220114,0.55));
#5685=CARTESIAN_POINT('',(1.11066724562612,2.21944568323191,0.55));
#5686=CARTESIAN_POINT('',(0.885588884829894,2.24248916390118,0.55));
#5687=CARTESIAN_POINT('',(1.0860088416171,2.34209849985196,0.55));
#5688=CARTESIAN_POINT('',(1.0860088416171,2.34209849985196,0.55));
#5689=CARTESIAN_POINT('',(0.885588884829894,2.24248916390118,0.55));
#5690=CARTESIAN_POINT('',(1.04914107702844,2.34209849985196,0.55));
#5691=CARTESIAN_POINT('',(1.012236856827,2.34209849985196,0.55));
#5692=CARTESIAN_POINT('',(1.01228530395613,2.34209849985196,0.55));
#5693=CARTESIAN_POINT('',(1.04914107702844,2.34209849985196,0.55));
#5694=CARTESIAN_POINT('',(0.744560767565727,2.21304968851302,0.55));
#5695=CARTESIAN_POINT('',(1.03321019408797,2.28346885542528,0.55));
#5696=CARTESIAN_POINT('',(1.03323205782423,2.28347416894273,0.55));
#5697=CARTESIAN_POINT('',(0.744560767565727,2.21304968851302,0.55));
#5698=CARTESIAN_POINT('',(0.777480242680384,2.22547381070458,0.55));
#5699=CARTESIAN_POINT('',(1.03975234350866,2.22384040956031,0.55));
#5700=CARTESIAN_POINT('',(1.03975234350866,2.22384040956031,0.55));
#5701=CARTESIAN_POINT('',(0.777480242680384,2.22547381070458,0.55));
#5702=CARTESIAN_POINT('',(1.01697967071601,2.16081603880522,0.55));
#5703=CARTESIAN_POINT('',(1.01697967071601,2.16081603880522,0.59));
#5704=CARTESIAN_POINT('',(1.03216145257778,2.17579806037933,0.55));
#5705=CARTESIAN_POINT('',(1.03216145257778,2.17579806037933,0.59));
#5706=CARTESIAN_POINT('',(1.03975234350866,2.19680618396436,0.55));
#5707=CARTESIAN_POINT('',(1.03975234350866,2.19680618396436,0.59));
#5708=CARTESIAN_POINT('',(1.03975234350866,2.22384040956031,0.55));
#5709=CARTESIAN_POINT('',(1.03975234350866,2.22384040956031,0.59));
#5710=CARTESIAN_POINT('',(1.01697967071601,2.16081603880522,0.55));
#5711=CARTESIAN_POINT('',(1.01697967071601,2.16081603880522,0.55));
#5712=CARTESIAN_POINT('',(1.01697967071601,2.16081603880522,0.55));
#5713=CARTESIAN_POINT('',(1.03975234350866,2.18328907116639,0.55));
#5714=CARTESIAN_POINT('',(1.03975234350866,2.22384040956031,0.55));
#5715=CARTESIAN_POINT('',(0.953655659529439,2.13674492414281,0.55));
#5716=CARTESIAN_POINT('',(0.953655659529439,2.13674492414281,0.59));
#5717=CARTESIAN_POINT('',(0.98068988512539,2.13781031234364,0.55));
#5718=CARTESIAN_POINT('',(0.98068988512539,2.13781031234364,0.59));
#5719=CARTESIAN_POINT('',(1.00179788885425,2.14583401723111,0.55));
#5720=CARTESIAN_POINT('',(1.00179788885425,2.14583401723111,0.59));
#5721=CARTESIAN_POINT('',(1.01697967071601,2.16081603880522,0.55));
#5722=CARTESIAN_POINT('',(1.01697967071601,2.16081603880522,0.59));
#5723=CARTESIAN_POINT('',(0.953655659529439,2.13674492414281,0.55));
#5724=CARTESIAN_POINT('',(0.953655659529439,2.13674492414281,0.55));
#5725=CARTESIAN_POINT('',(0.953655659529439,2.13674492414281,0.55));
#5726=CARTESIAN_POINT('',(0.994206997923366,2.13834300644405,0.55));
#5727=CARTESIAN_POINT('',(1.01697967071601,2.16081603880522,0.55));
#5728=CARTESIAN_POINT('',(0.953655659529439,2.24925990616438,0.55));
#5729=CARTESIAN_POINT('',(0.953655659529439,2.36177488818596,0.55));
#5730=CARTESIAN_POINT('',(0.953655659529439,2.36177488818596,0.55));
#5731=CARTESIAN_POINT('',(0.953655659529439,2.24925990616438,0.55));
#5732=CARTESIAN_POINT('',(0.930533406233394,2.36177488818596,0.55));
#5733=CARTESIAN_POINT('',(0.90741115293735,2.36177488818596,0.55));
#5734=CARTESIAN_POINT('',(0.90741115293735,2.36177488818596,0.55));
#5735=CARTESIAN_POINT('',(0.930533406233394,2.36177488818596,0.55));
#5736=CARTESIAN_POINT('',(0.791000845306507,2.32057432885715,0.55));
#5737=CARTESIAN_POINT('',(0.791000845306507,2.32057432885715,0.59));
#5738=CARTESIAN_POINT('',(0.819067165722008,2.34804136840969,0.55));
#5739=CARTESIAN_POINT('',(0.819067165722008,2.34804136840969,0.59));
#5740=CARTESIAN_POINT('',(0.857870601598956,2.36177488818596,0.55));
#5741=CARTESIAN_POINT('',(0.857870601598956,2.36177488818596,0.59));
#5742=CARTESIAN_POINT('',(0.90741115293735,2.36177488818596,0.55));
#5743=CARTESIAN_POINT('',(0.90741115293735,2.36177488818596,0.59));
#5744=CARTESIAN_POINT('',(0.791000845306507,2.32057432885715,0.55));
#5745=CARTESIAN_POINT('',(0.791000845306507,2.32057432885715,0.55));
#5746=CARTESIAN_POINT('',(0.791000845306507,2.32057432885715,0.55));
#5747=CARTESIAN_POINT('',(0.833100325929759,2.36177488818596,0.55));
#5748=CARTESIAN_POINT('',(0.90741115293735,2.36177488818596,0.55));
#5749=CARTESIAN_POINT('',(0.748901364683255,2.20546246309607,0.55));
#5750=CARTESIAN_POINT('',(0.748901364683255,2.20546246309607,0.59));
#5751=CARTESIAN_POINT('',(0.748901364683255,2.25473666738426,0.55));
#5752=CARTESIAN_POINT('',(0.748901364683255,2.25473666738426,0.59));
#5753=CARTESIAN_POINT('',(0.762934524891006,2.29310728930462,0.55));
#5754=CARTESIAN_POINT('',(0.762934524891006,2.29310728930462,0.59));
#5755=CARTESIAN_POINT('',(0.791000845306507,2.32057432885715,0.55));
#5756=CARTESIAN_POINT('',(0.791000845306507,2.32057432885715,0.59));
#5757=CARTESIAN_POINT('',(0.748901364683255,2.20546246309607,0.55));
#5758=CARTESIAN_POINT('',(0.748901364683255,2.20546246309607,0.55));
#5759=CARTESIAN_POINT('',(0.748901364683255,2.20546246309607,0.55));
#5760=CARTESIAN_POINT('',(0.748901364683255,2.27937376952835,0.55));
#5761=CARTESIAN_POINT('',(0.791000845306507,2.32057432885715,0.55));
#5762=CARTESIAN_POINT('',(0.796793893648496,2.0842079684896,0.55));
#5763=CARTESIAN_POINT('',(0.796793893648496,2.0842079684896,0.59));
#5764=CARTESIAN_POINT('',(0.764865541005002,2.11343955724975,0.55));
#5765=CARTESIAN_POINT('',(0.764865541005002,2.11343955724975,0.59));
#5766=CARTESIAN_POINT('',(0.748901364683255,2.15385772211858,0.55));
#5767=CARTESIAN_POINT('',(0.748901364683255,2.15385772211858,0.59));
#5768=CARTESIAN_POINT('',(0.748901364683255,2.20546246309607,0.55));
#5769=CARTESIAN_POINT('',(0.748901364683255,2.20546246309607,0.59));
#5770=CARTESIAN_POINT('',(0.796793893648496,2.0842079684896,0.55));
#5771=CARTESIAN_POINT('',(0.796793893648496,2.0842079684896,0.55));
#5772=CARTESIAN_POINT('',(0.796793893648496,2.0842079684896,0.55));
#5773=CARTESIAN_POINT('',(0.748901364683255,2.12805535162983,0.55));
#5774=CARTESIAN_POINT('',(0.748901364683255,2.20546246309607,0.55));
#5775=CARTESIAN_POINT('',(0.932381188894201,2.04036058534936,0.55));
#5776=CARTESIAN_POINT('',(0.932381188894201,2.04036058534936,0.59));
#5777=CARTESIAN_POINT('',(0.873918011373892,2.04036058534936,0.55));
#5778=CARTESIAN_POINT('',(0.873918011373892,2.04036058534936,0.59));
#5779=CARTESIAN_POINT('',(0.828722246291991,2.05497637972944,0.55));
#5780=CARTESIAN_POINT('',(0.828722246291991,2.05497637972944,0.59));
#5781=CARTESIAN_POINT('',(0.796793893648496,2.0842079684896,0.55));
#5782=CARTESIAN_POINT('',(0.796793893648496,2.0842079684896,0.59));
#5783=CARTESIAN_POINT('',(0.932381188894201,2.04036058534936,0.55));
#5784=CARTESIAN_POINT('',(0.932381188894201,2.04036058534936,0.55));
#5785=CARTESIAN_POINT('',(0.932381188894201,2.04036058534936,0.55));
#5786=CARTESIAN_POINT('',(0.844686422613738,2.04036058534936,0.55));
#5787=CARTESIAN_POINT('',(0.796793893648496,2.0842079684896,0.55));
#5788=CARTESIAN_POINT('',(0.816620102198237,2.20606174395903,0.55));
#5789=CARTESIAN_POINT('',(0.816620102198237,2.20606174395903,0.59));
#5790=CARTESIAN_POINT('',(0.816620102198237,2.1858859549059,0.55));
#5791=CARTESIAN_POINT('',(0.816620102198237,2.1858859549059,0.59));
#5792=CARTESIAN_POINT('',(0.823012431403191,2.17007159879989,0.55));
#5793=CARTESIAN_POINT('',(0.823012431403191,2.17007159879989,0.59));
#5794=CARTESIAN_POINT('',(0.835797089813099,2.15861867564101,0.55));
#5795=CARTESIAN_POINT('',(0.835797089813099,2.15861867564101,0.59));
#5796=CARTESIAN_POINT('',(0.816620102198237,2.20606174395903,0.59));
#5797=CARTESIAN_POINT('',(0.816620102198237,2.17579806037933,0.59));
#5798=CARTESIAN_POINT('',(0.835797089813099,2.15861867564101,0.59));
#5799=CARTESIAN_POINT('',(0.816620102198237,2.20606174395903,0.59));
#5800=CARTESIAN_POINT('',(0.835797089813099,2.15861867564101,0.59));
#5801=CARTESIAN_POINT('',(0.816620102198237,2.20606174395903,0.55));
#5802=CARTESIAN_POINT('',(0.816620102198237,2.20606174395903,0.55));
#5803=CARTESIAN_POINT('',(0.816620102198237,2.20606174395903,0.55));
#5804=CARTESIAN_POINT('',(0.816620102198237,2.17579806037933,0.55));
#5805=CARTESIAN_POINT('',(0.835797089813099,2.15861867564101,0.55));
#5806=CARTESIAN_POINT('',(0.835797089813099,2.15861867564101,0.55));
#5807=CARTESIAN_POINT('',(0.835797089813099,2.15861867564101,0.55));
#5808=CARTESIAN_POINT('',(0.835797089813099,2.25410409314002,0.55));
#5809=CARTESIAN_POINT('',(0.835797089813099,2.25410409314002,0.59));
#5810=CARTESIAN_POINT('',(0.823012431403191,2.24225164940583,0.55));
#5811=CARTESIAN_POINT('',(0.823012431403191,2.24225164940583,0.59));
#5812=CARTESIAN_POINT('',(0.816620102198237,2.22623753301217,0.55));
#5813=CARTESIAN_POINT('',(0.816620102198237,2.22623753301217,0.59));
#5814=CARTESIAN_POINT('',(0.816620102198237,2.20606174395903,0.55));
#5815=CARTESIAN_POINT('',(0.816620102198237,2.20606174395903,0.59));
#5816=CARTESIAN_POINT('',(0.835797089813099,2.25410409314002,0.59));
#5817=CARTESIAN_POINT('',(0.816620102198237,2.23632542753873,0.59));
#5818=CARTESIAN_POINT('',(0.816620102198237,2.20606174395903,0.59));
#5819=CARTESIAN_POINT('',(0.835797089813099,2.25410409314002,0.59));
#5820=CARTESIAN_POINT('',(0.835797089813099,2.25410409314002,0.55));
#5821=CARTESIAN_POINT('',(0.835797089813099,2.25410409314002,0.55));
#5822=CARTESIAN_POINT('',(0.835797089813099,2.25410409314002,0.55));
#5823=CARTESIAN_POINT('',(0.816620102198237,2.23632542753873,0.55));
#5824=CARTESIAN_POINT('',(0.816620102198237,2.20606174395903,0.55));
#5825=CARTESIAN_POINT('',(0.890231768199036,2.27258191974808,0.55));
#5826=CARTESIAN_POINT('',(0.890231768199036,2.27258191974808,0.59));
#5827=CARTESIAN_POINT('',(0.866726641018319,2.27211581241022,0.55));
#5828=CARTESIAN_POINT('',(0.866726641018319,2.27211581241022,0.59));
#5829=CARTESIAN_POINT('',(0.848581748223007,2.2659565368742,0.55));
#5830=CARTESIAN_POINT('',(0.848581748223007,2.2659565368742,0.59));
#5831=CARTESIAN_POINT('',(0.835797089813099,2.25410409314002,0.55));
#5832=CARTESIAN_POINT('',(0.835797089813099,2.25410409314002,0.59));
#5833=CARTESIAN_POINT('',(0.890231768199036,2.27258191974808,0.59));
#5834=CARTESIAN_POINT('',(0.854974077427961,2.27188275874129,0.59));
#5835=CARTESIAN_POINT('',(0.835797089813099,2.25410409314002,0.59));
#5836=CARTESIAN_POINT('',(0.890231768199036,2.27258191974808,0.59));
#5837=CARTESIAN_POINT('',(0.890231768199036,2.27258191974808,0.55));
#5838=CARTESIAN_POINT('',(0.890231768199036,2.27258191974808,0.55));
#5839=CARTESIAN_POINT('',(0.890231768199036,2.27258191974808,0.55));
#5840=CARTESIAN_POINT('',(0.854974077427961,2.27188275874129,0.55));
#5841=CARTESIAN_POINT('',(0.835797089813099,2.25410409314002,0.55));
#5842=CARTESIAN_POINT('',(0.890231768199036,2.20576210352755,0.55));
#5843=CARTESIAN_POINT('',(0.890231768199036,2.20576210352755,0.59));
#5844=CARTESIAN_POINT('',(0.890231768199036,2.13894228730701,0.59));
#5845=CARTESIAN_POINT('',(0.890231768199036,2.13894228730701,0.55));
#5846=CARTESIAN_POINT('',(0.890231768199036,2.13894228730701,0.55));
#5847=CARTESIAN_POINT('',(0.890231768199036,2.20576210352755,0.55));
#5848=CARTESIAN_POINT('',(0.835797089813099,2.15861867564101,0.55));
#5849=CARTESIAN_POINT('',(0.835797089813099,2.15861867564101,0.59));
#5850=CARTESIAN_POINT('',(0.848581748223007,2.14716575248214,0.55));
#5851=CARTESIAN_POINT('',(0.848581748223007,2.14716575248214,0.59));
#5852=CARTESIAN_POINT('',(0.866726641018319,2.14060695637081,0.55));
#5853=CARTESIAN_POINT('',(0.866726641018319,2.14060695637081,0.59));
#5854=CARTESIAN_POINT('',(0.890231768199036,2.13894228730701,0.55));
#5855=CARTESIAN_POINT('',(0.890231768199036,2.13894228730701,0.59));
#5856=CARTESIAN_POINT('',(0.835797089813099,2.15861867564101,0.59));
#5857=CARTESIAN_POINT('',(0.854974077427961,2.1414392909027,0.59));
#5858=CARTESIAN_POINT('',(0.890231768199036,2.13894228730701,0.59));
#5859=CARTESIAN_POINT('',(0.835797089813099,2.15861867564101,0.55));
#5860=CARTESIAN_POINT('',(0.854974077427961,2.1414392909027,0.55));
#5861=CARTESIAN_POINT('',(0.890231768199036,2.13894228730701,0.55));
#5862=CARTESIAN_POINT('',(1.06412309860255,2.08780365366739,0.55));
#5863=CARTESIAN_POINT('',(1.06412309860255,2.08780365366739,0.59));
#5864=CARTESIAN_POINT('',(1.0330936672535,2.05617494145537,0.55));
#5865=CARTESIAN_POINT('',(1.0330936672535,2.05617494145537,0.59));
#5866=CARTESIAN_POINT('',(0.98917969735072,2.04036058534936,0.55));
#5867=CARTESIAN_POINT('',(0.98917969735072,2.04036058534936,0.59));
#5868=CARTESIAN_POINT('',(0.932381188894201,2.04036058534936,0.55));
#5869=CARTESIAN_POINT('',(0.932381188894201,2.04036058534936,0.59));
#5870=CARTESIAN_POINT('',(1.06412309860255,2.08780365366739,0.55));
#5871=CARTESIAN_POINT('',(1.01757895157898,2.04036058534936,0.55));
#5872=CARTESIAN_POINT('',(0.932381188894201,2.04036058534936,0.55));
#5873=CARTESIAN_POINT('',(0.000508849642532824,0.647217314690352,0.55));
#5874=CARTESIAN_POINT('',(0.000508849642532824,0.647217314690352,0.59));
#5875=CARTESIAN_POINT('',(0.929884185298516,-0.291491192517196,0.55));
#5876=CARTESIAN_POINT('',(1.104374796565,-0.225020956800056,0.55));
#5877=CARTESIAN_POINT('',(1.104374796565,-0.225020956800056,0.55));
#5878=CARTESIAN_POINT('',(0.929884185298516,-0.291491192517196,0.55));
#5879=CARTESIAN_POINT('',(0.755393574032036,-0.357961428234335,0.55));
#5880=CARTESIAN_POINT('',(0.755393574032036,-0.357961428234335,0.55));
#5881=CARTESIAN_POINT('',(1.104374796565,-0.176179566468454,0.55));
#5882=CARTESIAN_POINT('',(1.104374796565,-0.127338176136852,0.55));
#5883=CARTESIAN_POINT('',(1.104374796565,-0.127338176136852,0.55));
#5884=CARTESIAN_POINT('',(1.104374796565,-0.176179566468454,0.55));
#5885=CARTESIAN_POINT('',(0.929884185298516,-0.060818000347799,0.55));
#5886=CARTESIAN_POINT('',(0.755393574032036,0.00570217544125406,0.55));
#5887=CARTESIAN_POINT('',(0.755393574032036,0.00570217544125406,0.55));
#5888=CARTESIAN_POINT('',(0.929884185298516,-0.060818000347799,0.55));
#5889=CARTESIAN_POINT('',(0.755393574032036,-0.0440880762567083,0.55));
#5890=CARTESIAN_POINT('',(0.755393574032036,-0.0938783279546707,0.55));
#5891=CARTESIAN_POINT('',(0.755393574032036,-0.0938783279546707,0.55));
#5892=CARTESIAN_POINT('',(0.755393574032036,-0.0440880762567083,0.55));
#5893=CARTESIAN_POINT('',(0.85482425721222,-0.12743805628068,0.55));
#5894=CARTESIAN_POINT('',(0.954254940392403,-0.160997784606689,0.55));
#5895=CARTESIAN_POINT('',(0.954254940392403,-0.160997784606689,0.55));
#5896=CARTESIAN_POINT('',(0.85482425721222,-0.12743805628068,0.55));
#5897=CARTESIAN_POINT('',(1.025669243229,-0.175080884886353,0.55));
#5898=CARTESIAN_POINT('',(1.025669243229,-0.175080884886353,0.59));
#5899=CARTESIAN_POINT('',(1.00569321446352,-0.174015496685527,0.55));
#5900=CARTESIAN_POINT('',(1.00569321446352,-0.174015496685527,0.59));
#5901=CARTESIAN_POINT('',(0.981888446851319,-0.169321129925639,0.55));
#5902=CARTESIAN_POINT('',(0.981888446851319,-0.169321129925639,0.59));
#5903=CARTESIAN_POINT('',(0.954254940392403,-0.160997784606689,0.55));
#5904=CARTESIAN_POINT('',(0.954254940392403,-0.160997784606689,0.59));
#5905=CARTESIAN_POINT('',(1.025669243229,-0.175080884886353,0.55));
#5906=CARTESIAN_POINT('',(1.025669243229,-0.175080884886353,0.55));
#5907=CARTESIAN_POINT('',(1.025669243229,-0.175080884886353,0.55));
#5908=CARTESIAN_POINT('',(0.995705200080777,-0.173482802585115,0.55));
#5909=CARTESIAN_POINT('',(0.954254940392403,-0.160997784606689,0.55));
#5910=CARTESIAN_POINT('',(1.025669243229,-0.1759798061808,0.55));
#5911=CARTESIAN_POINT('',(1.025669243229,-0.176829870122809,0.55));
#5912=CARTESIAN_POINT('',(1.025669243229,-0.176829870122809,0.55));
#5913=CARTESIAN_POINT('',(1.025669243229,-0.1759798061808,0.55));
#5914=CARTESIAN_POINT('',(1.06013682573181,-0.537306215465619,0.55));
#5915=CARTESIAN_POINT('',(0.954254940392403,-0.19096182775491,0.55));
#5916=CARTESIAN_POINT('',(0.954261842486194,-0.190984404812735,0.550000025));
#5917=CARTESIAN_POINT('',(1.06013682573181,-0.537306215465619,0.55));
#5918=CARTESIAN_POINT('',(0.85482425721222,-0.22467137629666,0.55));
#5919=CARTESIAN_POINT('',(0.755393574032036,-0.258380924838411,0.55));
#5920=CARTESIAN_POINT('',(0.755393574032036,-0.258380924838411,0.55));
#5921=CARTESIAN_POINT('',(0.85482425721222,-0.22467137629666,0.55));
#5922=CARTESIAN_POINT('',(0.755393574032036,-0.308171176536373,0.55));
#5923=CARTESIAN_POINT('',(0.755393574032036,-0.308171176536373,0.55));
#5924=CARTESIAN_POINT('',(0.000508849642532824,0.647217314690352,0.55));
#5925=CARTESIAN_POINT('',(1.104374796565,0.480881959700143,0.55));
#5926=CARTESIAN_POINT('',(1.104374796565,0.528474848233903,0.55));
#5927=CARTESIAN_POINT('',(1.104374796565,0.528474848233903,0.55));
#5928=CARTESIAN_POINT('',(1.104374796565,0.480881959700143,0.55));
#5929=CARTESIAN_POINT('',(1.104374796565,0.433289071166384,0.55));
#5930=CARTESIAN_POINT('',(1.104374796565,0.433289071166384,0.55));
#5931=CARTESIAN_POINT('',(0.861516226848656,0.528474848233903,0.55));
#5932=CARTESIAN_POINT('',(0.618657657132316,0.528474848233903,0.55));
#5933=CARTESIAN_POINT('',(0.618657657132316,0.528474848233903,0.55));
#5934=CARTESIAN_POINT('',(0.861516226848656,0.528474848233903,0.55));
#5935=CARTESIAN_POINT('',(0.618657657132316,0.480881959700143,0.55));
#5936=CARTESIAN_POINT('',(0.618657657132316,0.433289071166384,0.55));
#5937=CARTESIAN_POINT('',(0.618657657132316,0.433289071166384,0.55));
#5938=CARTESIAN_POINT('',(0.618657657132316,0.480881959700143,0.55));
#5939=CARTESIAN_POINT('',(0.861516226848656,0.433289071166384,0.55));
#5940=CARTESIAN_POINT('',(0.861516226848656,0.433289071166384,0.55));
#5941=CARTESIAN_POINT('',(0.000508849642532824,0.647217314690352,0.55));
#5942=CARTESIAN_POINT('',(1.00069920727215,0.871862782712529,0.55));
#5943=CARTESIAN_POINT('',(1.00069920727215,0.871862782712529,0.59));
#5944=CARTESIAN_POINT('',(1.03652288552491,0.871862782712529,0.55));
#5945=CARTESIAN_POINT('',(1.03652288552491,0.871862782712529,0.59));
#5946=CARTESIAN_POINT('',(1.06380681148043,0.859427704806017,0.55));
#5947=CARTESIAN_POINT('',(1.06380681148043,0.859427704806017,0.59));
#5948=CARTESIAN_POINT('',(1.08255098513871,0.834557548992992,0.55));
#5949=CARTESIAN_POINT('',(1.08255098513871,0.834557548992992,0.59));
#5950=CARTESIAN_POINT('',(1.00069920727215,0.871862782712529,0.55));
#5951=CARTESIAN_POINT('',(1.00069920727215,0.871862782712529,0.55));
#5952=CARTESIAN_POINT('',(1.00069920727215,0.871862782712529,0.55));
#5953=CARTESIAN_POINT('',(1.05443472465129,0.871862782712529,0.55));
#5954=CARTESIAN_POINT('',(1.08255098513871,0.834557548992992,0.55));
#5955=CARTESIAN_POINT('',(1.08255098513871,0.834557548992992,0.55));
#5956=CARTESIAN_POINT('',(1.08255098513871,0.834557548992992,0.55));
#5957=CARTESIAN_POINT('',(0.956102723053211,0.862773689624235,0.55));
#5958=CARTESIAN_POINT('',(0.956102723053211,0.862773689624235,0.59));
#5959=CARTESIAN_POINT('',(0.968587741031636,0.868833085016431,0.55));
#5960=CARTESIAN_POINT('',(0.968587741031636,0.868833085016431,0.59));
#5961=CARTESIAN_POINT('',(0.983453235771282,0.871862782712529,0.55));
#5962=CARTESIAN_POINT('',(0.983453235771282,0.871862782712529,0.59));
#5963=CARTESIAN_POINT('',(1.00069920727215,0.871862782712529,0.55));
#5964=CARTESIAN_POINT('',(1.00069920727215,0.871862782712529,0.59));
#5965=CARTESIAN_POINT('',(0.956102723053211,0.862773689624235,0.55));
#5966=CARTESIAN_POINT('',(0.956102723053211,0.862773689624235,0.55));
#5967=CARTESIAN_POINT('',(0.956102723053211,0.862773689624235,0.55));
#5968=CARTESIAN_POINT('',(0.974830250020849,0.871862782712529,0.55));
#5969=CARTESIAN_POINT('',(1.00069920727215,0.871862782712529,0.55));
#5970=CARTESIAN_POINT('',(0.997495973844478,0.781011317064141,0.55));
#5971=CARTESIAN_POINT('',(0.923042395446339,0.834657429136819,0.55));
#5972=CARTESIAN_POINT('',(0.923042395446339,0.834657429136819,0.55));
#5973=CARTESIAN_POINT('',(0.997495973844478,0.781011317064141,0.55));
#5974=CARTESIAN_POINT('',(0.892129490931756,0.774779282912289,0.55));
#5975=CARTESIAN_POINT('',(0.892129490931756,0.774779282912289,0.59));
#5976=CARTESIAN_POINT('',(0.903182893515323,0.802013268795895,0.55));
#5977=CARTESIAN_POINT('',(0.903182893515323,0.802013268795895,0.59));
#5978=CARTESIAN_POINT('',(0.913487195020183,0.821972650870738,0.55));
#5979=CARTESIAN_POINT('',(0.913487195020183,0.821972650870738,0.59));
#5980=CARTESIAN_POINT('',(0.923042395446339,0.834657429136819,0.55));
#5981=CARTESIAN_POINT('',(0.923042395446339,0.834657429136819,0.59));
#5982=CARTESIAN_POINT('',(0.892129490931756,0.774779282912289,0.55));
#5983=CARTESIAN_POINT('',(0.892129490931756,0.774779282912289,0.55));
#5984=CARTESIAN_POINT('',(0.892129490931756,0.774779282912289,0.55));
#5985=CARTESIAN_POINT('',(0.908709594807106,0.815630261737698,0.55));
#5986=CARTESIAN_POINT('',(0.923042395446339,0.834657429136819,0.55));
#5987=CARTESIAN_POINT('',(0.864362810947737,0.715250717191154,0.55));
#5988=CARTESIAN_POINT('',(0.864362810947737,0.715250717191154,0.59));
#5989=CARTESIAN_POINT('',(0.870621966627588,0.724306516898173,0.55));
#5990=CARTESIAN_POINT('',(0.870621966627588,0.724306516898173,0.59));
#5991=CARTESIAN_POINT('',(0.879877526622261,0.744149372138551,0.55));
#5992=CARTESIAN_POINT('',(0.879877526622261,0.744149372138551,0.59));
#5993=CARTESIAN_POINT('',(0.892129490931756,0.774779282912289,0.55));
#5994=CARTESIAN_POINT('',(0.892129490931756,0.774779282912289,0.59));
#5995=CARTESIAN_POINT('',(0.864362810947737,0.715250717191154,0.55));
#5996=CARTESIAN_POINT('',(0.864362810947737,0.715250717191154,0.55));
#5997=CARTESIAN_POINT('',(0.864362810947737,0.715250717191154,0.55));
#5998=CARTESIAN_POINT('',(0.873751544467513,0.728834416751682,0.55));
#5999=CARTESIAN_POINT('',(0.892129490931756,0.774779282912289,0.55));
#6000=CARTESIAN_POINT('',(0.842189419018053,0.701667017630627,0.55));
#6001=CARTESIAN_POINT('',(0.842189419018053,0.701667017630627,0.59));
#6002=CARTESIAN_POINT('',(0.850712524624658,0.701667017630627,0.55));
#6003=CARTESIAN_POINT('',(0.850712524624658,0.701667017630627,0.59));
#6004=CARTESIAN_POINT('',(0.858103655267886,0.706194917484136,0.55));
#6005=CARTESIAN_POINT('',(0.858103655267886,0.706194917484136,0.59));
#6006=CARTESIAN_POINT('',(0.864362810947737,0.715250717191154,0.55));
#6007=CARTESIAN_POINT('',(0.864362810947737,0.715250717191154,0.59));
#6008=CARTESIAN_POINT('',(0.842189419018053,0.701667017630627,0.55));
#6009=CARTESIAN_POINT('',(0.842189419018053,0.701667017630627,0.55));
#6010=CARTESIAN_POINT('',(0.842189419018053,0.701667017630627,0.55));
#6011=CARTESIAN_POINT('',(0.854974077427961,0.701667017630627,0.55));
#6012=CARTESIAN_POINT('',(0.864362810947737,0.715250717191154,0.55));
#6013=CARTESIAN_POINT('',(0.819416746225404,0.743816438325793,0.55));
#6014=CARTESIAN_POINT('',(0.819416746225404,0.743816438325793,0.59));
#6015=CARTESIAN_POINT('',(0.819416746225404,0.715716824529016,0.55));
#6016=CARTESIAN_POINT('',(0.819416746225404,0.715716824529016,0.59));
#6017=CARTESIAN_POINT('',(0.827007637156287,0.701667017630627,0.55));
#6018=CARTESIAN_POINT('',(0.827007637156287,0.701667017630627,0.59));
#6019=CARTESIAN_POINT('',(0.842189419018053,0.701667017630627,0.55));
#6020=CARTESIAN_POINT('',(0.842189419018053,0.701667017630627,0.59));
#6021=CARTESIAN_POINT('',(0.819416746225404,0.743816438325793,0.55));
#6022=CARTESIAN_POINT('',(0.819416897523874,0.743816438407137,0.55));
#6023=CARTESIAN_POINT('',(0.819416746225404,0.743816438325793,0.55));
#6024=CARTESIAN_POINT('',(0.819416746225404,0.701667017630627,0.55));
#6025=CARTESIAN_POINT('',(0.842189419018053,0.701667017630627,0.55));
#6026=CARTESIAN_POINT('',(0.973038288834074,0.74389903084713,0.55));
#6027=CARTESIAN_POINT('',(0.826608116580977,0.790360585349365,0.55));
#6028=CARTESIAN_POINT('',(0.826600296062584,0.79036311230102,0.55));
#6029=CARTESIAN_POINT('',(0.973038288834074,0.74389903084713,0.55));
#6030=CARTESIAN_POINT('',(1.34681888646676,0.62295445099575,0.55));
#6031=CARTESIAN_POINT('',(0.845003033964679,0.839394646224976,0.55));
#6032=CARTESIAN_POINT('',(0.845003033964679,0.839394646224976,0.55));
#6033=CARTESIAN_POINT('',(1.34681888646676,0.62295445099575,0.55));
#6034=CARTESIAN_POINT('',(0.810677233640506,0.853734536607854,0.55));
#6035=CARTESIAN_POINT('',(0.776425915197342,0.868043311561549,0.55));
#6036=CARTESIAN_POINT('',(0.776425915197342,0.868043311561549,0.55));
#6037=CARTESIAN_POINT('',(0.810677233640506,0.853734536607854,0.55));
#6038=CARTESIAN_POINT('',(1.03888312074011,0.74464396176493,0.55));
#6039=CARTESIAN_POINT('',(0.748901364683254,0.745414520627031,0.55));
#6040=CARTESIAN_POINT('',(0.748901364683254,0.745414520627031,0.55));
#6041=CARTESIAN_POINT('',(1.03888312074011,0.74464396176493,0.55));
#6042=CARTESIAN_POINT('',(0.77432086128733,0.64318719341968,0.55));
#6043=CARTESIAN_POINT('',(0.77432086128733,0.64318719341968,0.59));
#6044=CARTESIAN_POINT('',(0.757374530217946,0.667191721319533,0.55));
#6045=CARTESIAN_POINT('',(0.757374530217946,0.667191721319533,0.59));
#6046=CARTESIAN_POINT('',(0.748901364683254,0.701267497055317,0.55));
#6047=CARTESIAN_POINT('',(0.748901364683254,0.701267497055317,0.59));
#6048=CARTESIAN_POINT('',(0.748901364683254,0.745414520627031,0.55));
#6049=CARTESIAN_POINT('',(0.748901364683254,0.745414520627031,0.59));
#6050=CARTESIAN_POINT('',(0.77432086128733,0.64318719341968,0.55));
#6051=CARTESIAN_POINT('',(0.77432086128733,0.64318719341968,0.55));
#6052=CARTESIAN_POINT('',(0.77432086128733,0.64318719341968,0.55));
#6053=CARTESIAN_POINT('',(0.748901364683254,0.67919398526946,0.55));
#6054=CARTESIAN_POINT('',(0.748901364683254,0.745414520627031,0.55));
#6055=CARTESIAN_POINT('',(0.846284504914976,0.6071804015699,0.55));
#6056=CARTESIAN_POINT('',(0.846284504914976,0.6071804015699,0.59));
#6057=CARTESIAN_POINT('',(0.815255073565929,0.6071804015699,0.55));
#6058=CARTESIAN_POINT('',(0.815255073565929,0.6071804015699,0.59));
#6059=CARTESIAN_POINT('',(0.791267192356713,0.619182665519827,0.55));
#6060=CARTESIAN_POINT('',(0.791267192356713,0.619182665519827,0.59));
#6061=CARTESIAN_POINT('',(0.77432086128733,0.64318719341968,0.55));
#6062=CARTESIAN_POINT('',(0.77432086128733,0.64318719341968,0.59));
#6063=CARTESIAN_POINT('',(0.846284504914976,0.6071804015699,0.55));
#6064=CARTESIAN_POINT('',(0.846284504914976,0.6071804015699,0.55));
#6065=CARTESIAN_POINT('',(0.846284504914976,0.6071804015699,0.55));
#6066=CARTESIAN_POINT('',(0.799740357891405,0.6071804015699,0.55));
#6067=CARTESIAN_POINT('',(0.77432086128733,0.64318719341968,0.55));
#6068=CARTESIAN_POINT('',(0.891929730644102,0.615720153867143,0.55));
#6069=CARTESIAN_POINT('',(0.891929730644102,0.615720153867143,0.59));
#6070=CARTESIAN_POINT('',(0.879544592809503,0.610026985668981,0.55));
#6071=CARTESIAN_POINT('',(0.879544592809503,0.610026985668981,0.59));
#6072=CARTESIAN_POINT('',(0.864329517566461,0.6071804015699,0.55));
#6073=CARTESIAN_POINT('',(0.864329517566461,0.6071804015699,0.59));
#6074=CARTESIAN_POINT('',(0.846284504914976,0.6071804015699,0.55));
#6075=CARTESIAN_POINT('',(0.846284504914976,0.6071804015699,0.59));
#6076=CARTESIAN_POINT('',(0.891929730644102,0.615720153867143,0.55));
#6077=CARTESIAN_POINT('',(0.891929730644102,0.615720153867143,0.55));
#6078=CARTESIAN_POINT('',(0.891929730644102,0.615720153867143,0.55));
#6079=CARTESIAN_POINT('',(0.873352023892204,0.6071804015699,0.55));
#6080=CARTESIAN_POINT('',(0.846284504914976,0.6071804015699,0.55));
#6081=CARTESIAN_POINT('',(0.85378232542445,0.694552666721245,0.55));
#6082=CARTESIAN_POINT('',(0.924890178107146,0.64318719341968,0.55));
#6083=CARTESIAN_POINT('',(0.924890178107146,0.64318719341968,0.55));
#6084=CARTESIAN_POINT('',(0.85378232542445,0.694552666721245,0.55));
#6085=CARTESIAN_POINT('',(0.956152663125124,0.702366178637419,0.55));
#6086=CARTESIAN_POINT('',(0.956152663125124,0.702366178637419,0.59));
#6087=CARTESIAN_POINT('',(0.944899500253903,0.675531713329122,0.55));
#6088=CARTESIAN_POINT('',(0.944899500253903,0.675531713329122,0.59));
#6089=CARTESIAN_POINT('',(0.934478671914577,0.655805384923209,0.55));
#6090=CARTESIAN_POINT('',(0.934478671914577,0.655805384923209,0.59));
#6091=CARTESIAN_POINT('',(0.924890178107146,0.64318719341968,0.55));
#6092=CARTESIAN_POINT('',(0.924890178107146,0.64318719341968,0.59));
#6093=CARTESIAN_POINT('',(0.956152663125124,0.702366178637419,0.55));
#6094=CARTESIAN_POINT('',(0.956152663125124,0.702366178637419,0.55));
#6095=CARTESIAN_POINT('',(0.956152663125124,0.702366178637419,0.55));
#6096=CARTESIAN_POINT('',(0.939272918818292,0.662114480674974,0.55));
#6097=CARTESIAN_POINT('',(0.924890178107146,0.64318719341968,0.55));
#6098=CARTESIAN_POINT('',(1.5081924219485,0.476426450156404,0.55));
#6099=CARTESIAN_POINT('',(0.976827852897397,0.747262303287838,0.55));
#6100=CARTESIAN_POINT('',(0.976827852897397,0.747262303287838,0.55));
#6101=CARTESIAN_POINT('',(1.5081924219485,0.476426450156404,0.55));
#6102=CARTESIAN_POINT('',(0.992758735837869,0.770983837446847,0.55));
#6103=CARTESIAN_POINT('',(0.992758735837869,0.770983837446847,0.59));
#6104=CARTESIAN_POINT('',(0.988064369077981,0.766389350830786,0.55));
#6105=CARTESIAN_POINT('',(0.988064369077981,0.766389350830786,0.59));
#6106=CARTESIAN_POINT('',(0.98275407476449,0.758482172777783,0.55));
#6107=CARTESIAN_POINT('',(0.98275407476449,0.758482172777783,0.59));
#6108=CARTESIAN_POINT('',(0.976827852897397,0.747262303287838,0.55));
#6109=CARTESIAN_POINT('',(0.976827852897397,0.747262303287838,0.59));
#6110=CARTESIAN_POINT('',(0.992758735837869,0.770983837446847,0.55));
#6111=CARTESIAN_POINT('',(0.992758735837869,0.770983837446847,0.55));
#6112=CARTESIAN_POINT('',(0.992758735837869,0.770983837446847,0.55));
#6113=CARTESIAN_POINT('',(0.985717185698037,0.764092107522756,0.55));
#6114=CARTESIAN_POINT('',(0.976827852897397,0.747262303287838,0.55));
#6115=CARTESIAN_POINT('',(1.00993136512671,0.752758192249211,0.55));
#6116=CARTESIAN_POINT('',(1.0110867422302,0.777875567370939,0.55));
#6117=CARTESIAN_POINT('',(1.0110867422302,0.777875567370939,0.55));
#6118=CARTESIAN_POINT('',(1.00993136512671,0.752758192249211,0.55));
#6119=CARTESIAN_POINT('',(1.04105078537842,0.726037772724514,0.55));
#6120=CARTESIAN_POINT('',(1.04105078537842,0.726037772724514,0.59));
#6121=CARTESIAN_POINT('',(1.04105078537842,0.760596302488797,0.55));
#6122=CARTESIAN_POINT('',(1.04105078537842,0.760596302488797,0.59));
#6123=CARTESIAN_POINT('',(1.03106277099568,0.777875567370939,0.55));
#6124=CARTESIAN_POINT('',(1.03106277099568,0.777875567370939,0.59));
#6125=CARTESIAN_POINT('',(1.0110867422302,0.777875567370939,0.55));
#6126=CARTESIAN_POINT('',(1.0110867422302,0.777875567370939,0.59));
#6127=CARTESIAN_POINT('',(1.04105078537842,0.726037772724514,0.55));
#6128=CARTESIAN_POINT('',(1.04105078537842,0.726037772724514,0.55));
#6129=CARTESIAN_POINT('',(1.04105078537842,0.726037772724514,0.55));
#6130=CARTESIAN_POINT('',(1.04105078537842,0.777875567370939,0.55));
#6131=CARTESIAN_POINT('',(1.0110867422302,0.777875567370939,0.55));
#6132=CARTESIAN_POINT('',(0.796927326422006,0.732149149563939,0.55));
#6133=CARTESIAN_POINT('',(1.032610913225,0.667508008441654,0.55));
#6134=CARTESIAN_POINT('',(1.03256791816293,0.667519842243785,0.55));
#6135=CARTESIAN_POINT('',(0.796927326422006,0.732149149563939,0.55));
#6136=CARTESIAN_POINT('',(0.71068092570662,0.746305722271714,0.55));
#6137=CARTESIAN_POINT('',(1.01173206789437,0.607779682432864,0.55));
#6138=CARTESIAN_POINT('',(1.01173206789438,0.607779682432864,0.55));
#6139=CARTESIAN_POINT('',(0.71068092570662,0.746305722271714,0.55));
#6140=CARTESIAN_POINT('',(1.05098885968925,0.607779682432864,0.55));
#6141=CARTESIAN_POINT('',(1.090310462312,0.607779682432864,0.55));
#6142=CARTESIAN_POINT('',(1.090310462312,0.607779682432864,0.55));
#6143=CARTESIAN_POINT('',(1.05098885968925,0.607779682432864,0.55));
#6144=CARTESIAN_POINT('',(0.863082428621488,0.703679519420965,0.55));
#6145=CARTESIAN_POINT('',(1.1054734781471,0.65801939477805,0.55));
#6146=CARTESIAN_POINT('',(1.1054734781471,0.65801939477805,0.55));
#6147=CARTESIAN_POINT('',(0.863082428621488,0.703679519420965,0.55));
#6148=CARTESIAN_POINT('',(1.11066724562612,0.722941488265864,0.55));
#6149=CARTESIAN_POINT('',(1.11066724562612,0.722941488265864,0.59));
#6150=CARTESIAN_POINT('',(1.11066724562612,0.697571931733703,0.55));
#6151=CARTESIAN_POINT('',(1.11066724562612,0.697571931733703,0.59));
#6152=CARTESIAN_POINT('',(1.10893598979978,0.675931233904431,0.55));
#6153=CARTESIAN_POINT('',(1.10893598979978,0.675931233904431,0.59));
#6154=CARTESIAN_POINT('',(1.1054734781471,0.65801939477805,0.55));
#6155=CARTESIAN_POINT('',(1.1054734781471,0.65801939477805,0.59));
#6156=CARTESIAN_POINT('',(1.11066724562612,0.722941488265864,0.55));
#6157=CARTESIAN_POINT('',(1.11066724562612,0.722941488265864,0.55));
#6158=CARTESIAN_POINT('',(1.11066724562612,0.722941488265864,0.55));
#6159=CARTESIAN_POINT('',(1.11066724562612,0.684887153467622,0.55));
#6160=CARTESIAN_POINT('',(1.1054734781471,0.65801939477805,0.55));
#6161=CARTESIAN_POINT('',(1.08255098513871,0.834557548992992,0.55));
#6162=CARTESIAN_POINT('',(1.08255098513871,0.834557548992992,0.59));
#6163=CARTESIAN_POINT('',(1.10129515879698,0.809687393179968,0.55));
#6164=CARTESIAN_POINT('',(1.10129515879698,0.809687393179968,0.59));
#6165=CARTESIAN_POINT('',(1.11066724562612,0.772482039604258,0.55));
#6166=CARTESIAN_POINT('',(1.11066724562612,0.772482039604258,0.59));
#6167=CARTESIAN_POINT('',(1.11066724562612,0.722941488265864,0.55));
#6168=CARTESIAN_POINT('',(1.11066724562612,0.722941488265864,0.59));
#6169=CARTESIAN_POINT('',(1.08255098513871,0.834557548992992,0.55));
#6170=CARTESIAN_POINT('',(1.11066724562612,0.797252315273455,0.55));
#6171=CARTESIAN_POINT('',(1.11066724562612,0.722941488265864,0.55));
#6172=CARTESIAN_POINT('',(0.000508849642532824,0.647217314690352,0.55));
#6173=CARTESIAN_POINT('',(1.104374796565,1.59824112869735,0.55));
#6174=CARTESIAN_POINT('',(1.104374796565,1.64583401723111,0.55));
#6175=CARTESIAN_POINT('',(1.104374796565,1.64583401723111,0.55));
#6176=CARTESIAN_POINT('',(1.104374796565,1.59824112869735,0.55));
#6177=CARTESIAN_POINT('',(1.104374796565,1.55064824016359,0.55));
#6178=CARTESIAN_POINT('',(1.104374796565,1.55064824016359,0.55));
#6179=CARTESIAN_POINT('',(0.99061131274558,1.64583401723111,0.55));
#6180=CARTESIAN_POINT('',(0.876847828926163,1.64583401723111,0.55));
#6181=CARTESIAN_POINT('',(0.876847828926163,1.64583401723111,0.55));
#6182=CARTESIAN_POINT('',(0.99061131274558,1.64583401723111,0.55));
#6183=CARTESIAN_POINT('',(0.781811872074385,1.61432183185356,0.55));
#6184=CARTESIAN_POINT('',(0.781811872074385,1.61432183185356,0.59));
#6185=CARTESIAN_POINT('',(0.803752210335139,1.63532995543859,0.55));
#6186=CARTESIAN_POINT('',(0.803752210335139,1.63532995543859,0.59));
#6187=CARTESIAN_POINT('',(0.835430862619065,1.64583401723111,0.55));
#6188=CARTESIAN_POINT('',(0.835430862619065,1.64583401723111,0.59));
#6189=CARTESIAN_POINT('',(0.876847828926163,1.64583401723111,0.55));
#6190=CARTESIAN_POINT('',(0.876847828926163,1.64583401723111,0.59));
#6191=CARTESIAN_POINT('',(0.781811872074385,1.61432183185356,0.55));
#6192=CARTESIAN_POINT('',(0.781811872074385,1.61432183185356,0.55));
#6193=CARTESIAN_POINT('',(0.781811872074385,1.61432183185356,0.55));
#6194=CARTESIAN_POINT('',(0.814722379465516,1.64583401723111,0.55));
#6195=CARTESIAN_POINT('',(0.876847828926163,1.64583401723111,0.55));
#6196=CARTESIAN_POINT('',(0.748901364683255,1.5218827587413,0.55));
#6197=CARTESIAN_POINT('',(0.748901364683255,1.5218827587413,0.59));
#6198=CARTESIAN_POINT('',(0.748901364683255,1.56250068389777,0.55));
#6199=CARTESIAN_POINT('',(0.748901364683255,1.56250068389777,0.59));
#6200=CARTESIAN_POINT('',(0.759871533813632,1.59331370826853,0.55));
#6201=CARTESIAN_POINT('',(0.759871533813632,1.59331370826853,0.59));
#6202=CARTESIAN_POINT('',(0.781811872074385,1.61432183185356,0.55));
#6203=CARTESIAN_POINT('',(0.781811872074385,1.61432183185356,0.59));
#6204=CARTESIAN_POINT('',(0.748901364683255,1.5218827587413,0.55));
#6205=CARTESIAN_POINT('',(0.748901364683255,1.5218827587413,0.55));
#6206=CARTESIAN_POINT('',(0.748901364683255,1.5218827587413,0.55));
#6207=CARTESIAN_POINT('',(0.748901364683255,1.58280964647601,0.55));
#6208=CARTESIAN_POINT('',(0.781811872074385,1.61432183185356,0.55));
#6209=CARTESIAN_POINT('',(0.898537429185375,1.51889573724644,0.55));
#6210=CARTESIAN_POINT('',(0.761835843308904,1.45840892733898,0.55));
#6211=CARTESIAN_POINT('',(0.761813352345655,1.458399097815,0.55));
#6212=CARTESIAN_POINT('',(0.898537429185375,1.51889573724644,0.55));
#6213=CARTESIAN_POINT('',(0.853797901611431,1.49976906725689,0.55));
#6214=CARTESIAN_POINT('',(0.800039998322887,1.41450271889419,0.55));
#6215=CARTESIAN_POINT('',(0.800039998322887,1.41450271889419,0.55));
#6216=CARTESIAN_POINT('',(0.853797901611431,1.49976906725689,0.55));
#6217=CARTESIAN_POINT('',(0.800039998322887,1.4118647803154,0.55));
#6218=CARTESIAN_POINT('',(0.800039998322887,1.40921795650398,0.55));
#6219=CARTESIAN_POINT('',(0.800039998322887,1.40921795650398,0.55));
#6220=CARTESIAN_POINT('',(0.800039998322887,1.4118647803154,0.55));
#6221=CARTESIAN_POINT('',(0.777716786177461,1.40282562729902,0.55));
#6222=CARTESIAN_POINT('',(0.755393574032036,1.39643329809407,0.55));
#6223=CARTESIAN_POINT('',(0.755393574032036,1.39643329809407,0.55));
#6224=CARTESIAN_POINT('',(0.777716786177461,1.40282562729902,0.55));
#6225=CARTESIAN_POINT('',(0.755393574032036,1.36007692574089,0.55));
#6226=CARTESIAN_POINT('',(0.755393574032036,1.32372055338772,0.55));
#6227=CARTESIAN_POINT('',(0.755393574032036,1.32372055338772,0.55));
#6228=CARTESIAN_POINT('',(0.755393574032036,1.36007692574089,0.55));
#6229=CARTESIAN_POINT('',(0.929884185298516,1.32372055338772,0.55));
#6230=CARTESIAN_POINT('',(1.104374796565,1.32372055338772,0.55));
#6231=CARTESIAN_POINT('',(1.104374796565,1.32372055338772,0.55));
#6232=CARTESIAN_POINT('',(0.929884185298516,1.32372055338772,0.55));
#6233=CARTESIAN_POINT('',(1.104374796565,1.37131344192148,0.55));
#6234=CARTESIAN_POINT('',(1.104374796565,1.41890633045524,0.55));
#6235=CARTESIAN_POINT('',(1.104374796565,1.41890633045524,0.55));
#6236=CARTESIAN_POINT('',(1.104374796565,1.37131344192148,0.55));
#6237=CARTESIAN_POINT('',(1.02227331833887,1.41890633045524,0.55));
#6238=CARTESIAN_POINT('',(0.940171840112739,1.41890633045524,0.55));
#6239=CARTESIAN_POINT('',(0.940171840112739,1.41890633045524,0.55));
#6240=CARTESIAN_POINT('',(1.02227331833887,1.41890633045524,0.55));
#6241=CARTESIAN_POINT('',(0.851678032681656,1.43668499605652,0.55));
#6242=CARTESIAN_POINT('',(0.851678032681656,1.43668499605652,0.59));
#6243=CARTESIAN_POINT('',(0.869456698282934,1.42483255232233,0.55));
#6244=CARTESIAN_POINT('',(0.869456698282934,1.42483255232233,0.59));
#6245=CARTESIAN_POINT('',(0.898954634093295,1.41890633045524,0.55));
#6246=CARTESIAN_POINT('',(0.898954634093295,1.41890633045524,0.59));
#6247=CARTESIAN_POINT('',(0.940171840112739,1.41890633045524,0.55));
#6248=CARTESIAN_POINT('',(0.940171840112739,1.41890633045524,0.59));
#6249=CARTESIAN_POINT('',(0.851678032681656,1.43668499605652,0.55));
#6250=CARTESIAN_POINT('',(0.851678032681656,1.43668499605652,0.55));
#6251=CARTESIAN_POINT('',(0.851678032681656,1.43668499605652,0.55));
#6252=CARTESIAN_POINT('',(0.878346031083574,1.41890633045524,0.55));
#6253=CARTESIAN_POINT('',(0.940171840112739,1.41890633045524,0.55));
#6254=CARTESIAN_POINT('',(0.825010034279739,1.49441571918876,0.55));
#6255=CARTESIAN_POINT('',(0.825010034279739,1.49441571918876,0.59));
#6256=CARTESIAN_POINT('',(0.825010034279739,1.46778101416811,0.55));
#6257=CARTESIAN_POINT('',(0.825010034279739,1.46778101416811,0.59));
#6258=CARTESIAN_POINT('',(0.833899367080378,1.4485374397907,0.55));
#6259=CARTESIAN_POINT('',(0.833899367080378,1.4485374397907,0.59));
#6260=CARTESIAN_POINT('',(0.851678032681656,1.43668499605652,0.55));
#6261=CARTESIAN_POINT('',(0.851678032681656,1.43668499605652,0.59));
#6262=CARTESIAN_POINT('',(0.825010034279739,1.49441571918876,0.55));
#6263=CARTESIAN_POINT('',(0.825010034279739,1.49441571918876,0.55));
#6264=CARTESIAN_POINT('',(0.825010034279739,1.49441571918876,0.55));
#6265=CARTESIAN_POINT('',(0.825010034279739,1.45446366165779,0.55));
#6266=CARTESIAN_POINT('',(0.851678032681656,1.43668499605652,0.55));
#6267=CARTESIAN_POINT('',(0.843887381463119,1.5372143608188,0.55));
#6268=CARTESIAN_POINT('',(0.843887381463119,1.5372143608188,0.59));
#6269=CARTESIAN_POINT('',(0.831302483340866,1.52825844125561,0.55));
#6270=CARTESIAN_POINT('',(0.831302483340866,1.52825844125561,0.59));
#6271=CARTESIAN_POINT('',(0.825010034279739,1.51399222737893,0.55));
#6272=CARTESIAN_POINT('',(0.825010034279739,1.51399222737893,0.59));
#6273=CARTESIAN_POINT('',(0.825010034279739,1.49441571918876,0.55));
#6274=CARTESIAN_POINT('',(0.825010034279739,1.49441571918876,0.59));
#6275=CARTESIAN_POINT('',(0.843887381463119,1.5372143608188,0.55));
#6276=CARTESIAN_POINT('',(0.843887381463119,1.5372143608188,0.55));
#6277=CARTESIAN_POINT('',(0.843887381463119,1.5372143608188,0.55));
#6278=CARTESIAN_POINT('',(0.825010034279739,1.52378048147402,0.55));
#6279=CARTESIAN_POINT('',(0.825010034279739,1.49441571918876,0.55));
#6280=CARTESIAN_POINT('',(0.900519423013258,1.55064824016359,0.55));
#6281=CARTESIAN_POINT('',(0.900519423013258,1.55064824016359,0.59));
#6282=CARTESIAN_POINT('',(0.875349626768752,1.55064824016359,0.55));
#6283=CARTESIAN_POINT('',(0.875349626768752,1.55064824016359,0.59));
#6284=CARTESIAN_POINT('',(0.856472279585372,1.54617028038199,0.55));
#6285=CARTESIAN_POINT('',(0.856472279585372,1.54617028038199,0.59));
#6286=CARTESIAN_POINT('',(0.843887381463119,1.5372143608188,0.55));
#6287=CARTESIAN_POINT('',(0.843887381463119,1.5372143608188,0.59));
#6288=CARTESIAN_POINT('',(0.900519423013258,1.55064824016359,0.55));
#6289=CARTESIAN_POINT('',(0.900519423013258,1.55064824016359,0.55));
#6290=CARTESIAN_POINT('',(0.900519423013258,1.55064824016359,0.55));
#6291=CARTESIAN_POINT('',(0.862764728646499,1.55064824016359,0.55));
#6292=CARTESIAN_POINT('',(0.843887381463119,1.5372143608188,0.55));
#6293=CARTESIAN_POINT('',(1.00244710978913,1.55064824016359,0.55));
#6294=CARTESIAN_POINT('',(1.00244710978913,1.55064824016359,0.55));
#6295=CARTESIAN_POINT('',(0.000508849642532824,0.647217314690352,0.55));
#6296=CARTESIAN_POINT('',(1.11066724562612,1.10398423696742,0.55));
#6297=CARTESIAN_POINT('',(1.11066724562612,1.10398423696742,0.59));
#6298=CARTESIAN_POINT('',(1.11066724562612,1.04785159613642,0.55));
#6299=CARTESIAN_POINT('',(1.11066724562612,1.04785159613642,0.59));
#6300=CARTESIAN_POINT('',(1.0951525299516,1.00397091961491,0.55));
#6301=CARTESIAN_POINT('',(1.0951525299516,1.00397091961491,0.59));
#6302=CARTESIAN_POINT('',(1.06412309860255,0.9723422074029,0.55));
#6303=CARTESIAN_POINT('',(1.06412309860255,0.9723422074029,0.59));
#6304=CARTESIAN_POINT('',(1.11066724562612,1.10398423696742,0.55));
#6305=CARTESIAN_POINT('',(1.11066724562612,1.10398423696742,0.55));
#6306=CARTESIAN_POINT('',(1.11066724562612,1.10398423696742,0.55));
#6307=CARTESIAN_POINT('',(1.11066724562612,1.01978527572092,0.55));
#6308=CARTESIAN_POINT('',(1.06412309860255,0.9723422074029,0.55));
#6309=CARTESIAN_POINT('',(1.06412309860255,0.9723422074029,0.55));
#6310=CARTESIAN_POINT('',(1.06412309860255,0.9723422074029,0.55));
#6311=CARTESIAN_POINT('',(1.10457455685265,1.17330105678364,0.55));
#6312=CARTESIAN_POINT('',(1.10457455685265,1.17330105678364,0.59));
#6313=CARTESIAN_POINT('',(1.1086363493683,1.15439041621899,0.55));
#6314=CARTESIAN_POINT('',(1.1086363493683,1.15439041621899,0.59));
#6315=CARTESIAN_POINT('',(1.11066724562612,1.13128480961358,0.55));
#6316=CARTESIAN_POINT('',(1.11066724562612,1.13128480961358,0.59));
#6317=CARTESIAN_POINT('',(1.11066724562612,1.10398423696742,0.55));
#6318=CARTESIAN_POINT('',(1.11066724562612,1.10398423696742,0.59));
#6319=CARTESIAN_POINT('',(1.10457455685265,1.17330105678364,0.55));
#6320=CARTESIAN_POINT('',(1.10457455685265,1.17330105678364,0.55));
#6321=CARTESIAN_POINT('',(1.10457455685265,1.17330105678364,0.55));
#6322=CARTESIAN_POINT('',(1.11066724562612,1.14493509593666,0.55));
#6323=CARTESIAN_POINT('',(1.11066724562612,1.10398423696742,0.55));
#6324=CARTESIAN_POINT('',(0.885588884829816,1.12702771763667,0.55));
#6325=CARTESIAN_POINT('',(1.0860088416171,1.22663705358748,0.55));
#6326=CARTESIAN_POINT('',(1.0860088416171,1.22663705358748,0.55));
#6327=CARTESIAN_POINT('',(0.885588884829816,1.12702771763667,0.55));
#6328=CARTESIAN_POINT('',(1.04914107702844,1.22663705358748,0.55));
#6329=CARTESIAN_POINT('',(1.012236856827,1.22663705358748,0.55));
#6330=CARTESIAN_POINT('',(1.01228530395613,1.22663705358748,0.55));
#6331=CARTESIAN_POINT('',(1.04914107702844,1.22663705358748,0.55));
#6332=CARTESIAN_POINT('',(0.744560767565874,1.09758824224858,0.55));
#6333=CARTESIAN_POINT('',(1.03321019408797,1.16800740916079,0.55));
#6334=CARTESIAN_POINT('',(1.03323205782423,1.16801272267825,0.55));
#6335=CARTESIAN_POINT('',(0.744560767565874,1.09758824224858,0.55));
#6336=CARTESIAN_POINT('',(0.777480242680449,1.11001236444011,0.55));
#6337=CARTESIAN_POINT('',(1.03975234350866,1.10837896329583,0.55));
#6338=CARTESIAN_POINT('',(1.03975234350866,1.10837896329583,0.55));
#6339=CARTESIAN_POINT('',(0.777480242680449,1.11001236444011,0.55));
#6340=CARTESIAN_POINT('',(1.01697967071601,1.04535459254073,0.55));
#6341=CARTESIAN_POINT('',(1.01697967071601,1.04535459254073,0.59));
#6342=CARTESIAN_POINT('',(1.03216145257778,1.06033661411484,0.55));
#6343=CARTESIAN_POINT('',(1.03216145257778,1.06033661411484,0.59));
#6344=CARTESIAN_POINT('',(1.03975234350866,1.08134473769988,0.55));
#6345=CARTESIAN_POINT('',(1.03975234350866,1.08134473769988,0.59));
#6346=CARTESIAN_POINT('',(1.03975234350866,1.10837896329583,0.55));
#6347=CARTESIAN_POINT('',(1.03975234350866,1.10837896329583,0.59));
#6348=CARTESIAN_POINT('',(1.01697967071601,1.04535459254073,0.55));
#6349=CARTESIAN_POINT('',(1.01697967071601,1.04535459254073,0.55));
#6350=CARTESIAN_POINT('',(1.01697967071601,1.04535459254073,0.55));
#6351=CARTESIAN_POINT('',(1.03975234350866,1.0678276249019,0.55));
#6352=CARTESIAN_POINT('',(1.03975234350866,1.10837896329583,0.55));
#6353=CARTESIAN_POINT('',(0.953655659529439,1.02128347787833,0.55));
#6354=CARTESIAN_POINT('',(0.953655659529439,1.02128347787833,0.59));
#6355=CARTESIAN_POINT('',(0.98068988512539,1.02234886607916,0.55));
#6356=CARTESIAN_POINT('',(0.98068988512539,1.02234886607916,0.59));
#6357=CARTESIAN_POINT('',(1.00179788885425,1.03037257096662,0.55));
#6358=CARTESIAN_POINT('',(1.00179788885425,1.03037257096662,0.59));
#6359=CARTESIAN_POINT('',(1.01697967071601,1.04535459254073,0.55));
#6360=CARTESIAN_POINT('',(1.01697967071601,1.04535459254073,0.59));
#6361=CARTESIAN_POINT('',(0.953655659529439,1.02128347787833,0.55));
#6362=CARTESIAN_POINT('',(0.953655659529439,1.02128347787833,0.55));
#6363=CARTESIAN_POINT('',(0.953655659529439,1.02128347787833,0.55));
#6364=CARTESIAN_POINT('',(0.994206997923366,1.02288156017957,0.55));
#6365=CARTESIAN_POINT('',(1.01697967071601,1.04535459254073,0.55));
#6366=CARTESIAN_POINT('',(0.953655659529439,1.1337984598999,0.55));
#6367=CARTESIAN_POINT('',(0.953655659529439,1.24631344192148,0.55));
#6368=CARTESIAN_POINT('',(0.953655659529439,1.24631344192148,0.55));
#6369=CARTESIAN_POINT('',(0.953655659529439,1.1337984598999,0.55));
#6370=CARTESIAN_POINT('',(0.930533406233394,1.24631344192148,0.55));
#6371=CARTESIAN_POINT('',(0.907411152937349,1.24631344192148,0.55));
#6372=CARTESIAN_POINT('',(0.907411152937349,1.24631344192148,0.55));
#6373=CARTESIAN_POINT('',(0.930533406233394,1.24631344192148,0.55));
#6374=CARTESIAN_POINT('',(0.791000845306507,1.20511288259267,0.55));
#6375=CARTESIAN_POINT('',(0.791000845306507,1.20511288259267,0.59));
#6376=CARTESIAN_POINT('',(0.819067165722008,1.23257992214521,0.55));
#6377=CARTESIAN_POINT('',(0.819067165722008,1.23257992214521,0.59));
#6378=CARTESIAN_POINT('',(0.857870601598956,1.24631344192148,0.55));
#6379=CARTESIAN_POINT('',(0.857870601598956,1.24631344192148,0.59));
#6380=CARTESIAN_POINT('',(0.90741115293735,1.24631344192148,0.55));
#6381=CARTESIAN_POINT('',(0.90741115293735,1.24631344192148,0.59));
#6382=CARTESIAN_POINT('',(0.791000845306507,1.20511288259267,0.55));
#6383=CARTESIAN_POINT('',(0.791000845306507,1.20511288259267,0.55));
#6384=CARTESIAN_POINT('',(0.791000845306507,1.20511288259267,0.55));
#6385=CARTESIAN_POINT('',(0.833100325929759,1.24631344192148,0.55));
#6386=CARTESIAN_POINT('',(0.90741115293735,1.24631344192148,0.55));
#6387=CARTESIAN_POINT('',(0.748901364683254,1.09000101683159,0.55));
#6388=CARTESIAN_POINT('',(0.748901364683254,1.09000101683159,0.59));
#6389=CARTESIAN_POINT('',(0.748901364683255,1.13927522111977,0.55));
#6390=CARTESIAN_POINT('',(0.748901364683255,1.13927522111977,0.59));
#6391=CARTESIAN_POINT('',(0.762934524891006,1.17764584304013,0.55));
#6392=CARTESIAN_POINT('',(0.762934524891006,1.17764584304013,0.59));
#6393=CARTESIAN_POINT('',(0.791000845306507,1.20511288259267,0.55));
#6394=CARTESIAN_POINT('',(0.791000845306507,1.20511288259267,0.59));
#6395=CARTESIAN_POINT('',(0.748901364683254,1.09000101683159,0.55));
#6396=CARTESIAN_POINT('',(0.748901364683254,1.09000101683159,0.55));
#6397=CARTESIAN_POINT('',(0.748901364683254,1.09000101683159,0.55));
#6398=CARTESIAN_POINT('',(0.748901364683255,1.16391232326387,0.55));
#6399=CARTESIAN_POINT('',(0.791000845306507,1.20511288259267,0.55));
#6400=CARTESIAN_POINT('',(0.796793893648496,0.968746522225113,0.55));
#6401=CARTESIAN_POINT('',(0.796793893648496,0.968746522225113,0.59));
#6402=CARTESIAN_POINT('',(0.764865541005001,0.997978110985267,0.55));
#6403=CARTESIAN_POINT('',(0.764865541005001,0.997978110985267,0.59));
#6404=CARTESIAN_POINT('',(0.748901364683254,1.03839627585409,0.55));
#6405=CARTESIAN_POINT('',(0.748901364683254,1.03839627585409,0.59));
#6406=CARTESIAN_POINT('',(0.748901364683254,1.09000101683159,0.55));
#6407=CARTESIAN_POINT('',(0.748901364683254,1.09000101683159,0.59));
#6408=CARTESIAN_POINT('',(0.796793893648496,0.968746522225113,0.55));
#6409=CARTESIAN_POINT('',(0.796793893648496,0.968746522225113,0.55));
#6410=CARTESIAN_POINT('',(0.796793893648496,0.968746522225113,0.55));
#6411=CARTESIAN_POINT('',(0.748901364683254,1.01259390536534,0.55));
#6412=CARTESIAN_POINT('',(0.748901364683254,1.09000101683159,0.55));
#6413=CARTESIAN_POINT('',(0.932381188894201,0.924899139084882,0.55));
#6414=CARTESIAN_POINT('',(0.932381188894201,0.924899139084882,0.59));
#6415=CARTESIAN_POINT('',(0.873918011373892,0.924899139084882,0.55));
#6416=CARTESIAN_POINT('',(0.873918011373892,0.924899139084882,0.59));
#6417=CARTESIAN_POINT('',(0.828722246291991,0.939514933464959,0.55));
#6418=CARTESIAN_POINT('',(0.828722246291991,0.939514933464959,0.59));
#6419=CARTESIAN_POINT('',(0.796793893648496,0.968746522225113,0.55));
#6420=CARTESIAN_POINT('',(0.796793893648496,0.968746522225113,0.59));
#6421=CARTESIAN_POINT('',(0.932381188894201,0.924899139084882,0.55));
#6422=CARTESIAN_POINT('',(0.932381188894201,0.924899139084882,0.55));
#6423=CARTESIAN_POINT('',(0.932381188894201,0.924899139084882,0.55));
#6424=CARTESIAN_POINT('',(0.844686422613738,0.924899139084882,0.55));
#6425=CARTESIAN_POINT('',(0.796793893648496,0.968746522225113,0.55));
#6426=CARTESIAN_POINT('',(0.816620102198237,1.09060029769455,0.55));
#6427=CARTESIAN_POINT('',(0.816620102198237,1.09060029769455,0.59));
#6428=CARTESIAN_POINT('',(0.816620102198237,1.07042450864141,0.55));
#6429=CARTESIAN_POINT('',(0.816620102198237,1.07042450864141,0.59));
#6430=CARTESIAN_POINT('',(0.823012431403191,1.05461015253541,0.55));
#6431=CARTESIAN_POINT('',(0.823012431403191,1.05461015253541,0.59));
#6432=CARTESIAN_POINT('',(0.835797089813099,1.04315722937653,0.55));
#6433=CARTESIAN_POINT('',(0.835797089813099,1.04315722937653,0.59));
#6434=CARTESIAN_POINT('',(0.816620102198237,1.09060029769455,0.59));
#6435=CARTESIAN_POINT('',(0.816620102198237,1.06033661411485,0.59));
#6436=CARTESIAN_POINT('',(0.835797089813099,1.04315722937653,0.59));
#6437=CARTESIAN_POINT('',(0.816620102198237,1.09060029769455,0.59));
#6438=CARTESIAN_POINT('',(0.835797089813099,1.04315722937653,0.59));
#6439=CARTESIAN_POINT('',(0.816620102198237,1.09060029769455,0.55));
#6440=CARTESIAN_POINT('',(0.816620102198237,1.09060029769455,0.55));
#6441=CARTESIAN_POINT('',(0.816620102198237,1.09060029769455,0.55));
#6442=CARTESIAN_POINT('',(0.816620102198237,1.06033661411485,0.55));
#6443=CARTESIAN_POINT('',(0.835797089813099,1.04315722937653,0.55));
#6444=CARTESIAN_POINT('',(0.835797089813099,1.04315722937653,0.55));
#6445=CARTESIAN_POINT('',(0.835797089813099,1.04315722937653,0.55));
#6446=CARTESIAN_POINT('',(0.835797089813099,1.13864264687553,0.55));
#6447=CARTESIAN_POINT('',(0.835797089813099,1.13864264687553,0.59));
#6448=CARTESIAN_POINT('',(0.823012431403191,1.12679020314135,0.55));
#6449=CARTESIAN_POINT('',(0.823012431403191,1.12679020314135,0.59));
#6450=CARTESIAN_POINT('',(0.816620102198237,1.11077608674769,0.55));
#6451=CARTESIAN_POINT('',(0.816620102198237,1.11077608674769,0.59));
#6452=CARTESIAN_POINT('',(0.816620102198237,1.09060029769455,0.55));
#6453=CARTESIAN_POINT('',(0.816620102198237,1.09060029769455,0.59));
#6454=CARTESIAN_POINT('',(0.835797089813099,1.13864264687553,0.59));
#6455=CARTESIAN_POINT('',(0.816620102198237,1.12086398127425,0.59));
#6456=CARTESIAN_POINT('',(0.816620102198237,1.09060029769455,0.59));
#6457=CARTESIAN_POINT('',(0.835797089813099,1.13864264687553,0.59));
#6458=CARTESIAN_POINT('',(0.835797089813099,1.13864264687553,0.55));
#6459=CARTESIAN_POINT('',(0.835797089813099,1.13864264687553,0.55));
#6460=CARTESIAN_POINT('',(0.835797089813099,1.13864264687553,0.55));
#6461=CARTESIAN_POINT('',(0.816620102198237,1.12086398127425,0.55));
#6462=CARTESIAN_POINT('',(0.816620102198237,1.09060029769455,0.55));
#6463=CARTESIAN_POINT('',(0.890231768199036,1.1571204734836,0.55));
#6464=CARTESIAN_POINT('',(0.890231768199036,1.1571204734836,0.59));
#6465=CARTESIAN_POINT('',(0.866726641018319,1.15665436614574,0.55));
#6466=CARTESIAN_POINT('',(0.866726641018319,1.15665436614574,0.59));
#6467=CARTESIAN_POINT('',(0.848581748223007,1.15049509060972,0.55));
#6468=CARTESIAN_POINT('',(0.848581748223007,1.15049509060972,0.59));
#6469=CARTESIAN_POINT('',(0.835797089813099,1.13864264687553,0.55));
#6470=CARTESIAN_POINT('',(0.835797089813099,1.13864264687553,0.59));
#6471=CARTESIAN_POINT('',(0.890231768199036,1.1571204734836,0.59));
#6472=CARTESIAN_POINT('',(0.854974077427961,1.15642131247681,0.59));
#6473=CARTESIAN_POINT('',(0.835797089813099,1.13864264687553,0.59));
#6474=CARTESIAN_POINT('',(0.890231768199036,1.1571204734836,0.59));
#6475=CARTESIAN_POINT('',(0.890231768199036,1.1571204734836,0.55));
#6476=CARTESIAN_POINT('',(0.890231768199036,1.1571204734836,0.55));
#6477=CARTESIAN_POINT('',(0.890231768199036,1.1571204734836,0.55));
#6478=CARTESIAN_POINT('',(0.854974077427961,1.15642131247681,0.55));
#6479=CARTESIAN_POINT('',(0.835797089813099,1.13864264687553,0.55));
#6480=CARTESIAN_POINT('',(0.890231768199036,1.09030065726307,0.55));
#6481=CARTESIAN_POINT('',(0.890231768199036,1.09030065726307,0.59));
#6482=CARTESIAN_POINT('',(0.890231768199036,1.02348084104253,0.59));
#6483=CARTESIAN_POINT('',(0.890231768199036,1.02348084104253,0.55));
#6484=CARTESIAN_POINT('',(0.890231768199036,1.02348084104253,0.55));
#6485=CARTESIAN_POINT('',(0.890231768199036,1.09030065726307,0.55));
#6486=CARTESIAN_POINT('',(0.835797089813099,1.04315722937653,0.55));
#6487=CARTESIAN_POINT('',(0.835797089813099,1.04315722937653,0.59));
#6488=CARTESIAN_POINT('',(0.848581748223007,1.03170430621766,0.55));
#6489=CARTESIAN_POINT('',(0.848581748223007,1.03170430621766,0.59));
#6490=CARTESIAN_POINT('',(0.866726641018319,1.02514551010632,0.55));
#6491=CARTESIAN_POINT('',(0.866726641018319,1.02514551010632,0.59));
#6492=CARTESIAN_POINT('',(0.890231768199036,1.02348084104253,0.55));
#6493=CARTESIAN_POINT('',(0.890231768199036,1.02348084104253,0.59));
#6494=CARTESIAN_POINT('',(0.835797089813099,1.04315722937653,0.59));
#6495=CARTESIAN_POINT('',(0.854974077427961,1.02597784463822,0.59));
#6496=CARTESIAN_POINT('',(0.890231768199036,1.02348084104253,0.59));
#6497=CARTESIAN_POINT('',(0.835797089813099,1.04315722937653,0.55));
#6498=CARTESIAN_POINT('',(0.854974077427961,1.02597784463822,0.55));
#6499=CARTESIAN_POINT('',(0.890231768199036,1.02348084104253,0.55));
#6500=CARTESIAN_POINT('',(1.06412309860255,0.9723422074029,0.55));
#6501=CARTESIAN_POINT('',(1.06412309860255,0.9723422074029,0.59));
#6502=CARTESIAN_POINT('',(1.0330936672535,0.940713495190888,0.55));
#6503=CARTESIAN_POINT('',(1.0330936672535,0.940713495190888,0.59));
#6504=CARTESIAN_POINT('',(0.98917969735072,0.924899139084882,0.55));
#6505=CARTESIAN_POINT('',(0.98917969735072,0.924899139084882,0.59));
#6506=CARTESIAN_POINT('',(0.932381188894201,0.924899139084882,0.55));
#6507=CARTESIAN_POINT('',(0.932381188894201,0.924899139084882,0.59));
#6508=CARTESIAN_POINT('',(1.06412309860255,0.9723422074029,0.55));
#6509=CARTESIAN_POINT('',(1.01757895157898,0.924899139084882,0.55));
#6510=CARTESIAN_POINT('',(0.932381188894201,0.924899139084882,0.55));
#6511=CARTESIAN_POINT('',(0.000508849642532824,0.647217314690352,0.55));
#6512=CARTESIAN_POINT('',(0.000508849642532824,0.647217314690352,0.59));
#6513=CARTESIAN_POINT('',(1.11066724562612,0.213552754746088,0.55));
#6514=CARTESIAN_POINT('',(1.11066724562612,0.213552754746088,0.59));
#6515=CARTESIAN_POINT('',(1.11066724562612,0.157420113915085,0.55));
#6516=CARTESIAN_POINT('',(1.11066724562612,0.157420113915085,0.59));
#6517=CARTESIAN_POINT('',(1.0951525299516,0.113539437393578,0.55));
#6518=CARTESIAN_POINT('',(1.0951525299516,0.113539437393578,0.59));
#6519=CARTESIAN_POINT('',(1.06412309860255,0.0819107251815658,0.55));
#6520=CARTESIAN_POINT('',(1.06412309860255,0.0819107251815658,0.59));
#6521=CARTESIAN_POINT('',(1.11066724562612,0.213552754746088,0.55));
#6522=CARTESIAN_POINT('',(1.11066724562612,0.213552754746088,0.55));
#6523=CARTESIAN_POINT('',(1.11066724562612,0.213552754746088,0.55));
#6524=CARTESIAN_POINT('',(1.11066724562612,0.129353793499584,0.55));
#6525=CARTESIAN_POINT('',(1.06412309860255,0.0819107251815658,0.55));
#6526=CARTESIAN_POINT('',(1.06412309860255,0.0819107251815658,0.55));
#6527=CARTESIAN_POINT('',(1.06412309860255,0.0819107251815658,0.55));
#6528=CARTESIAN_POINT('',(1.10457455685265,0.282869574562309,0.55));
#6529=CARTESIAN_POINT('',(1.10457455685265,0.282869574562309,0.59));
#6530=CARTESIAN_POINT('',(1.1086363493683,0.263958933997653,0.55));
#6531=CARTESIAN_POINT('',(1.1086363493683,0.263958933997653,0.59));
#6532=CARTESIAN_POINT('',(1.11066724562612,0.240853327392246,0.55));
#6533=CARTESIAN_POINT('',(1.11066724562612,0.240853327392246,0.59));
#6534=CARTESIAN_POINT('',(1.11066724562612,0.213552754746088,0.55));
#6535=CARTESIAN_POINT('',(1.11066724562612,0.213552754746088,0.59));
#6536=CARTESIAN_POINT('',(1.10457455685265,0.282869574562309,0.55));
#6537=CARTESIAN_POINT('',(1.10457455685265,0.282869574562309,0.55));
#6538=CARTESIAN_POINT('',(1.10457455685265,0.282869574562309,0.55));
#6539=CARTESIAN_POINT('',(1.11066724562612,0.254503613715325,0.55));
#6540=CARTESIAN_POINT('',(1.11066724562612,0.213552754746088,0.55));
#6541=CARTESIAN_POINT('',(0.885588884829919,0.236596235415364,0.55));
#6542=CARTESIAN_POINT('',(1.0860088416171,0.336205571366144,0.55));
#6543=CARTESIAN_POINT('',(1.0860088416171,0.336205571366144,0.55));
#6544=CARTESIAN_POINT('',(0.885588884829919,0.236596235415364,0.55));
#6545=CARTESIAN_POINT('',(1.04914107702844,0.336205571366144,0.55));
#6546=CARTESIAN_POINT('',(1.012236856827,0.336205571366144,0.55));
#6547=CARTESIAN_POINT('',(1.01228530395613,0.336205571366144,0.55));
#6548=CARTESIAN_POINT('',(1.04914107702844,0.336205571366144,0.55));
#6549=CARTESIAN_POINT('',(0.744560767565684,0.207156760027195,0.55));
#6550=CARTESIAN_POINT('',(1.03321019408797,0.277575926939456,0.55));
#6551=CARTESIAN_POINT('',(1.03323205782423,0.277581240456915,0.55));
#6552=CARTESIAN_POINT('',(0.744560767565684,0.207156760027195,0.55));
#6553=CARTESIAN_POINT('',(0.777480242680427,0.219580882218771,0.55));
#6554=CARTESIAN_POINT('',(1.03975234350866,0.217947481074494,0.55));
#6555=CARTESIAN_POINT('',(1.03975234350866,0.217947481074494,0.55));
#6556=CARTESIAN_POINT('',(0.777480242680427,0.219580882218771,0.55));
#6557=CARTESIAN_POINT('',(1.01697967071601,0.1549231103194,0.55));
#6558=CARTESIAN_POINT('',(1.01697967071601,0.1549231103194,0.59));
#6559=CARTESIAN_POINT('',(1.03216145257778,0.169905131893511,0.55));
#6560=CARTESIAN_POINT('',(1.03216145257778,0.169905131893511,0.59));
#6561=CARTESIAN_POINT('',(1.03975234350866,0.190913255478543,0.55));
#6562=CARTESIAN_POINT('',(1.03975234350866,0.190913255478543,0.59));
#6563=CARTESIAN_POINT('',(1.03975234350866,0.217947481074494,0.55));
#6564=CARTESIAN_POINT('',(1.03975234350866,0.217947481074494,0.59));
#6565=CARTESIAN_POINT('',(1.01697967071601,0.1549231103194,0.55));
#6566=CARTESIAN_POINT('',(1.01697967071601,0.1549231103194,0.55));
#6567=CARTESIAN_POINT('',(1.01697967071601,0.1549231103194,0.55));
#6568=CARTESIAN_POINT('',(1.03975234350866,0.177396142680567,0.55));
#6569=CARTESIAN_POINT('',(1.03975234350866,0.217947481074494,0.55));
#6570=CARTESIAN_POINT('',(0.953655659529439,0.130851995656995,0.55));
#6571=CARTESIAN_POINT('',(0.953655659529439,0.130851995656995,0.59));
#6572=CARTESIAN_POINT('',(0.98068988512539,0.131917383857821,0.55));
#6573=CARTESIAN_POINT('',(0.98068988512539,0.131917383857821,0.59));
#6574=CARTESIAN_POINT('',(1.00179788885425,0.139941088745289,0.55));
#6575=CARTESIAN_POINT('',(1.00179788885425,0.139941088745289,0.59));
#6576=CARTESIAN_POINT('',(1.01697967071601,0.1549231103194,0.55));
#6577=CARTESIAN_POINT('',(1.01697967071601,0.1549231103194,0.59));
#6578=CARTESIAN_POINT('',(0.953655659529439,0.130851995656995,0.55));
#6579=CARTESIAN_POINT('',(0.953655659529439,0.130851995656995,0.55));
#6580=CARTESIAN_POINT('',(0.953655659529439,0.130851995656995,0.55));
#6581=CARTESIAN_POINT('',(0.994206997923366,0.132450077958234,0.55));
#6582=CARTESIAN_POINT('',(1.01697967071601,0.1549231103194,0.55));
#6583=CARTESIAN_POINT('',(0.953655659529439,0.243366977678569,0.55));
#6584=CARTESIAN_POINT('',(0.953655659529439,0.355881959700144,0.55));
#6585=CARTESIAN_POINT('',(0.953655659529439,0.355881959700144,0.55));
#6586=CARTESIAN_POINT('',(0.953655659529439,0.243366977678569,0.55));
#6587=CARTESIAN_POINT('',(0.930533406233394,0.355881959700144,0.55));
#6588=CARTESIAN_POINT('',(0.907411152937349,0.355881959700144,0.55));
#6589=CARTESIAN_POINT('',(0.907411152937349,0.355881959700144,0.55));
#6590=CARTESIAN_POINT('',(0.930533406233394,0.355881959700144,0.55));
#6591=CARTESIAN_POINT('',(0.791000845306506,0.314681400371338,0.55));
#6592=CARTESIAN_POINT('',(0.791000845306506,0.314681400371338,0.59));
#6593=CARTESIAN_POINT('',(0.819067165722008,0.342148439923875,0.55));
#6594=CARTESIAN_POINT('',(0.819067165722008,0.342148439923875,0.59));
#6595=CARTESIAN_POINT('',(0.857870601598956,0.355881959700144,0.55));
#6596=CARTESIAN_POINT('',(0.857870601598956,0.355881959700144,0.59));
#6597=CARTESIAN_POINT('',(0.90741115293735,0.355881959700144,0.55));
#6598=CARTESIAN_POINT('',(0.90741115293735,0.355881959700144,0.59));
#6599=CARTESIAN_POINT('',(0.791000845306506,0.314681400371338,0.55));
#6600=CARTESIAN_POINT('',(0.791000845306506,0.314681400371338,0.55));
#6601=CARTESIAN_POINT('',(0.791000845306506,0.314681400371338,0.55));
#6602=CARTESIAN_POINT('',(0.833100325929759,0.355881959700144,0.55));
#6603=CARTESIAN_POINT('',(0.90741115293735,0.355881959700144,0.55));
#6604=CARTESIAN_POINT('',(0.748901364683254,0.199569534610251,0.55));
#6605=CARTESIAN_POINT('',(0.748901364683254,0.199569534610251,0.59));
#6606=CARTESIAN_POINT('',(0.748901364683254,0.248843738898439,0.55));
#6607=CARTESIAN_POINT('',(0.748901364683254,0.248843738898439,0.59));
#6608=CARTESIAN_POINT('',(0.762934524891005,0.287214360818801,0.55));
#6609=CARTESIAN_POINT('',(0.762934524891005,0.287214360818801,0.59));
#6610=CARTESIAN_POINT('',(0.791000845306506,0.314681400371338,0.55));
#6611=CARTESIAN_POINT('',(0.791000845306506,0.314681400371338,0.59));
#6612=CARTESIAN_POINT('',(0.748901364683254,0.199569534610251,0.55));
#6613=CARTESIAN_POINT('',(0.748901364683254,0.199569534610251,0.55));
#6614=CARTESIAN_POINT('',(0.748901364683254,0.199569534610251,0.55));
#6615=CARTESIAN_POINT('',(0.748901364683254,0.273480841042533,0.55));
#6616=CARTESIAN_POINT('',(0.791000845306506,0.314681400371338,0.55));
#6617=CARTESIAN_POINT('',(0.796793893648496,0.0783150400037791,0.55));
#6618=CARTESIAN_POINT('',(0.796793893648496,0.0783150400037791,0.59));
#6619=CARTESIAN_POINT('',(0.764865541005001,0.107546628763934,0.55));
#6620=CARTESIAN_POINT('',(0.764865541005001,0.107546628763934,0.59));
#6621=CARTESIAN_POINT('',(0.748901364683254,0.147964793632758,0.55));
#6622=CARTESIAN_POINT('',(0.748901364683254,0.147964793632758,0.59));
#6623=CARTESIAN_POINT('',(0.748901364683254,0.199569534610251,0.55));
#6624=CARTESIAN_POINT('',(0.748901364683254,0.199569534610251,0.59));
#6625=CARTESIAN_POINT('',(0.796793893648496,0.0783150400037791,0.55));
#6626=CARTESIAN_POINT('',(0.796793893648496,0.0783150400037791,0.55));
#6627=CARTESIAN_POINT('',(0.796793893648496,0.0783150400037791,0.55));
#6628=CARTESIAN_POINT('',(0.748901364683254,0.122162423144011,0.55));
#6629=CARTESIAN_POINT('',(0.748901364683254,0.199569534610251,0.55));
#6630=CARTESIAN_POINT('',(0.932381188894201,0.0344676568635474,0.55));
#6631=CARTESIAN_POINT('',(0.932381188894201,0.0344676568635474,0.59));
#6632=CARTESIAN_POINT('',(0.873918011373892,0.0344676568635474,0.55));
#6633=CARTESIAN_POINT('',(0.873918011373892,0.0344676568635474,0.59));
#6634=CARTESIAN_POINT('',(0.828722246291991,0.0490834512436246,0.55));
#6635=CARTESIAN_POINT('',(0.828722246291991,0.0490834512436246,0.59));
#6636=CARTESIAN_POINT('',(0.796793893648496,0.0783150400037791,0.55));
#6637=CARTESIAN_POINT('',(0.796793893648496,0.0783150400037791,0.59));
#6638=CARTESIAN_POINT('',(0.932381188894201,0.0344676568635474,0.55));
#6639=CARTESIAN_POINT('',(0.932381188894201,0.0344676568635474,0.55));
#6640=CARTESIAN_POINT('',(0.932381188894201,0.0344676568635474,0.55));
#6641=CARTESIAN_POINT('',(0.844686422613738,0.0344676568635474,0.55));
#6642=CARTESIAN_POINT('',(0.796793893648496,0.0783150400037791,0.55));
#6643=CARTESIAN_POINT('',(0.816620102198236,0.200168815473215,0.55));
#6644=CARTESIAN_POINT('',(0.816620102198236,0.200168815473215,0.59));
#6645=CARTESIAN_POINT('',(0.816620102198236,0.179993026420079,0.55));
#6646=CARTESIAN_POINT('',(0.816620102198236,0.179993026420079,0.59));
#6647=CARTESIAN_POINT('',(0.82301243140319,0.164178670314073,0.55));
#6648=CARTESIAN_POINT('',(0.82301243140319,0.164178670314073,0.59));
#6649=CARTESIAN_POINT('',(0.835797089813099,0.152725747155197,0.55));
#6650=CARTESIAN_POINT('',(0.835797089813099,0.152725747155197,0.59));
#6651=CARTESIAN_POINT('',(0.816620102198236,0.200168815473215,0.59));
#6652=CARTESIAN_POINT('',(0.816620102198236,0.169905131893512,0.59));
#6653=CARTESIAN_POINT('',(0.835797089813099,0.152725747155197,0.59));
#6654=CARTESIAN_POINT('',(0.816620102198236,0.200168815473215,0.59));
#6655=CARTESIAN_POINT('',(0.835797089813099,0.152725747155197,0.59));
#6656=CARTESIAN_POINT('',(0.816620102198236,0.200168815473215,0.55));
#6657=CARTESIAN_POINT('',(0.816620102198236,0.200168815473215,0.55));
#6658=CARTESIAN_POINT('',(0.816620102198236,0.200168815473215,0.55));
#6659=CARTESIAN_POINT('',(0.816620102198236,0.169905131893512,0.55));
#6660=CARTESIAN_POINT('',(0.835797089813099,0.152725747155197,0.55));
#6661=CARTESIAN_POINT('',(0.835797089813099,0.152725747155197,0.55));
#6662=CARTESIAN_POINT('',(0.835797089813099,0.152725747155197,0.55));
#6663=CARTESIAN_POINT('',(0.835797089813099,0.248211164654198,0.55));
#6664=CARTESIAN_POINT('',(0.835797089813099,0.248211164654198,0.59));
#6665=CARTESIAN_POINT('',(0.823012431403191,0.236358720920013,0.55));
#6666=CARTESIAN_POINT('',(0.823012431403191,0.236358720920013,0.59));
#6667=CARTESIAN_POINT('',(0.816620102198237,0.220344604526352,0.55));
#6668=CARTESIAN_POINT('',(0.816620102198237,0.220344604526352,0.59));
#6669=CARTESIAN_POINT('',(0.816620102198236,0.200168815473215,0.55));
#6670=CARTESIAN_POINT('',(0.816620102198236,0.200168815473215,0.59));
#6671=CARTESIAN_POINT('',(0.835797089813099,0.248211164654198,0.59));
#6672=CARTESIAN_POINT('',(0.816620102198237,0.23043249905292,0.59));
#6673=CARTESIAN_POINT('',(0.816620102198236,0.200168815473215,0.59));
#6674=CARTESIAN_POINT('',(0.835797089813099,0.248211164654198,0.59));
#6675=CARTESIAN_POINT('',(0.835797089813099,0.248211164654198,0.55));
#6676=CARTESIAN_POINT('',(0.835797089813099,0.248211164654198,0.55));
#6677=CARTESIAN_POINT('',(0.835797089813099,0.248211164654198,0.55));
#6678=CARTESIAN_POINT('',(0.816620102198237,0.23043249905292,0.55));
#6679=CARTESIAN_POINT('',(0.816620102198236,0.200168815473215,0.55));
#6680=CARTESIAN_POINT('',(0.890231768199036,0.266688991262269,0.55));
#6681=CARTESIAN_POINT('',(0.890231768199036,0.266688991262269,0.59));
#6682=CARTESIAN_POINT('',(0.866726641018319,0.266222883924408,0.55));
#6683=CARTESIAN_POINT('',(0.866726641018319,0.266222883924408,0.59));
#6684=CARTESIAN_POINT('',(0.848581748223007,0.260063608388384,0.55));
#6685=CARTESIAN_POINT('',(0.848581748223007,0.260063608388384,0.59));
#6686=CARTESIAN_POINT('',(0.835797089813099,0.248211164654198,0.55));
#6687=CARTESIAN_POINT('',(0.835797089813099,0.248211164654198,0.59));
#6688=CARTESIAN_POINT('',(0.890231768199036,0.266688991262269,0.59));
#6689=CARTESIAN_POINT('',(0.854974077427961,0.265989830255477,0.59));
#6690=CARTESIAN_POINT('',(0.835797089813099,0.248211164654198,0.59));
#6691=CARTESIAN_POINT('',(0.890231768199036,0.266688991262269,0.59));
#6692=CARTESIAN_POINT('',(0.890231768199036,0.266688991262269,0.55));
#6693=CARTESIAN_POINT('',(0.890231768199036,0.266688991262269,0.55));
#6694=CARTESIAN_POINT('',(0.890231768199036,0.266688991262269,0.55));
#6695=CARTESIAN_POINT('',(0.854974077427961,0.265989830255477,0.55));
#6696=CARTESIAN_POINT('',(0.835797089813099,0.248211164654198,0.55));
#6697=CARTESIAN_POINT('',(0.890231768199036,0.199869175041733,0.55));
#6698=CARTESIAN_POINT('',(0.890231768199036,0.199869175041733,0.59));
#6699=CARTESIAN_POINT('',(0.890231768199036,0.133049358821198,0.59));
#6700=CARTESIAN_POINT('',(0.890231768199036,0.133049358821198,0.55));
#6701=CARTESIAN_POINT('',(0.890231768199036,0.133049358821198,0.55));
#6702=CARTESIAN_POINT('',(0.890231768199036,0.199869175041733,0.55));
#6703=CARTESIAN_POINT('',(0.835797089813099,0.152725747155197,0.55));
#6704=CARTESIAN_POINT('',(0.835797089813099,0.152725747155197,0.59));
#6705=CARTESIAN_POINT('',(0.848581748223007,0.141272823996321,0.55));
#6706=CARTESIAN_POINT('',(0.848581748223007,0.141272823996321,0.59));
#6707=CARTESIAN_POINT('',(0.866726641018319,0.134714027884988,0.55));
#6708=CARTESIAN_POINT('',(0.866726641018319,0.134714027884988,0.59));
#6709=CARTESIAN_POINT('',(0.890231768199036,0.133049358821198,0.55));
#6710=CARTESIAN_POINT('',(0.890231768199036,0.133049358821198,0.59));
#6711=CARTESIAN_POINT('',(0.835797089813099,0.152725747155197,0.59));
#6712=CARTESIAN_POINT('',(0.854974077427961,0.135546362416883,0.59));
#6713=CARTESIAN_POINT('',(0.890231768199036,0.133049358821198,0.59));
#6714=CARTESIAN_POINT('',(0.835797089813099,0.152725747155197,0.55));
#6715=CARTESIAN_POINT('',(0.854974077427961,0.135546362416883,0.55));
#6716=CARTESIAN_POINT('',(0.890231768199036,0.133049358821198,0.55));
#6717=CARTESIAN_POINT('',(1.06412309860255,0.0819107251815658,0.55));
#6718=CARTESIAN_POINT('',(1.06412309860255,0.0819107251815658,0.59));
#6719=CARTESIAN_POINT('',(1.0330936672535,0.0502820129695535,0.55));
#6720=CARTESIAN_POINT('',(1.0330936672535,0.0502820129695535,0.59));
#6721=CARTESIAN_POINT('',(0.98917969735072,0.0344676568635474,0.55));
#6722=CARTESIAN_POINT('',(0.98917969735072,0.0344676568635474,0.59));
#6723=CARTESIAN_POINT('',(0.932381188894201,0.0344676568635474,0.55));
#6724=CARTESIAN_POINT('',(0.932381188894201,0.0344676568635474,0.59));
#6725=CARTESIAN_POINT('',(1.06412309860255,0.0819107251815658,0.55));
#6726=CARTESIAN_POINT('',(1.01757895157898,0.0344676568635474,0.55));
#6727=CARTESIAN_POINT('',(0.932381188894201,0.0344676568635474,0.55));
#6728=CARTESIAN_POINT('',(0.000508849642532824,0.647217314690352,0.55));
#6729=CARTESIAN_POINT('',(0.000508849642532824,0.647217314690352,0.59));
#6730=CARTESIAN_POINT('',(1.11066724562612,-0.527757672740927,0.55));
#6731=CARTESIAN_POINT('',(1.11066724562612,-0.527757672740927,0.59));
#6732=CARTESIAN_POINT('',(1.11066724562612,-0.58389031357193,0.55));
#6733=CARTESIAN_POINT('',(1.11066724562612,-0.58389031357193,0.59));
#6734=CARTESIAN_POINT('',(1.0951525299516,-0.627770990093437,0.55));
#6735=CARTESIAN_POINT('',(1.0951525299516,-0.627770990093437,0.59));
#6736=CARTESIAN_POINT('',(1.06412309860255,-0.65939970230545,0.55));
#6737=CARTESIAN_POINT('',(1.06412309860255,-0.65939970230545,0.59));
#6738=CARTESIAN_POINT('',(1.11066724562612,-0.527757672740927,0.55));
#6739=CARTESIAN_POINT('',(1.11066724562612,-0.527757672740927,0.55));
#6740=CARTESIAN_POINT('',(1.11066724562612,-0.527757672740927,0.55));
#6741=CARTESIAN_POINT('',(1.11066724562612,-0.611956633987431,0.55));
#6742=CARTESIAN_POINT('',(1.06412309860255,-0.65939970230545,0.55));
#6743=CARTESIAN_POINT('',(1.06412309860255,-0.65939970230545,0.55));
#6744=CARTESIAN_POINT('',(1.06412309860255,-0.65939970230545,0.55));
#6745=CARTESIAN_POINT('',(1.10457455685265,-0.458440852924707,0.55));
#6746=CARTESIAN_POINT('',(1.10457455685265,-0.458440852924707,0.59));
#6747=CARTESIAN_POINT('',(1.1086363493683,-0.477351493489362,0.55));
#6748=CARTESIAN_POINT('',(1.1086363493683,-0.477351493489362,0.59));
#6749=CARTESIAN_POINT('',(1.11066724562612,-0.500457100094769,0.55));
#6750=CARTESIAN_POINT('',(1.11066724562612,-0.500457100094769,0.59));
#6751=CARTESIAN_POINT('',(1.11066724562612,-0.527757672740927,0.55));
#6752=CARTESIAN_POINT('',(1.11066724562612,-0.527757672740927,0.59));
#6753=CARTESIAN_POINT('',(1.10457455685265,-0.458440852924707,0.55));
#6754=CARTESIAN_POINT('',(1.10457455685265,-0.458440852924707,0.55));
#6755=CARTESIAN_POINT('',(1.10457455685265,-0.458440852924707,0.55));
#6756=CARTESIAN_POINT('',(1.11066724562612,-0.48680681377169,0.55));
#6757=CARTESIAN_POINT('',(1.11066724562612,-0.527757672740927,0.55));
#6758=CARTESIAN_POINT('',(0.88558888482991,-0.504714192071655,0.55));
#6759=CARTESIAN_POINT('',(1.0860088416171,-0.405104856120872,0.55));
#6760=CARTESIAN_POINT('',(1.0860088416171,-0.405104856120872,0.55));
#6761=CARTESIAN_POINT('',(0.88558888482991,-0.504714192071655,0.55));
#6762=CARTESIAN_POINT('',(1.04914107702844,-0.405104856120872,0.55));
#6763=CARTESIAN_POINT('',(1.012236856827,-0.405104856120872,0.55));
#6764=CARTESIAN_POINT('',(1.01228530395613,-0.405104856120872,0.55));
#6765=CARTESIAN_POINT('',(1.04914107702844,-0.405104856120872,0.55));
#6766=CARTESIAN_POINT('',(0.744560767565685,-0.534153667459821,0.55));
#6767=CARTESIAN_POINT('',(1.03321019408797,-0.463734500547559,0.55));
#6768=CARTESIAN_POINT('',(1.03323205782423,-0.463729187030101,0.55));
#6769=CARTESIAN_POINT('',(0.744560767565685,-0.534153667459821,0.55));
#6770=CARTESIAN_POINT('',(0.777480242680364,-0.521729545268255,0.55));
#6771=CARTESIAN_POINT('',(1.03975234350866,-0.523362946412521,0.55));
#6772=CARTESIAN_POINT('',(1.03975234350866,-0.523362946412521,0.55));
#6773=CARTESIAN_POINT('',(0.777480242680364,-0.521729545268255,0.55));
#6774=CARTESIAN_POINT('',(1.01697967071601,-0.586387317167615,0.55));
#6775=CARTESIAN_POINT('',(1.01697967071601,-0.586387317167615,0.59));
#6776=CARTESIAN_POINT('',(1.03216145257778,-0.571405295593504,0.55));
#6777=CARTESIAN_POINT('',(1.03216145257778,-0.571405295593504,0.59));
#6778=CARTESIAN_POINT('',(1.03975234350866,-0.550397172008473,0.55));
#6779=CARTESIAN_POINT('',(1.03975234350866,-0.550397172008473,0.59));
#6780=CARTESIAN_POINT('',(1.03975234350866,-0.523362946412521,0.55));
#6781=CARTESIAN_POINT('',(1.03975234350866,-0.523362946412521,0.59));
#6782=CARTESIAN_POINT('',(1.01697967071601,-0.586387317167615,0.55));
#6783=CARTESIAN_POINT('',(1.01697967071601,-0.586387317167615,0.55));
#6784=CARTESIAN_POINT('',(1.01697967071601,-0.586387317167615,0.55));
#6785=CARTESIAN_POINT('',(1.03975234350866,-0.563914284806449,0.55));
#6786=CARTESIAN_POINT('',(1.03975234350866,-0.523362946412521,0.55));
#6787=CARTESIAN_POINT('',(0.953655659529439,-0.61045843183002,0.55));
#6788=CARTESIAN_POINT('',(0.953655659529439,-0.61045843183002,0.59));
#6789=CARTESIAN_POINT('',(0.98068988512539,-0.609393043629195,0.55));
#6790=CARTESIAN_POINT('',(0.98068988512539,-0.609393043629195,0.59));
#6791=CARTESIAN_POINT('',(1.00179788885425,-0.601369338741726,0.55));
#6792=CARTESIAN_POINT('',(1.00179788885425,-0.601369338741726,0.59));
#6793=CARTESIAN_POINT('',(1.01697967071601,-0.586387317167615,0.55));
#6794=CARTESIAN_POINT('',(1.01697967071601,-0.586387317167615,0.59));
#6795=CARTESIAN_POINT('',(0.953655659529439,-0.61045843183002,0.55));
#6796=CARTESIAN_POINT('',(0.953655659529439,-0.61045843183002,0.55));
#6797=CARTESIAN_POINT('',(0.953655659529439,-0.61045843183002,0.55));
#6798=CARTESIAN_POINT('',(0.994206997923366,-0.608860349528782,0.55));
#6799=CARTESIAN_POINT('',(1.01697967071601,-0.586387317167615,0.55));
#6800=CARTESIAN_POINT('',(0.953655659529439,-0.497943449808446,0.55));
#6801=CARTESIAN_POINT('',(0.953655659529439,-0.385428467786872,0.55));
#6802=CARTESIAN_POINT('',(0.953655659529439,-0.385428467786872,0.55));
#6803=CARTESIAN_POINT('',(0.953655659529439,-0.497943449808446,0.55));
#6804=CARTESIAN_POINT('',(0.930533406233394,-0.385428467786872,0.55));
#6805=CARTESIAN_POINT('',(0.907411152937349,-0.385428467786872,0.55));
#6806=CARTESIAN_POINT('',(0.907411152937349,-0.385428467786872,0.55));
#6807=CARTESIAN_POINT('',(0.930533406233394,-0.385428467786872,0.55));
#6808=CARTESIAN_POINT('',(0.791000845306506,-0.426629027115677,0.55));
#6809=CARTESIAN_POINT('',(0.791000845306506,-0.426629027115677,0.59));
#6810=CARTESIAN_POINT('',(0.819067165722008,-0.399161987563141,0.55));
#6811=CARTESIAN_POINT('',(0.819067165722008,-0.399161987563141,0.59));
#6812=CARTESIAN_POINT('',(0.857870601598956,-0.385428467786872,0.55));
#6813=CARTESIAN_POINT('',(0.857870601598956,-0.385428467786872,0.59));
#6814=CARTESIAN_POINT('',(0.90741115293735,-0.385428467786872,0.55));
#6815=CARTESIAN_POINT('',(0.90741115293735,-0.385428467786872,0.59));
#6816=CARTESIAN_POINT('',(0.791000845306506,-0.426629027115677,0.55));
#6817=CARTESIAN_POINT('',(0.791000845306506,-0.426629027115677,0.55));
#6818=CARTESIAN_POINT('',(0.791000845306506,-0.426629027115677,0.55));
#6819=CARTESIAN_POINT('',(0.833100325929759,-0.385428467786872,0.55));
#6820=CARTESIAN_POINT('',(0.90741115293735,-0.385428467786872,0.55));
#6821=CARTESIAN_POINT('',(0.748901364683254,-0.541740892876764,0.55));
#6822=CARTESIAN_POINT('',(0.748901364683254,-0.541740892876764,0.59));
#6823=CARTESIAN_POINT('',(0.748901364683254,-0.492466688588577,0.55));
#6824=CARTESIAN_POINT('',(0.748901364683254,-0.492466688588577,0.59));
#6825=CARTESIAN_POINT('',(0.762934524891005,-0.454096066668214,0.55));
#6826=CARTESIAN_POINT('',(0.762934524891005,-0.454096066668214,0.59));
#6827=CARTESIAN_POINT('',(0.791000845306506,-0.426629027115677,0.55));
#6828=CARTESIAN_POINT('',(0.791000845306506,-0.426629027115677,0.59));
#6829=CARTESIAN_POINT('',(0.748901364683254,-0.541740892876764,0.55));
#6830=CARTESIAN_POINT('',(0.748901364683254,-0.541740892876764,0.55));
#6831=CARTESIAN_POINT('',(0.748901364683254,-0.541740892876764,0.55));
#6832=CARTESIAN_POINT('',(0.748901364683254,-0.467829586444483,0.55));
#6833=CARTESIAN_POINT('',(0.791000845306506,-0.426629027115677,0.55));
#6834=CARTESIAN_POINT('',(0.796793893648496,-0.662995387483237,0.55));
#6835=CARTESIAN_POINT('',(0.796793893648496,-0.662995387483237,0.59));
#6836=CARTESIAN_POINT('',(0.764865541005001,-0.633763798723082,0.55));
#6837=CARTESIAN_POINT('',(0.764865541005001,-0.633763798723082,0.59));
#6838=CARTESIAN_POINT('',(0.748901364683254,-0.593345633854258,0.55));
#6839=CARTESIAN_POINT('',(0.748901364683254,-0.593345633854258,0.59));
#6840=CARTESIAN_POINT('',(0.748901364683254,-0.541740892876764,0.55));
#6841=CARTESIAN_POINT('',(0.748901364683254,-0.541740892876764,0.59));
#6842=CARTESIAN_POINT('',(0.796793893648496,-0.662995387483237,0.55));
#6843=CARTESIAN_POINT('',(0.796793893648496,-0.662995387483237,0.55));
#6844=CARTESIAN_POINT('',(0.796793893648496,-0.662995387483237,0.55));
#6845=CARTESIAN_POINT('',(0.748901364683254,-0.619148004343005,0.55));
#6846=CARTESIAN_POINT('',(0.748901364683254,-0.541740892876764,0.55));
#6847=CARTESIAN_POINT('',(0.932381188894201,-0.706842770623468,0.55));
#6848=CARTESIAN_POINT('',(0.932381188894201,-0.706842770623468,0.59));
#6849=CARTESIAN_POINT('',(0.873918011373892,-0.706842770623468,0.55));
#6850=CARTESIAN_POINT('',(0.873918011373892,-0.706842770623468,0.59));
#6851=CARTESIAN_POINT('',(0.828722246291991,-0.692226976243391,0.55));
#6852=CARTESIAN_POINT('',(0.828722246291991,-0.692226976243391,0.59));
#6853=CARTESIAN_POINT('',(0.796793893648496,-0.662995387483237,0.55));
#6854=CARTESIAN_POINT('',(0.796793893648496,-0.662995387483237,0.59));
#6855=CARTESIAN_POINT('',(0.932381188894201,-0.706842770623468,0.55));
#6856=CARTESIAN_POINT('',(0.932381188894201,-0.706842770623468,0.55));
#6857=CARTESIAN_POINT('',(0.932381188894201,-0.706842770623468,0.55));
#6858=CARTESIAN_POINT('',(0.844686422613738,-0.706842770623468,0.55));
#6859=CARTESIAN_POINT('',(0.796793893648496,-0.662995387483237,0.55));
#6860=CARTESIAN_POINT('',(0.816620102198236,-0.5411416120138,0.55));
#6861=CARTESIAN_POINT('',(0.816620102198236,-0.5411416120138,0.59));
#6862=CARTESIAN_POINT('',(0.816620102198236,-0.561317401066936,0.55));
#6863=CARTESIAN_POINT('',(0.816620102198236,-0.561317401066936,0.59));
#6864=CARTESIAN_POINT('',(0.82301243140319,-0.577131757172942,0.55));
#6865=CARTESIAN_POINT('',(0.82301243140319,-0.577131757172942,0.59));
#6866=CARTESIAN_POINT('',(0.835797089813099,-0.588584680331818,0.55));
#6867=CARTESIAN_POINT('',(0.835797089813099,-0.588584680331818,0.59));
#6868=CARTESIAN_POINT('',(0.816620102198236,-0.5411416120138,0.59));
#6869=CARTESIAN_POINT('',(0.816620102198236,-0.571405295593504,0.59));
#6870=CARTESIAN_POINT('',(0.835797089813099,-0.588584680331818,0.59));
#6871=CARTESIAN_POINT('',(0.816620102198236,-0.5411416120138,0.59));
#6872=CARTESIAN_POINT('',(0.835797089813099,-0.588584680331818,0.59));
#6873=CARTESIAN_POINT('',(0.816620102198236,-0.5411416120138,0.55));
#6874=CARTESIAN_POINT('',(0.816620102198236,-0.5411416120138,0.55));
#6875=CARTESIAN_POINT('',(0.816620102198236,-0.5411416120138,0.55));
#6876=CARTESIAN_POINT('',(0.816620102198236,-0.571405295593504,0.55));
#6877=CARTESIAN_POINT('',(0.835797089813099,-0.588584680331818,0.55));
#6878=CARTESIAN_POINT('',(0.835797089813099,-0.588584680331818,0.55));
#6879=CARTESIAN_POINT('',(0.835797089813099,-0.588584680331818,0.55));
#6880=CARTESIAN_POINT('',(0.835797089813099,-0.493099262832817,0.55));
#6881=CARTESIAN_POINT('',(0.835797089813099,-0.493099262832817,0.59));
#6882=CARTESIAN_POINT('',(0.82301243140319,-0.504951706567002,0.55));
#6883=CARTESIAN_POINT('',(0.82301243140319,-0.504951706567002,0.59));
#6884=CARTESIAN_POINT('',(0.816620102198236,-0.520965822960663,0.55));
#6885=CARTESIAN_POINT('',(0.816620102198236,-0.520965822960663,0.59));
#6886=CARTESIAN_POINT('',(0.816620102198236,-0.5411416120138,0.55));
#6887=CARTESIAN_POINT('',(0.816620102198236,-0.5411416120138,0.59));
#6888=CARTESIAN_POINT('',(0.835797089813099,-0.493099262832817,0.59));
#6889=CARTESIAN_POINT('',(0.816620102198236,-0.510877928434095,0.59));
#6890=CARTESIAN_POINT('',(0.816620102198236,-0.5411416120138,0.59));
#6891=CARTESIAN_POINT('',(0.835797089813099,-0.493099262832817,0.59));
#6892=CARTESIAN_POINT('',(0.835797089813099,-0.493099262832817,0.55));
#6893=CARTESIAN_POINT('',(0.835797089813099,-0.493099262832817,0.55));
#6894=CARTESIAN_POINT('',(0.835797089813099,-0.493099262832817,0.55));
#6895=CARTESIAN_POINT('',(0.816620102198236,-0.510877928434095,0.55));
#6896=CARTESIAN_POINT('',(0.816620102198236,-0.5411416120138,0.55));
#6897=CARTESIAN_POINT('',(0.890231768199036,-0.474621436224747,0.55));
#6898=CARTESIAN_POINT('',(0.890231768199036,-0.474621436224747,0.59));
#6899=CARTESIAN_POINT('',(0.866726641018319,-0.475087543562608,0.55));
#6900=CARTESIAN_POINT('',(0.866726641018319,-0.475087543562608,0.59));
#6901=CARTESIAN_POINT('',(0.848581748223007,-0.481246819098632,0.55));
#6902=CARTESIAN_POINT('',(0.848581748223007,-0.481246819098632,0.59));
#6903=CARTESIAN_POINT('',(0.835797089813099,-0.493099262832817,0.55));
#6904=CARTESIAN_POINT('',(0.835797089813099,-0.493099262832817,0.59));
#6905=CARTESIAN_POINT('',(0.890231768199036,-0.474621436224747,0.59));
#6906=CARTESIAN_POINT('',(0.854974077427961,-0.475320597231539,0.59));
#6907=CARTESIAN_POINT('',(0.835797089813099,-0.493099262832817,0.59));
#6908=CARTESIAN_POINT('',(0.890231768199036,-0.474621436224747,0.59));
#6909=CARTESIAN_POINT('',(0.890231768199036,-0.474621436224747,0.55));
#6910=CARTESIAN_POINT('',(0.890231768199036,-0.474621436224747,0.55));
#6911=CARTESIAN_POINT('',(0.890231768199036,-0.474621436224747,0.55));
#6912=CARTESIAN_POINT('',(0.854974077427961,-0.475320597231539,0.55));
#6913=CARTESIAN_POINT('',(0.835797089813099,-0.493099262832817,0.55));
#6914=CARTESIAN_POINT('',(0.890231768199036,-0.541441252445282,0.55));
#6915=CARTESIAN_POINT('',(0.890231768199036,-0.541441252445282,0.59));
#6916=CARTESIAN_POINT('',(0.890231768199036,-0.608261068665817,0.59));
#6917=CARTESIAN_POINT('',(0.890231768199036,-0.608261068665817,0.55));
#6918=CARTESIAN_POINT('',(0.890231768199036,-0.608261068665817,0.55));
#6919=CARTESIAN_POINT('',(0.890231768199036,-0.541441252445282,0.55));
#6920=CARTESIAN_POINT('',(0.835797089813099,-0.588584680331818,0.55));
#6921=CARTESIAN_POINT('',(0.835797089813099,-0.588584680331818,0.59));
#6922=CARTESIAN_POINT('',(0.848581748223007,-0.600037603490694,0.55));
#6923=CARTESIAN_POINT('',(0.848581748223007,-0.600037603490694,0.59));
#6924=CARTESIAN_POINT('',(0.866726641018319,-0.606596399602027,0.55));
#6925=CARTESIAN_POINT('',(0.866726641018319,-0.606596399602027,0.59));
#6926=CARTESIAN_POINT('',(0.890231768199036,-0.608261068665817,0.55));
#6927=CARTESIAN_POINT('',(0.890231768199036,-0.608261068665817,0.59));
#6928=CARTESIAN_POINT('',(0.835797089813099,-0.588584680331818,0.59));
#6929=CARTESIAN_POINT('',(0.854974077427961,-0.605764065070132,0.59));
#6930=CARTESIAN_POINT('',(0.890231768199036,-0.608261068665817,0.59));
#6931=CARTESIAN_POINT('',(0.835797089813099,-0.588584680331818,0.55));
#6932=CARTESIAN_POINT('',(0.854974077427961,-0.605764065070132,0.55));
#6933=CARTESIAN_POINT('',(0.890231768199036,-0.608261068665817,0.55));
#6934=CARTESIAN_POINT('',(1.06412309860255,-0.65939970230545,0.55));
#6935=CARTESIAN_POINT('',(1.06412309860255,-0.65939970230545,0.59));
#6936=CARTESIAN_POINT('',(1.0330936672535,-0.691028414517462,0.55));
#6937=CARTESIAN_POINT('',(1.0330936672535,-0.691028414517462,0.59));
#6938=CARTESIAN_POINT('',(0.98917969735072,-0.706842770623468,0.55));
#6939=CARTESIAN_POINT('',(0.98917969735072,-0.706842770623468,0.59));
#6940=CARTESIAN_POINT('',(0.932381188894201,-0.706842770623468,0.55));
#6941=CARTESIAN_POINT('',(0.932381188894201,-0.706842770623468,0.59));
#6942=CARTESIAN_POINT('',(1.06412309860255,-0.65939970230545,0.55));
#6943=CARTESIAN_POINT('',(1.01757895157898,-0.706842770623468,0.55));
#6944=CARTESIAN_POINT('',(0.932381188894201,-0.706842770623468,0.55));
#6945=CARTESIAN_POINT('',(0.000508849642532824,0.647217314690352,0.55));
#6946=CARTESIAN_POINT('',(0.000508849642532824,0.647217314690352,0.59));
#6947=CARTESIAN_POINT('',(1.00069920727215,1.98732422897701,0.55));
#6948=CARTESIAN_POINT('',(1.00069920727215,1.98732422897701,0.59));
#6949=CARTESIAN_POINT('',(1.03652288552491,1.98732422897701,0.55));
#6950=CARTESIAN_POINT('',(1.03652288552491,1.98732422897701,0.59));
#6951=CARTESIAN_POINT('',(1.06380681148043,1.9748891510705,0.55));
#6952=CARTESIAN_POINT('',(1.06380681148043,1.9748891510705,0.59));
#6953=CARTESIAN_POINT('',(1.08255098513871,1.95001899525747,0.55));
#6954=CARTESIAN_POINT('',(1.08255098513871,1.95001899525747,0.59));
#6955=CARTESIAN_POINT('',(1.00069920727215,1.98732422897701,0.55));
#6956=CARTESIAN_POINT('',(1.00069920727215,1.98732422897701,0.55));
#6957=CARTESIAN_POINT('',(1.00069920727215,1.98732422897701,0.55));
#6958=CARTESIAN_POINT('',(1.05443472465129,1.98732422897701,0.55));
#6959=CARTESIAN_POINT('',(1.08255098513871,1.95001899525747,0.55));
#6960=CARTESIAN_POINT('',(1.08255098513871,1.95001899525747,0.55));
#6961=CARTESIAN_POINT('',(1.08255098513871,1.95001899525747,0.55));
#6962=CARTESIAN_POINT('',(0.956102723053211,1.97823513588872,0.55));
#6963=CARTESIAN_POINT('',(0.956102723053211,1.97823513588872,0.59));
#6964=CARTESIAN_POINT('',(0.968587741031636,1.98429453128091,0.55));
#6965=CARTESIAN_POINT('',(0.968587741031636,1.98429453128091,0.59));
#6966=CARTESIAN_POINT('',(0.983453235771282,1.98732422897701,0.55));
#6967=CARTESIAN_POINT('',(0.983453235771282,1.98732422897701,0.59));
#6968=CARTESIAN_POINT('',(1.00069920727215,1.98732422897701,0.55));
#6969=CARTESIAN_POINT('',(1.00069920727215,1.98732422897701,0.59));
#6970=CARTESIAN_POINT('',(0.956102723053211,1.97823513588872,0.55));
#6971=CARTESIAN_POINT('',(0.956102723053211,1.97823513588872,0.55));
#6972=CARTESIAN_POINT('',(0.956102723053211,1.97823513588872,0.55));
#6973=CARTESIAN_POINT('',(0.974830250020849,1.98732422897701,0.55));
#6974=CARTESIAN_POINT('',(1.00069920727215,1.98732422897701,0.55));
#6975=CARTESIAN_POINT('',(0.997495973844445,1.89647276332866,0.55));
#6976=CARTESIAN_POINT('',(0.923042395446339,1.9501188754013,0.55));
#6977=CARTESIAN_POINT('',(0.923042395446339,1.9501188754013,0.55));
#6978=CARTESIAN_POINT('',(0.997495973844445,1.89647276332866,0.55));
#6979=CARTESIAN_POINT('',(0.892129490931756,1.89024072917677,0.55));
#6980=CARTESIAN_POINT('',(0.892129490931756,1.89024072917677,0.59));
#6981=CARTESIAN_POINT('',(0.903182893515323,1.91747471506038,0.55));
#6982=CARTESIAN_POINT('',(0.903182893515323,1.91747471506038,0.59));
#6983=CARTESIAN_POINT('',(0.913487195020183,1.93743409713522,0.55));
#6984=CARTESIAN_POINT('',(0.913487195020183,1.93743409713522,0.59));
#6985=CARTESIAN_POINT('',(0.923042395446339,1.9501188754013,0.55));
#6986=CARTESIAN_POINT('',(0.923042395446339,1.9501188754013,0.59));
#6987=CARTESIAN_POINT('',(0.892129490931756,1.89024072917677,0.55));
#6988=CARTESIAN_POINT('',(0.892129490931756,1.89024072917677,0.55));
#6989=CARTESIAN_POINT('',(0.892129490931756,1.89024072917677,0.55));
#6990=CARTESIAN_POINT('',(0.908709594807106,1.93109170800218,0.55));
#6991=CARTESIAN_POINT('',(0.923042395446339,1.9501188754013,0.55));
#6992=CARTESIAN_POINT('',(0.864362810947737,1.83071216345563,0.55));
#6993=CARTESIAN_POINT('',(0.864362810947737,1.83071216345563,0.59));
#6994=CARTESIAN_POINT('',(0.870621966627588,1.83976796316265,0.55));
#6995=CARTESIAN_POINT('',(0.870621966627588,1.83976796316265,0.59));
#6996=CARTESIAN_POINT('',(0.879877526622261,1.85961081840303,0.55));
#6997=CARTESIAN_POINT('',(0.879877526622261,1.85961081840303,0.59));
#6998=CARTESIAN_POINT('',(0.892129490931756,1.89024072917677,0.55));
#6999=CARTESIAN_POINT('',(0.892129490931756,1.89024072917677,0.59));
#7000=CARTESIAN_POINT('',(0.864362810947737,1.83071216345563,0.55));
#7001=CARTESIAN_POINT('',(0.864362810947737,1.83071216345563,0.55));
#7002=CARTESIAN_POINT('',(0.864362810947737,1.83071216345563,0.55));
#7003=CARTESIAN_POINT('',(0.873751544467513,1.84429586301616,0.55));
#7004=CARTESIAN_POINT('',(0.892129490931756,1.89024072917677,0.55));
#7005=CARTESIAN_POINT('',(0.842189419018053,1.81712846389511,0.55));
#7006=CARTESIAN_POINT('',(0.842189419018053,1.81712846389511,0.59));
#7007=CARTESIAN_POINT('',(0.850712524624658,1.81712846389511,0.55));
#7008=CARTESIAN_POINT('',(0.850712524624658,1.81712846389511,0.59));
#7009=CARTESIAN_POINT('',(0.858103655267886,1.82165636374862,0.55));
#7010=CARTESIAN_POINT('',(0.858103655267886,1.82165636374862,0.59));
#7011=CARTESIAN_POINT('',(0.864362810947737,1.83071216345563,0.55));
#7012=CARTESIAN_POINT('',(0.864362810947737,1.83071216345563,0.59));
#7013=CARTESIAN_POINT('',(0.842189419018053,1.81712846389511,0.55));
#7014=CARTESIAN_POINT('',(0.842189419018053,1.81712846389511,0.55));
#7015=CARTESIAN_POINT('',(0.842189419018053,1.81712846389511,0.55));
#7016=CARTESIAN_POINT('',(0.854974077427961,1.81712846389511,0.55));
#7017=CARTESIAN_POINT('',(0.864362810947737,1.83071216345563,0.55));
#7018=CARTESIAN_POINT('',(0.819416746225404,1.85927788459028,0.55));
#7019=CARTESIAN_POINT('',(0.819416746225404,1.85927788459028,0.59));
#7020=CARTESIAN_POINT('',(0.819416746225404,1.8311782707935,0.55));
#7021=CARTESIAN_POINT('',(0.819416746225404,1.8311782707935,0.59));
#7022=CARTESIAN_POINT('',(0.827007637156287,1.81712846389511,0.55));
#7023=CARTESIAN_POINT('',(0.827007637156287,1.81712846389511,0.59));
#7024=CARTESIAN_POINT('',(0.842189419018053,1.81712846389511,0.55));
#7025=CARTESIAN_POINT('',(0.842189419018053,1.81712846389511,0.59));
#7026=CARTESIAN_POINT('',(0.819416746225404,1.85927788459028,0.55));
#7027=CARTESIAN_POINT('',(0.819416897523874,1.85927788467162,0.55));
#7028=CARTESIAN_POINT('',(0.819416746225404,1.85927788459028,0.55));
#7029=CARTESIAN_POINT('',(0.819416746225404,1.81712846389511,0.55));
#7030=CARTESIAN_POINT('',(0.842189419018053,1.81712846389511,0.55));
#7031=CARTESIAN_POINT('',(0.973038288834036,1.85936047711162,0.55));
#7032=CARTESIAN_POINT('',(0.826608116580977,1.90582203161385,0.55));
#7033=CARTESIAN_POINT('',(0.826600296062584,1.9058245585655,0.55));
#7034=CARTESIAN_POINT('',(0.973038288834036,1.85936047711162,0.55));
#7035=CARTESIAN_POINT('',(1.34681888646675,1.73841589726025,0.55));
#7036=CARTESIAN_POINT('',(0.845003033964677,1.95485609248946,0.55));
#7037=CARTESIAN_POINT('',(0.845003033964677,1.95485609248946,0.55));
#7038=CARTESIAN_POINT('',(1.34681888646675,1.73841589726025,0.55));
#7039=CARTESIAN_POINT('',(0.810677233640506,1.96919598287233,0.55));
#7040=CARTESIAN_POINT('',(0.776425915197342,1.98350475782603,0.55));
#7041=CARTESIAN_POINT('',(0.776425915197342,1.98350475782603,0.55));
#7042=CARTESIAN_POINT('',(0.810677233640506,1.96919598287233,0.55));
#7043=CARTESIAN_POINT('',(1.0388831207401,1.86010540802942,0.55));
#7044=CARTESIAN_POINT('',(0.748901364683255,1.86087596689152,0.55));
#7045=CARTESIAN_POINT('',(0.748901364683255,1.86087596689152,0.55));
#7046=CARTESIAN_POINT('',(1.0388831207401,1.86010540802942,0.55));
#7047=CARTESIAN_POINT('',(0.77432086128733,1.75864863968416,0.55));
#7048=CARTESIAN_POINT('',(0.77432086128733,1.75864863968416,0.59));
#7049=CARTESIAN_POINT('',(0.757374530217947,1.78265316758402,0.55));
#7050=CARTESIAN_POINT('',(0.757374530217947,1.78265316758402,0.59));
#7051=CARTESIAN_POINT('',(0.748901364683255,1.8167289433198,0.55));
#7052=CARTESIAN_POINT('',(0.748901364683255,1.8167289433198,0.59));
#7053=CARTESIAN_POINT('',(0.748901364683255,1.86087596689152,0.55));
#7054=CARTESIAN_POINT('',(0.748901364683255,1.86087596689152,0.59));
#7055=CARTESIAN_POINT('',(0.77432086128733,1.75864863968416,0.55));
#7056=CARTESIAN_POINT('',(0.77432086128733,1.75864863968416,0.55));
#7057=CARTESIAN_POINT('',(0.77432086128733,1.75864863968416,0.55));
#7058=CARTESIAN_POINT('',(0.748901364683255,1.79465543153395,0.55));
#7059=CARTESIAN_POINT('',(0.748901364683255,1.86087596689152,0.55));
#7060=CARTESIAN_POINT('',(0.846284504914976,1.72264184783438,0.55));
#7061=CARTESIAN_POINT('',(0.846284504914976,1.72264184783438,0.59));
#7062=CARTESIAN_POINT('',(0.815255073565929,1.72264184783438,0.55));
#7063=CARTESIAN_POINT('',(0.815255073565929,1.72264184783438,0.59));
#7064=CARTESIAN_POINT('',(0.791267192356713,1.73464411178431,0.55));
#7065=CARTESIAN_POINT('',(0.791267192356713,1.73464411178431,0.59));
#7066=CARTESIAN_POINT('',(0.77432086128733,1.75864863968416,0.55));
#7067=CARTESIAN_POINT('',(0.77432086128733,1.75864863968416,0.59));
#7068=CARTESIAN_POINT('',(0.846284504914976,1.72264184783438,0.55));
#7069=CARTESIAN_POINT('',(0.846284504914976,1.72264184783438,0.55));
#7070=CARTESIAN_POINT('',(0.846284504914976,1.72264184783438,0.55));
#7071=CARTESIAN_POINT('',(0.799740357891405,1.72264184783438,0.55));
#7072=CARTESIAN_POINT('',(0.77432086128733,1.75864863968416,0.55));
#7073=CARTESIAN_POINT('',(0.891929730644102,1.73118160013162,0.55));
#7074=CARTESIAN_POINT('',(0.891929730644102,1.73118160013162,0.59));
#7075=CARTESIAN_POINT('',(0.879544592809503,1.72548843193346,0.55));
#7076=CARTESIAN_POINT('',(0.879544592809503,1.72548843193346,0.59));
#7077=CARTESIAN_POINT('',(0.864329517566461,1.72264184783438,0.55));
#7078=CARTESIAN_POINT('',(0.864329517566461,1.72264184783438,0.59));
#7079=CARTESIAN_POINT('',(0.846284504914976,1.72264184783438,0.55));
#7080=CARTESIAN_POINT('',(0.846284504914976,1.72264184783438,0.59));
#7081=CARTESIAN_POINT('',(0.891929730644102,1.73118160013162,0.55));
#7082=CARTESIAN_POINT('',(0.891929730644102,1.73118160013162,0.55));
#7083=CARTESIAN_POINT('',(0.891929730644102,1.73118160013162,0.55));
#7084=CARTESIAN_POINT('',(0.873352023892204,1.72264184783438,0.55));
#7085=CARTESIAN_POINT('',(0.846284504914976,1.72264184783438,0.55));
#7086=CARTESIAN_POINT('',(0.853782325426094,1.81001411298375,0.55));
#7087=CARTESIAN_POINT('',(0.924890178107146,1.75864863968416,0.55));
#7088=CARTESIAN_POINT('',(0.924890178107146,1.75864863968416,0.55));
#7089=CARTESIAN_POINT('',(0.853782325426094,1.81001411298375,0.55));
#7090=CARTESIAN_POINT('',(0.956152663125124,1.8178276249019,0.55));
#7091=CARTESIAN_POINT('',(0.956152663125124,1.8178276249019,0.59));
#7092=CARTESIAN_POINT('',(0.944899500253903,1.7909931595936,0.55));
#7093=CARTESIAN_POINT('',(0.944899500253903,1.7909931595936,0.59));
#7094=CARTESIAN_POINT('',(0.934478671914577,1.77126683118769,0.55));
#7095=CARTESIAN_POINT('',(0.934478671914577,1.77126683118769,0.59));
#7096=CARTESIAN_POINT('',(0.924890178107146,1.75864863968416,0.55));
#7097=CARTESIAN_POINT('',(0.924890178107146,1.75864863968416,0.59));
#7098=CARTESIAN_POINT('',(0.956152663125124,1.8178276249019,0.55));
#7099=CARTESIAN_POINT('',(0.956152663125124,1.8178276249019,0.55));
#7100=CARTESIAN_POINT('',(0.956152663125124,1.8178276249019,0.55));
#7101=CARTESIAN_POINT('',(0.939272918818292,1.77757592693946,0.55));
#7102=CARTESIAN_POINT('',(0.924890178107146,1.75864863968416,0.55));
#7103=CARTESIAN_POINT('',(1.5081924219468,1.59188789642167,0.55));
#7104=CARTESIAN_POINT('',(0.976827852897398,1.86272374955232,0.55));
#7105=CARTESIAN_POINT('',(0.976827852897398,1.86272374955232,0.55));
#7106=CARTESIAN_POINT('',(1.5081924219468,1.59188789642167,0.55));
#7107=CARTESIAN_POINT('',(0.992758735837869,1.88644528371133,0.55));
#7108=CARTESIAN_POINT('',(0.992758735837869,1.88644528371133,0.59));
#7109=CARTESIAN_POINT('',(0.988064369077981,1.88185079709527,0.55));
#7110=CARTESIAN_POINT('',(0.988064369077981,1.88185079709527,0.59));
#7111=CARTESIAN_POINT('',(0.982754074764491,1.87394361904227,0.55));
#7112=CARTESIAN_POINT('',(0.982754074764491,1.87394361904227,0.59));
#7113=CARTESIAN_POINT('',(0.976827852897398,1.86272374955232,0.55));
#7114=CARTESIAN_POINT('',(0.976827852897398,1.86272374955232,0.59));
#7115=CARTESIAN_POINT('',(0.992758735837869,1.88644528371133,0.55));
#7116=CARTESIAN_POINT('',(0.992758735837869,1.88644528371133,0.55));
#7117=CARTESIAN_POINT('',(0.992758735837869,1.88644528371133,0.55));
#7118=CARTESIAN_POINT('',(0.985717185698037,1.87955355378724,0.55));
#7119=CARTESIAN_POINT('',(0.976827852897398,1.86272374955232,0.55));
#7120=CARTESIAN_POINT('',(1.0099313651263,1.86821963851361,0.55));
#7121=CARTESIAN_POINT('',(1.0110867422302,1.89333701363542,0.55));
#7122=CARTESIAN_POINT('',(1.0110867422302,1.89333701363542,0.55));
#7123=CARTESIAN_POINT('',(1.0099313651263,1.86821963851361,0.55));
#7124=CARTESIAN_POINT('',(1.04105078537842,1.84149921898899,0.55));
#7125=CARTESIAN_POINT('',(1.04105078537842,1.84149921898899,0.59));
#7126=CARTESIAN_POINT('',(1.04105078537842,1.87605774875328,0.55));
#7127=CARTESIAN_POINT('',(1.04105078537842,1.87605774875328,0.59));
#7128=CARTESIAN_POINT('',(1.03106277099568,1.89333701363542,0.55));
#7129=CARTESIAN_POINT('',(1.03106277099568,1.89333701363542,0.59));
#7130=CARTESIAN_POINT('',(1.0110867422302,1.89333701363542,0.55));
#7131=CARTESIAN_POINT('',(1.0110867422302,1.89333701363542,0.59));
#7132=CARTESIAN_POINT('',(1.04105078537842,1.84149921898899,0.55));
#7133=CARTESIAN_POINT('',(1.04105078537842,1.84149921898899,0.55));
#7134=CARTESIAN_POINT('',(1.04105078537842,1.84149921898899,0.55));
#7135=CARTESIAN_POINT('',(1.04105078537842,1.89333701363542,0.55));
#7136=CARTESIAN_POINT('',(1.0110867422302,1.89333701363542,0.55));
#7137=CARTESIAN_POINT('',(0.796927326421968,1.84761059582843,0.55));
#7138=CARTESIAN_POINT('',(1.032610913225,1.78296945470614,0.55));
#7139=CARTESIAN_POINT('',(1.03256791816293,1.78298128850827,0.55));
#7140=CARTESIAN_POINT('',(0.796927326421968,1.84761059582843,0.55));
#7141=CARTESIAN_POINT('',(0.71068092570654,1.86176716853622,0.55));
#7142=CARTESIAN_POINT('',(1.01173206789437,1.72324112869734,0.55));
#7143=CARTESIAN_POINT('',(1.01173206789438,1.72324112869734,0.55));
#7144=CARTESIAN_POINT('',(0.71068092570654,1.86176716853622,0.55));
#7145=CARTESIAN_POINT('',(1.05098885968925,1.72324112869734,0.55));
#7146=CARTESIAN_POINT('',(1.090310462312,1.72324112869734,0.55));
#7147=CARTESIAN_POINT('',(1.090310462312,1.72324112869734,0.55));
#7148=CARTESIAN_POINT('',(1.05098885968925,1.72324112869734,0.55));
#7149=CARTESIAN_POINT('',(0.863082428621454,1.81914096568546,0.55));
#7150=CARTESIAN_POINT('',(1.1054734781471,1.77348084104253,0.55));
#7151=CARTESIAN_POINT('',(1.1054734781471,1.77348084104253,0.55));
#7152=CARTESIAN_POINT('',(0.863082428621454,1.81914096568546,0.55));
#7153=CARTESIAN_POINT('',(1.11066724562612,1.83840293453034,0.55));
#7154=CARTESIAN_POINT('',(1.11066724562612,1.83840293453034,0.59));
#7155=CARTESIAN_POINT('',(1.11066724562612,1.81303337799818,0.55));
#7156=CARTESIAN_POINT('',(1.11066724562612,1.81303337799818,0.59));
#7157=CARTESIAN_POINT('',(1.10893598979978,1.79139268016891,0.55));
#7158=CARTESIAN_POINT('',(1.10893598979978,1.79139268016891,0.59));
#7159=CARTESIAN_POINT('',(1.1054734781471,1.77348084104253,0.55));
#7160=CARTESIAN_POINT('',(1.1054734781471,1.77348084104253,0.59));
#7161=CARTESIAN_POINT('',(1.11066724562612,1.83840293453034,0.55));
#7162=CARTESIAN_POINT('',(1.11066724562612,1.83840293453034,0.55));
#7163=CARTESIAN_POINT('',(1.11066724562612,1.83840293453034,0.55));
#7164=CARTESIAN_POINT('',(1.11066724562612,1.8003485997321,0.55));
#7165=CARTESIAN_POINT('',(1.1054734781471,1.77348084104253,0.55));
#7166=CARTESIAN_POINT('',(1.08255098513871,1.95001899525747,0.55));
#7167=CARTESIAN_POINT('',(1.08255098513871,1.95001899525747,0.59));
#7168=CARTESIAN_POINT('',(1.10129515879698,1.92514883944445,0.55));
#7169=CARTESIAN_POINT('',(1.10129515879698,1.92514883944445,0.59));
#7170=CARTESIAN_POINT('',(1.11066724562612,1.88794348586874,0.55));
#7171=CARTESIAN_POINT('',(1.11066724562612,1.88794348586874,0.59));
#7172=CARTESIAN_POINT('',(1.11066724562612,1.83840293453034,0.55));
#7173=CARTESIAN_POINT('',(1.11066724562612,1.83840293453034,0.59));
#7174=CARTESIAN_POINT('',(1.08255098513871,1.95001899525747,0.55));
#7175=CARTESIAN_POINT('',(1.11066724562612,1.91271376153794,0.55));
#7176=CARTESIAN_POINT('',(1.11066724562612,1.83840293453034,0.55));
#7177=CARTESIAN_POINT('',(0.000508849642532824,0.647217314690352,0.55));
#7178=CARTESIAN_POINT('',(0.876198607991285,-1.03934376942491,0.55));
#7179=CARTESIAN_POINT('',(1.104374796565,-1.03934376942491,0.55));
#7180=CARTESIAN_POINT('',(1.104374796565,-1.03934376942491,0.55));
#7181=CARTESIAN_POINT('',(0.876198607991285,-1.03934376942491,0.55));
#7182=CARTESIAN_POINT('',(0.648022419417573,-1.03934376942491,0.55));
#7183=CARTESIAN_POINT('',(0.648022419417573,-1.03934376942491,0.55));
#7184=CARTESIAN_POINT('',(1.104374796565,-0.898412886484435,0.55));
#7185=CARTESIAN_POINT('',(1.104374796565,-0.757482003543964,0.55));
#7186=CARTESIAN_POINT('',(1.104374796565,-0.757482003543964,0.55));
#7187=CARTESIAN_POINT('',(1.104374796565,-0.898412886484435,0.55));
#7188=CARTESIAN_POINT('',(1.06442273903403,-0.757482003543964,0.55));
#7189=CARTESIAN_POINT('',(1.02447068150307,-0.757482003543964,0.55));
#7190=CARTESIAN_POINT('',(1.02447068150307,-0.757482003543964,0.55));
#7191=CARTESIAN_POINT('',(1.06442273903403,-0.757482003543964,0.55));
#7192=CARTESIAN_POINT('',(1.02447068150307,-0.850020956800056,0.55));
#7193=CARTESIAN_POINT('',(1.02447068150307,-0.942559910056149,0.55));
#7194=CARTESIAN_POINT('',(1.02447068150307,-0.942559910056149,0.55));
#7195=CARTESIAN_POINT('',(1.02447068150307,-0.850020956800056,0.55));
#7196=CARTESIAN_POINT('',(0.836246550460322,-0.942559910056149,0.55));
#7197=CARTESIAN_POINT('',(0.648022419417573,-0.942559910056149,0.55));
#7198=CARTESIAN_POINT('',(0.648022419417573,-0.942559910056149,0.55));
#7199=CARTESIAN_POINT('',(0.836246550460322,-0.942559910056149,0.55));
#7200=CARTESIAN_POINT('',(0.648022419417573,-0.990951839740528,0.55));
#7201=CARTESIAN_POINT('',(0.648022419417573,-0.990951839740528,0.55));
#7202=CARTESIAN_POINT('',(0.000508849642532824,0.647217314690352,0.55));
#7203=MECHANICAL_DESIGN_GEOMETRIC_PRESENTATION_REPRESENTATION('',(#4022),
#7204);
#7204=(
GEOMETRIC_REPRESENTATION_CONTEXT(3)
GLOBAL_UNCERTAINTY_ASSIGNED_CONTEXT((#7205))
GLOBAL_UNIT_ASSIGNED_CONTEXT((#7208,#7207,#7206))
REPRESENTATION_CONTEXT('Bottom cover','TOP_LEVEL_ASSEMBLY_PART')
);
#7205=UNCERTAINTY_MEASURE_WITH_UNIT(LENGTH_MEASURE(0.002),#7208,
'DISTANCE_ACCURACY_VALUE','Maximum Tolerance applied to model');
#7206=(
NAMED_UNIT(*)
SI_UNIT($,.STERADIAN.)
SOLID_ANGLE_UNIT()
);
#7207=(
NAMED_UNIT(*)
PLANE_ANGLE_UNIT()
SI_UNIT($,.RADIAN.)
);
#7208=(
LENGTH_UNIT()
NAMED_UNIT(*)
SI_UNIT(.CENTI.,.METRE.)
);
#7209=PRODUCT_DEFINITION_SHAPE('','',#7210);
#7210=PRODUCT_DEFINITION('','',#7212,#7211);
#7211=PRODUCT_DEFINITION_CONTEXT('',#7218,'design');
#7212=PRODUCT_DEFINITION_FORMATION_WITH_SPECIFIED_SOURCE('','',#7214,
 .NOT_KNOWN.);
#7213=PRODUCT_RELATED_PRODUCT_CATEGORY('','',(#7214));
#7214=PRODUCT('Bottom cover','Bottom cover','Bottom cover',(#7216));
#7215=PRODUCT_CATEGORY('','');
#7216=PRODUCT_CONTEXT('',#7218,'mechanical');
#7217=APPLICATION_PROTOCOL_DEFINITION('international standard',
'ap242_managed_model_based_3d_engineering',2020,#7218);
#7218=APPLICATION_CONTEXT('managed model based 3d engineering');
ENDSEC;
END-ISO-10303-21;
